time_identifier,time_period,geographic_level,country_code,country_name,region_code,region_name,la_code,la_name,education_phases,headcount,suspensions,exclusions,susp_rate,excl_rate
Autumn Term,201819,Local Authority,E92000001,England,E12000001,North East,E06000001,Hartlepool,Primary,30000,934,15,0.031133333333333332,0.0005
Autumn Term,201819,Local Authority,E92000001,England,E12000001,North East,E06000001,Hartlepool,Secondary,30000,1000,15,0.03333333333333333,0.0005
Autumn Term,201819,Local Authority,E92000001,England,E12000001,North East,E06000001,Hartlepool,Special,30000,693,14,0.0231,0.00046666666666666666
Autumn Term,201819,Local Authority,E92000001,England,E12000001,North East,E06000002,Middlesbrough,Primary,100,99,21,0.99,0.21
Autumn Term,201819,Local Authority,E92000001,England,E12000001,North East,E06000002,Middlesbrough,Secondary,100,99,13,0.99,0.13
Autumn Term,201819,Local Authority,E92000001,England,E12000001,North East,E06000002,Middlesbrough,Special,100,99,17,0.99,0.17
Autumn Term,201819,Local Authority,E92000001,England,E12000001,North East,E06000003,Redcar and Cleveland,Primary,100,99,28,0.99,0.28
Autumn Term,201819,Local Authority,E92000001,England,E12000001,North East,E06000003,Redcar and Cleveland,Secondary,100,99,17,0.99,0.17
Autumn Term,201819,Local Authority,E92000001,England,E12000001,North East,E06000003,Redcar and Cleveland,Special,30000,864,23,0.0288,0.0007666666666666667
Autumn Term,201819,Local Authority,E92000001,England,E12000001,North East,E06000004,Stockton-on-Tees,Primary,30000,899,18,0.029966666666666666,0.0006
Autumn Term,201819,Local Authority,E92000001,England,E12000001,North East,E06000004,Stockton-on-Tees,Secondary,100,99,20,0.99,0.2
Autumn Term,201819,Local Authority,E92000001,England,E12000001,North East,E06000004,Stockton-on-Tees,Special,30000,1000,20,0.03333333333333333,0.0006666666666666666
Autumn Term,201819,Local Authority,E92000001,England,E12000001,North East,E06000005,Darlington,Primary,30000,905,16,0.030166666666666668,0.0005333333333333334
Autumn Term,201819,Local Authority,E92000001,England,E12000001,North East,E06000005,Darlington,Secondary,100,99,28,0.99,0.28
Autumn Term,201819,Local Authority,E92000001,England,E12000001,North East,E06000005,Darlington,Special,30000,957,20,0.0319,0.0006666666666666666
Autumn Term,201819,Local Authority,E92000001,England,E12000002,North West,E06000006,Halton,Primary,100,99,19,0.99,0.19
Autumn Term,201819,Local Authority,E92000001,England,E12000002,North West,E06000006,Halton,Secondary,100,99,23,0.99,0.23
Autumn Term,201819,Local Authority,E92000001,England,E12000002,North West,E06000006,Halton,Special,30000,719,21,0.023966666666666667,0.0007
Autumn Term,201819,Local Authority,E92000001,England,E12000002,North West,E06000007,Warrington,Primary,30000,984,16,0.0328,0.0005333333333333334
Autumn Term,201819,Local Authority,E92000001,England,E12000002,North West,E06000007,Warrington,Secondary,100,99,22,0.99,0.22
Autumn Term,201819,Local Authority,E92000001,England,E12000002,North West,E06000007,Warrington,Special,100,99,16,0.99,0.16
Autumn Term,201819,Local Authority,E92000001,England,E12000002,North West,E06000008,Blackburn with Darwen,Primary,30000,883,18,0.029433333333333332,0.0006
Autumn Term,201819,Local Authority,E92000001,England,E12000002,North West,E06000008,Blackburn with Darwen,Secondary,30000,793,16,0.026433333333333333,0.0005333333333333334
Autumn Term,201819,Local Authority,E92000001,England,E12000002,North West,E06000008,Blackburn with Darwen,Special,100,99,26,0.99,0.26
Autumn Term,201819,Local Authority,E92000001,England,E12000002,North West,E06000009,Blackpool,Primary,100,99,22,0.99,0.22
Autumn Term,201819,Local Authority,E92000001,England,E12000002,North West,E06000009,Blackpool,Secondary,30000,802,23,0.026733333333333335,0.0007666666666666667
Autumn Term,201819,Local Authority,E92000001,England,E12000002,North West,E06000009,Blackpool,Special,30000,872,21,0.029066666666666668,0.0007
Autumn Term,201819,Local Authority,E92000001,England,E12000003,Yorkshire and The Humber,E06000010,"Kingston upon Hull, City of",Primary,100,99,24,0.99,0.24
Autumn Term,201819,Local Authority,E92000001,England,E12000003,Yorkshire and The Humber,E06000010,"Kingston upon Hull, City of",Secondary,100,99,18,0.99,0.18
Autumn Term,201819,Local Authority,E92000001,England,E12000003,Yorkshire and The Humber,E06000010,"Kingston upon Hull, City of",Special,30000,1000,25,0.03333333333333333,0.0008333333333333334
Autumn Term,201819,Local Authority,E92000001,England,E12000003,Yorkshire and The Humber,E06000011,East Riding of Yorkshire,Primary,30000,803,13,0.026766666666666668,0.0004333333333333333
Autumn Term,201819,Local Authority,E92000001,England,E12000003,Yorkshire and The Humber,E06000011,East Riding of Yorkshire,Secondary,30000,969,18,0.0323,0.0006
Autumn Term,201819,Local Authority,E92000001,England,E12000003,Yorkshire and The Humber,E06000011,East Riding of Yorkshire,Special,30000,1000,20,0.03333333333333333,0.0006666666666666666
Autumn Term,201819,Local Authority,E92000001,England,E12000003,Yorkshire and The Humber,E06000012,North East Lincolnshire,Primary,30000,1000,18,0.03333333333333333,0.0006
Autumn Term,201819,Local Authority,E92000001,England,E12000003,Yorkshire and The Humber,E06000012,North East Lincolnshire,Secondary,100,99,21,0.99,0.21
Autumn Term,201819,Local Authority,E92000001,England,E12000003,Yorkshire and The Humber,E06000012,North East Lincolnshire,Special,100,99,22,0.99,0.22
Autumn Term,201819,Local Authority,E92000001,England,E12000003,Yorkshire and The Humber,E06000013,North Lincolnshire,Primary,30000,871,17,0.029033333333333335,0.0005666666666666667
Autumn Term,201819,Local Authority,E92000001,England,E12000003,Yorkshire and The Humber,E06000013,North Lincolnshire,Secondary,100,99,19,0.99,0.19
Autumn Term,201819,Local Authority,E92000001,England,E12000003,Yorkshire and The Humber,E06000013,North Lincolnshire,Special,100,99,23,0.99,0.23
Autumn Term,201819,Local Authority,E92000001,England,E12000003,Yorkshire and The Humber,E06000014,York,Primary,100,99,10,0.99,0.1
Autumn Term,201819,Local Authority,E92000001,England,E12000003,Yorkshire and The Humber,E06000014,York,Secondary,30000,1000,20,0.03333333333333333,0.0006666666666666666
Autumn Term,201819,Local Authority,E92000001,England,E12000003,Yorkshire and The Humber,E06000014,York,Special,100,99,18,0.99,0.18
Autumn Term,201819,Local Authority,E92000001,England,E12000004,East Midlands,E06000015,Derby,Primary,30000,911,22,0.030366666666666667,0.0007333333333333333
Autumn Term,201819,Local Authority,E92000001,England,E12000004,East Midlands,E06000015,Derby,Secondary,30000,951,19,0.0317,0.0006333333333333333
Autumn Term,201819,Local Authority,E92000001,England,E12000004,East Midlands,E06000015,Derby,Special,30000,1000,12,0.03333333333333333,0.0004
Autumn Term,201819,Local Authority,E92000001,England,E12000004,East Midlands,E06000016,Leicester,Primary,100,99,25,0.99,0.25
Autumn Term,201819,Local Authority,E92000001,England,E12000004,East Midlands,E06000016,Leicester,Secondary,30000,893,24,0.029766666666666667,0.0008
Autumn Term,201819,Local Authority,E92000001,England,E12000004,East Midlands,E06000016,Leicester,Special,30000,841,18,0.028033333333333334,0.0006
Autumn Term,201819,Local Authority,E92000001,England,E12000004,East Midlands,E06000017,Rutland,Primary,30000,1000,27,0.03333333333333333,0.0009
Autumn Term,201819,Local Authority,E92000001,England,E12000004,East Midlands,E06000017,Rutland,Secondary,100,99,27,0.99,0.27
Autumn Term,201819,Local Authority,E92000001,England,E12000004,East Midlands,E06000017,Rutland,Special,30000,933,19,0.0311,0.0006333333333333333
Autumn Term,201819,Local Authority,E92000001,England,E12000004,East Midlands,E06000018,Nottingham,Primary,30000,818,13,0.027266666666666668,0.0004333333333333333
Autumn Term,201819,Local Authority,E92000001,England,E12000004,East Midlands,E06000018,Nottingham,Secondary,30000,897,14,0.0299,0.00046666666666666666
Autumn Term,201819,Local Authority,E92000001,England,E12000004,East Midlands,E06000018,Nottingham,Special,30000,1000,12,0.03333333333333333,0.0004
Autumn Term,201819,Local Authority,E92000001,England,E12000005,West Midlands,E06000019,"Herefordshire, County of",Primary,100,99,24,0.99,0.24
Autumn Term,201819,Local Authority,E92000001,England,E12000005,West Midlands,E06000019,"Herefordshire, County of",Secondary,100,99,11,0.99,0.11
Autumn Term,201819,Local Authority,E92000001,England,E12000005,West Midlands,E06000019,"Herefordshire, County of",Special,30000,844,18,0.028133333333333333,0.0006
Autumn Term,201819,Local Authority,E92000001,England,E12000005,West Midlands,E06000020,Telford and Wrekin,Primary,100,99,22,0.99,0.22
Autumn Term,201819,Local Authority,E92000001,England,E12000005,West Midlands,E06000020,Telford and Wrekin,Secondary,30000,889,26,0.029633333333333334,0.0008666666666666666
Autumn Term,201819,Local Authority,E92000001,England,E12000005,West Midlands,E06000020,Telford and Wrekin,Special,100,99,21,0.99,0.21
Autumn Term,201819,Local Authority,E92000001,England,E12000005,West Midlands,E06000021,Stoke-on-Trent,Primary,30000,1000,23,0.03333333333333333,0.0007666666666666667
Autumn Term,201819,Local Authority,E92000001,England,E12000005,West Midlands,E06000021,Stoke-on-Trent,Secondary,30000,853,18,0.028433333333333335,0.0006
Autumn Term,201819,Local Authority,E92000001,England,E12000005,West Midlands,E06000021,Stoke-on-Trent,Special,100,99,20,0.99,0.2
Autumn Term,201819,Local Authority,E92000001,England,E12000009,South West,E06000022,Bath and North East Somerset,Primary,30000,972,19,0.0324,0.0006333333333333333
Autumn Term,201819,Local Authority,E92000001,England,E12000009,South West,E06000022,Bath and North East Somerset,Secondary,30000,1000,18,0.03333333333333333,0.0006
Autumn Term,201819,Local Authority,E92000001,England,E12000009,South West,E06000022,Bath and North East Somerset,Special,30000,1000,21,0.03333333333333333,0.0007
Autumn Term,201819,Local Authority,E92000001,England,E12000009,South West,E06000023,"Bristol, City of",Primary,100,99,16,0.99,0.16
Autumn Term,201819,Local Authority,E92000001,England,E12000009,South West,E06000023,"Bristol, City of",Secondary,100,99,20,0.99,0.2
Autumn Term,201819,Local Authority,E92000001,England,E12000009,South West,E06000023,"Bristol, City of",Special,30000,833,28,0.027766666666666665,0.0009333333333333333
Autumn Term,201819,Local Authority,E92000001,England,E12000009,South West,E06000024,North Somerset,Primary,100,99,22,0.99,0.22
Autumn Term,201819,Local Authority,E92000001,England,E12000009,South West,E06000024,North Somerset,Secondary,30000,810,20,0.027,0.0006666666666666666
Autumn Term,201819,Local Authority,E92000001,England,E12000009,South West,E06000024,North Somerset,Special,100,99,15,0.99,0.15
Autumn Term,201819,Local Authority,E92000001,England,E12000009,South West,E06000025,South Gloucestershire,Primary,30000,800,23,0.02666666666666667,0.0007666666666666667
Autumn Term,201819,Local Authority,E92000001,England,E12000009,South West,E06000025,South Gloucestershire,Secondary,30000,1000,11,0.03333333333333333,0.00036666666666666667
Autumn Term,201819,Local Authority,E92000001,England,E12000009,South West,E06000025,South Gloucestershire,Special,30000,1000,20,0.03333333333333333,0.0006666666666666666
Autumn Term,201819,Local Authority,E92000001,England,E12000009,South West,E06000026,Plymouth,Primary,100,99,20,0.99,0.2
Autumn Term,201819,Local Authority,E92000001,England,E12000009,South West,E06000026,Plymouth,Secondary,30000,799,18,0.026633333333333332,0.0006
Autumn Term,201819,Local Authority,E92000001,England,E12000009,South West,E06000026,Plymouth,Special,100,99,21,0.99,0.21
Autumn Term,201819,Local Authority,E92000001,England,E12000009,South West,E06000027,Torbay,Primary,30000,1000,23,0.03333333333333333,0.0007666666666666667
Autumn Term,201819,Local Authority,E92000001,England,E12000009,South West,E06000027,Torbay,Secondary,100,99,21,0.99,0.21
Autumn Term,201819,Local Authority,E92000001,England,E12000009,South West,E06000027,Torbay,Special,100,99,27,0.99,0.27
Autumn Term,201819,Local Authority,E92000001,England,E12000009,South West,E06000028,Bournemouth,Primary,100,99,25,0.99,0.25
Autumn Term,201819,Local Authority,E92000001,England,E12000009,South West,E06000028,Bournemouth,Secondary,30000,823,17,0.027433333333333334,0.0005666666666666667
Autumn Term,201819,Local Authority,E92000001,England,E12000009,South West,E06000028,Bournemouth,Special,100,99,14,0.99,0.14
Autumn Term,201819,Local Authority,E92000001,England,E12000009,South West,E06000029,Poole,Primary,30000,737,10,0.024566666666666667,0.0003333333333333333
Autumn Term,201819,Local Authority,E92000001,England,E12000009,South West,E06000029,Poole,Secondary,100,99,20,0.99,0.2
Autumn Term,201819,Local Authority,E92000001,England,E12000009,South West,E06000029,Poole,Special,30000,1000,15,0.03333333333333333,0.0005
Autumn Term,201819,Local Authority,E92000001,England,E12000009,South West,E06000030,Swindon,Primary,30000,1000,16,0.03333333333333333,0.0005333333333333334
Autumn Term,201819,Local Authority,E92000001,England,E12000009,South West,E06000030,Swindon,Secondary,30000,890,26,0.029666666666666668,0.0008666666666666666
Autumn Term,201819,Local Authority,E92000001,England,E12000009,South West,E06000030,Swindon,Special,100,99,23,0.99,0.23
Autumn Term,201819,Local Authority,E92000001,England,E12000006,East of England,E06000031,Peterborough,Primary,30000,918,22,0.0306,0.0007333333333333333
Autumn Term,201819,Local Authority,E92000001,England,E12000006,East of England,E06000031,Peterborough,Secondary,30000,982,22,0.032733333333333337,0.0007333333333333333
Autumn Term,201819,Local Authority,E92000001,England,E12000006,East of England,E06000031,Peterborough,Special,30000,960,23,0.032,0.0007666666666666667
Autumn Term,201819,Local Authority,E92000001,England,E12000006,East of England,E06000032,Luton,Primary,30000,984,14,0.0328,0.00046666666666666666
Autumn Term,201819,Local Authority,E92000001,England,E12000006,East of England,E06000032,Luton,Secondary,100,99,22,0.99,0.22
Autumn Term,201819,Local Authority,E92000001,England,E12000006,East of England,E06000032,Luton,Special,100,99,19,0.99,0.19
Autumn Term,201819,Local Authority,E92000001,England,E12000006,East of England,E06000033,Southend-on-Sea,Primary,30000,810,21,0.027,0.0007
Autumn Term,201819,Local Authority,E92000001,England,E12000006,East of England,E06000033,Southend-on-Sea,Secondary,30000,1000,19,0.03333333333333333,0.0006333333333333333
Autumn Term,201819,Local Authority,E92000001,England,E12000006,East of England,E06000033,Southend-on-Sea,Special,100,99,20,0.99,0.2
Autumn Term,201819,Local Authority,E92000001,England,E12000006,East of England,E06000034,Thurrock,Primary,100,99,18,0.99,0.18
Autumn Term,201819,Local Authority,E92000001,England,E12000006,East of England,E06000034,Thurrock,Secondary,30000,940,19,0.03133333333333333,0.0006333333333333333
Autumn Term,201819,Local Authority,E92000001,England,E12000006,East of England,E06000034,Thurrock,Special,100,99,27,0.99,0.27
Autumn Term,201819,Local Authority,E92000001,England,E12000008,South East,E06000035,Medway,Primary,30000,1000,31,0.03333333333333333,0.0010333333333333334
Autumn Term,201819,Local Authority,E92000001,England,E12000008,South East,E06000035,Medway,Secondary,100,99,16,0.99,0.16
Autumn Term,201819,Local Authority,E92000001,England,E12000008,South East,E06000035,Medway,Special,100,99,19,0.99,0.19
Autumn Term,201819,Local Authority,E92000001,England,E12000008,South East,E06000036,Bracknell Forest,Primary,100,99,18,0.99,0.18
Autumn Term,201819,Local Authority,E92000001,England,E12000008,South East,E06000036,Bracknell Forest,Secondary,100,99,22,0.99,0.22
Autumn Term,201819,Local Authority,E92000001,England,E12000008,South East,E06000036,Bracknell Forest,Special,100,99,22,0.99,0.22
Autumn Term,201819,Local Authority,E92000001,England,E12000008,South East,E06000037,West Berkshire,Primary,30000,931,19,0.031033333333333333,0.0006333333333333333
Autumn Term,201819,Local Authority,E92000001,England,E12000008,South East,E06000037,West Berkshire,Secondary,100,99,15,0.99,0.15
Autumn Term,201819,Local Authority,E92000001,England,E12000008,South East,E06000037,West Berkshire,Special,30000,905,18,0.030166666666666668,0.0006
Autumn Term,201819,Local Authority,E92000001,England,E12000008,South East,E06000038,Reading,Primary,30000,771,24,0.0257,0.0008
Autumn Term,201819,Local Authority,E92000001,England,E12000008,South East,E06000038,Reading,Secondary,30000,1000,20,0.03333333333333333,0.0006666666666666666
Autumn Term,201819,Local Authority,E92000001,England,E12000008,South East,E06000038,Reading,Special,100,99,14,0.99,0.14
Autumn Term,201819,Local Authority,E92000001,England,E12000008,South East,E06000039,Slough,Primary,30000,763,21,0.025433333333333332,0.0007
Autumn Term,201819,Local Authority,E92000001,England,E12000008,South East,E06000039,Slough,Secondary,100,99,20,0.99,0.2
Autumn Term,201819,Local Authority,E92000001,England,E12000008,South East,E06000039,Slough,Special,30000,858,18,0.0286,0.0006
Autumn Term,201819,Local Authority,E92000001,England,E12000008,South East,E06000040,Windsor and Maidenhead,Primary,30000,836,23,0.027866666666666668,0.0007666666666666667
Autumn Term,201819,Local Authority,E92000001,England,E12000008,South East,E06000040,Windsor and Maidenhead,Secondary,100,99,24,0.99,0.24
Autumn Term,201819,Local Authority,E92000001,England,E12000008,South East,E06000040,Windsor and Maidenhead,Special,30000,916,16,0.030533333333333332,0.0005333333333333334
Autumn Term,201819,Local Authority,E92000001,England,E12000008,South East,E06000041,Wokingham,Primary,30000,1000,19,0.03333333333333333,0.0006333333333333333
Autumn Term,201819,Local Authority,E92000001,England,E12000008,South East,E06000041,Wokingham,Secondary,30000,990,16,0.033,0.0005333333333333334
Autumn Term,201819,Local Authority,E92000001,England,E12000008,South East,E06000041,Wokingham,Special,30000,978,20,0.0326,0.0006666666666666666
Autumn Term,201819,Local Authority,E92000001,England,E12000008,South East,E06000042,Milton Keynes,Primary,100,99,12,0.99,0.12
Autumn Term,201819,Local Authority,E92000001,England,E12000008,South East,E06000042,Milton Keynes,Secondary,30000,813,24,0.0271,0.0008
Autumn Term,201819,Local Authority,E92000001,England,E12000008,South East,E06000042,Milton Keynes,Special,30000,956,26,0.03186666666666667,0.0008666666666666666
Autumn Term,201819,Local Authority,E92000001,England,E12000008,South East,E06000043,Brighton and Hove,Primary,30000,1000,19,0.03333333333333333,0.0006333333333333333
Autumn Term,201819,Local Authority,E92000001,England,E12000008,South East,E06000043,Brighton and Hove,Secondary,30000,1000,19,0.03333333333333333,0.0006333333333333333
Autumn Term,201819,Local Authority,E92000001,England,E12000008,South East,E06000043,Brighton and Hove,Special,100,99,16,0.99,0.16
Autumn Term,201819,Local Authority,E92000001,England,E12000008,South East,E06000044,Portsmouth,Primary,100,99,19,0.99,0.19
Autumn Term,201819,Local Authority,E92000001,England,E12000008,South East,E06000044,Portsmouth,Secondary,30000,1000,20,0.03333333333333333,0.0006666666666666666
Autumn Term,201819,Local Authority,E92000001,England,E12000008,South East,E06000044,Portsmouth,Special,100,99,19,0.99,0.19
Autumn Term,201819,Local Authority,E92000001,England,E12000008,South East,E06000045,Southampton,Primary,100,99,20,0.99,0.2
Autumn Term,201819,Local Authority,E92000001,England,E12000008,South East,E06000045,Southampton,Secondary,100,99,22,0.99,0.22
Autumn Term,201819,Local Authority,E92000001,England,E12000008,South East,E06000045,Southampton,Special,30000,820,20,0.027333333333333334,0.0006666666666666666
Autumn Term,201819,Local Authority,E92000001,England,E12000008,South East,E06000046,Isle of Wight,Primary,30000,842,20,0.028066666666666667,0.0006666666666666666
Autumn Term,201819,Local Authority,E92000001,England,E12000008,South East,E06000046,Isle of Wight,Secondary,100,99,22,0.99,0.22
Autumn Term,201819,Local Authority,E92000001,England,E12000008,South East,E06000046,Isle of Wight,Special,30000,1000,22,0.03333333333333333,0.0007333333333333333
Autumn Term,201819,Local Authority,E92000001,England,E12000001,North East,E06000047,County Durham,Primary,30000,986,20,0.03286666666666667,0.0006666666666666666
Autumn Term,201819,Local Authority,E92000001,England,E12000001,North East,E06000047,County Durham,Secondary,30000,768,22,0.0256,0.0007333333333333333
Autumn Term,201819,Local Authority,E92000001,England,E12000001,North East,E06000047,County Durham,Special,100,99,18,0.99,0.18
Autumn Term,201819,Local Authority,E92000001,England,E12000001,North East,E06000048,Northumberland,Primary,30000,981,18,0.0327,0.0006
Autumn Term,201819,Local Authority,E92000001,England,E12000001,North East,E06000048,Northumberland,Secondary,100,99,18,0.99,0.18
Autumn Term,201819,Local Authority,E92000001,England,E12000001,North East,E06000048,Northumberland,Special,30000,1000,15,0.03333333333333333,0.0005
Autumn Term,201819,Local Authority,E92000001,England,E12000002,North West,E06000049,Cheshire East,Primary,100,99,15,0.99,0.15
Autumn Term,201819,Local Authority,E92000001,England,E12000002,North West,E06000049,Cheshire East,Secondary,30000,1000,27,0.03333333333333333,0.0009
Autumn Term,201819,Local Authority,E92000001,England,E12000002,North West,E06000049,Cheshire East,Special,100,99,25,0.99,0.25
Autumn Term,201819,Local Authority,E92000001,England,E12000002,North West,E06000050,Cheshire West and Chester,Primary,100,99,24,0.99,0.24
Autumn Term,201819,Local Authority,E92000001,England,E12000002,North West,E06000050,Cheshire West and Chester,Secondary,100,99,21,0.99,0.21
Autumn Term,201819,Local Authority,E92000001,England,E12000002,North West,E06000050,Cheshire West and Chester,Special,100,99,21,0.99,0.21
Autumn Term,201819,Local Authority,E92000001,England,E12000005,West Midlands,E06000051,Shropshire,Primary,30000,955,20,0.03183333333333333,0.0006666666666666666
Autumn Term,201819,Local Authority,E92000001,England,E12000005,West Midlands,E06000051,Shropshire,Secondary,30000,1000,13,0.03333333333333333,0.0004333333333333333
Autumn Term,201819,Local Authority,E92000001,England,E12000005,West Midlands,E06000051,Shropshire,Special,100,99,16,0.99,0.16
Autumn Term,201819,Local Authority,E92000001,England,E12000009,South West,E06000052,Cornwall,Primary,30000,777,23,0.0259,0.0007666666666666667
Autumn Term,201819,Local Authority,E92000001,England,E12000009,South West,E06000052,Cornwall,Secondary,30000,917,25,0.030566666666666666,0.0008333333333333334
Autumn Term,201819,Local Authority,E92000001,England,E12000009,South West,E06000052,Cornwall,Special,30000,1000,16,0.03333333333333333,0.0005333333333333334
Autumn Term,201819,Local Authority,E92000001,England,E12000009,South West,E06000053,Isles of Scilly,Primary,100,99,24,0.99,0.24
Autumn Term,201819,Local Authority,E92000001,England,E12000009,South West,E06000053,Isles of Scilly,Secondary,30000,902,12,0.030066666666666665,0.0004
Autumn Term,201819,Local Authority,E92000001,England,E12000009,South West,E06000053,Isles of Scilly,Special,100,99,19,0.99,0.19
Autumn Term,201819,Local Authority,E92000001,England,E12000009,South West,E06000054,Wiltshire,Primary,100,99,27,0.99,0.27
Autumn Term,201819,Local Authority,E92000001,England,E12000009,South West,E06000054,Wiltshire,Secondary,30000,723,22,0.0241,0.0007333333333333333
Autumn Term,201819,Local Authority,E92000001,England,E12000009,South West,E06000054,Wiltshire,Special,30000,824,34,0.027466666666666667,0.0011333333333333334
Autumn Term,201819,Local Authority,E92000001,England,E12000006,East of England,E06000055,Bedford,Primary,30000,1000,20,0.03333333333333333,0.0006666666666666666
Autumn Term,201819,Local Authority,E92000001,England,E12000006,East of England,E06000055,Bedford,Secondary,100,99,24,0.99,0.24
Autumn Term,201819,Local Authority,E92000001,England,E12000006,East of England,E06000055,Bedford,Special,30000,952,20,0.031733333333333336,0.0006666666666666666
Autumn Term,201819,Local Authority,E92000001,England,E12000006,East of England,E06000056,Central Bedfordshire,Primary,100,99,15,0.99,0.15
Autumn Term,201819,Local Authority,E92000001,England,E12000006,East of England,E06000056,Central Bedfordshire,Secondary,100,99,26,0.99,0.26
Autumn Term,201819,Local Authority,E92000001,England,E12000006,East of England,E06000056,Central Bedfordshire,Special,100,99,9,0.99,0.09
Autumn Term,201819,Local Authority,E92000001,England,E12000001,North East,E06000057,Northumberland,Primary,30000,933,32,0.0311,0.0010666666666666667
Autumn Term,201819,Local Authority,E92000001,England,E12000001,North East,E06000057,Northumberland,Secondary,30000,1000,20,0.03333333333333333,0.0006666666666666666
Autumn Term,201819,Local Authority,E92000001,England,E12000001,North East,E06000057,Northumberland,Special,30000,766,19,0.025533333333333335,0.0006333333333333333
Autumn Term,201819,Local Authority,E92000001,England,E12000009,South West,E06000058,"Bournemouth, Christchurch and Poole",Primary,30000,887,20,0.029566666666666668,0.0006666666666666666
Autumn Term,201819,Local Authority,E92000001,England,E12000009,South West,E06000058,"Bournemouth, Christchurch and Poole",Secondary,30000,1000,22,0.03333333333333333,0.0007333333333333333
Autumn Term,201819,Local Authority,E92000001,England,E12000009,South West,E06000058,"Bournemouth, Christchurch and Poole",Special,100,99,21,0.99,0.21
Autumn Term,201819,Local Authority,E92000001,England,E12000009,South West,E06000059,Dorset,Primary,30000,1000,19,0.03333333333333333,0.0006333333333333333
Autumn Term,201819,Local Authority,E92000001,England,E12000009,South West,E06000059,Dorset,Secondary,30000,798,19,0.0266,0.0006333333333333333
Autumn Term,201819,Local Authority,E92000001,England,E12000009,South West,E06000059,Dorset,Special,100,99,12,0.99,0.12
Autumn Term,201819,Local Authority,E92000001,England,E12000008,South East,E06000060,Buckinghamshire,Primary,30000,1000,20,0.03333333333333333,0.0006666666666666666
Autumn Term,201819,Local Authority,E92000001,England,E12000008,South East,E06000060,Buckinghamshire,Secondary,100,99,27,0.99,0.27
Autumn Term,201819,Local Authority,E92000001,England,E12000008,South East,E06000060,Buckinghamshire,Special,30000,1000,17,0.03333333333333333,0.0005666666666666667
Autumn Term,201819,Local Authority,E92000001,England,E12000004,East Midlands,E06000061,North Northamptonshire,Primary,30000,1000,17,0.03333333333333333,0.0005666666666666667
Autumn Term,201819,Local Authority,E92000001,England,E12000004,East Midlands,E06000061,North Northamptonshire,Secondary,30000,891,23,0.0297,0.0007666666666666667
Autumn Term,201819,Local Authority,E92000001,England,E12000004,East Midlands,E06000061,North Northamptonshire,Special,100,99,21,0.99,0.21
Autumn Term,201819,Local Authority,E92000001,England,E12000004,East Midlands,E06000062,West Northamptonshire,Primary,30000,994,16,0.033133333333333334,0.0005333333333333334
Autumn Term,201819,Local Authority,E92000001,England,E12000004,East Midlands,E06000062,West Northamptonshire,Secondary,100,99,16,0.99,0.16
Autumn Term,201819,Local Authority,E92000001,England,E12000004,East Midlands,E06000062,West Northamptonshire,Special,30000,885,22,0.0295,0.0007333333333333333
Autumn Term,201819,Local Authority,E92000001,England,E12000002,North West,E06000063,Cumberland,Primary,100,99,13,0.99,0.13
Autumn Term,201819,Local Authority,E92000001,England,E12000002,North West,E06000063,Cumberland,Secondary,30000,1000,21,0.03333333333333333,0.0007
Autumn Term,201819,Local Authority,E92000001,England,E12000002,North West,E06000063,Cumberland,Special,100,99,13,0.99,0.13
Autumn Term,201819,Local Authority,E92000001,England,E12000002,North West,E06000064,Westmorland and Furness,Primary,100,99,15,0.99,0.15
Autumn Term,201819,Local Authority,E92000001,England,E12000002,North West,E06000064,Westmorland and Furness,Secondary,100,99,24,0.99,0.24
Autumn Term,201819,Local Authority,E92000001,England,E12000002,North West,E06000064,Westmorland and Furness,Special,30000,961,18,0.03203333333333333,0.0006
Autumn Term,201819,Local Authority,E92000001,England,E12000003,Yorkshire and The Humber,E06000065,North Yorkshire,Primary,30000,937,31,0.03123333333333333,0.0010333333333333334
Autumn Term,201819,Local Authority,E92000001,England,E12000003,Yorkshire and The Humber,E06000065,North Yorkshire,Secondary,100,99,24,0.99,0.24
Autumn Term,201819,Local Authority,E92000001,England,E12000003,Yorkshire and The Humber,E06000065,North Yorkshire,Special,30000,1000,28,0.03333333333333333,0.0009333333333333333
Autumn Term,201819,Local Authority,E92000001,England,E12000009,South West,E06000066,Somerset,Primary,30000,1000,14,0.03333333333333333,0.00046666666666666666
Autumn Term,201819,Local Authority,E92000001,England,E12000009,South West,E06000066,Somerset,Secondary,30000,1000,18,0.03333333333333333,0.0006
Autumn Term,201819,Local Authority,E92000001,England,E12000009,South West,E06000066,Somerset,Special,30000,1000,21,0.03333333333333333,0.0007
Autumn Term,201819,Local Authority,E92000001,England,E12000002,North West,E08000001,Bolton,Primary,30000,1000,28,0.03333333333333333,0.0009333333333333333
Autumn Term,201819,Local Authority,E92000001,England,E12000002,North West,E08000001,Bolton,Secondary,100,99,24,0.99,0.24
Autumn Term,201819,Local Authority,E92000001,England,E12000002,North West,E08000001,Bolton,Special,30000,863,25,0.028766666666666666,0.0008333333333333334
Autumn Term,201819,Local Authority,E92000001,England,E12000002,North West,E08000002,Bury,Primary,30000,872,19,0.029066666666666668,0.0006333333333333333
Autumn Term,201819,Local Authority,E92000001,England,E12000002,North West,E08000002,Bury,Secondary,100,99,19,0.99,0.19
Autumn Term,201819,Local Authority,E92000001,England,E12000002,North West,E08000002,Bury,Special,100,99,22,0.99,0.22
Autumn Term,201819,Local Authority,E92000001,England,E12000002,North West,E08000003,Manchester,Primary,30000,1000,14,0.03333333333333333,0.00046666666666666666
Autumn Term,201819,Local Authority,E92000001,England,E12000002,North West,E08000003,Manchester,Secondary,30000,892,17,0.029733333333333334,0.0005666666666666667
Autumn Term,201819,Local Authority,E92000001,England,E12000002,North West,E08000003,Manchester,Special,100,99,15,0.99,0.15
Autumn Term,201819,Local Authority,E92000001,England,E12000002,North West,E08000004,Oldham,Primary,30000,927,19,0.0309,0.0006333333333333333
Autumn Term,201819,Local Authority,E92000001,England,E12000002,North West,E08000004,Oldham,Secondary,100,99,20,0.99,0.2
Autumn Term,201819,Local Authority,E92000001,England,E12000002,North West,E08000004,Oldham,Special,100,99,15,0.99,0.15
Autumn Term,201819,Local Authority,E92000001,England,E12000002,North West,E08000005,Rochdale,Primary,30000,1000,17,0.03333333333333333,0.0005666666666666667
Autumn Term,201819,Local Authority,E92000001,England,E12000002,North West,E08000005,Rochdale,Secondary,100,99,22,0.99,0.22
Autumn Term,201819,Local Authority,E92000001,England,E12000002,North West,E08000005,Rochdale,Special,30000,867,22,0.0289,0.0007333333333333333
Autumn Term,201819,Local Authority,E92000001,England,E12000002,North West,E08000006,Salford,Primary,30000,829,18,0.027633333333333333,0.0006
Autumn Term,201819,Local Authority,E92000001,England,E12000002,North West,E08000006,Salford,Secondary,30000,829,13,0.027633333333333333,0.0004333333333333333
Autumn Term,201819,Local Authority,E92000001,England,E12000002,North West,E08000006,Salford,Special,100,99,17,0.99,0.17
Autumn Term,201819,Local Authority,E92000001,England,E12000002,North West,E08000007,Stockport,Primary,100,99,24,0.99,0.24
Autumn Term,201819,Local Authority,E92000001,England,E12000002,North West,E08000007,Stockport,Secondary,100,99,21,0.99,0.21
Autumn Term,201819,Local Authority,E92000001,England,E12000002,North West,E08000007,Stockport,Special,30000,1000,16,0.03333333333333333,0.0005333333333333334
Autumn Term,201819,Local Authority,E92000001,England,E12000002,North West,E08000008,Tameside,Primary,100,99,14,0.99,0.14
Autumn Term,201819,Local Authority,E92000001,England,E12000002,North West,E08000008,Tameside,Secondary,30000,1000,16,0.03333333333333333,0.0005333333333333334
Autumn Term,201819,Local Authority,E92000001,England,E12000002,North West,E08000008,Tameside,Special,30000,951,15,0.0317,0.0005
Autumn Term,201819,Local Authority,E92000001,England,E12000002,North West,E08000009,Trafford,Primary,30000,833,25,0.027766666666666665,0.0008333333333333334
Autumn Term,201819,Local Authority,E92000001,England,E12000002,North West,E08000009,Trafford,Secondary,30000,1000,22,0.03333333333333333,0.0007333333333333333
Autumn Term,201819,Local Authority,E92000001,England,E12000002,North West,E08000009,Trafford,Special,30000,767,19,0.025566666666666668,0.0006333333333333333
Autumn Term,201819,Local Authority,E92000001,England,E12000002,North West,E08000010,Wigan,Primary,30000,777,18,0.0259,0.0006
Autumn Term,201819,Local Authority,E92000001,England,E12000002,North West,E08000010,Wigan,Secondary,30000,934,14,0.031133333333333332,0.00046666666666666666
Autumn Term,201819,Local Authority,E92000001,England,E12000002,North West,E08000010,Wigan,Special,100,99,18,0.99,0.18
Autumn Term,201819,Local Authority,E92000001,England,E12000002,North West,E08000011,Knowsley,Primary,100,99,20,0.99,0.2
Autumn Term,201819,Local Authority,E92000001,England,E12000002,North West,E08000011,Knowsley,Secondary,30000,859,22,0.028633333333333334,0.0007333333333333333
Autumn Term,201819,Local Authority,E92000001,England,E12000002,North West,E08000011,Knowsley,Special,30000,820,18,0.027333333333333334,0.0006
Autumn Term,201819,Local Authority,E92000001,England,E12000002,North West,E08000012,Liverpool,Primary,30000,1000,18,0.03333333333333333,0.0006
Autumn Term,201819,Local Authority,E92000001,England,E12000002,North West,E08000012,Liverpool,Secondary,30000,985,19,0.03283333333333333,0.0006333333333333333
Autumn Term,201819,Local Authority,E92000001,England,E12000002,North West,E08000012,Liverpool,Special,100,99,21,0.99,0.21
Autumn Term,201819,Local Authority,E92000001,England,E12000002,North West,E08000013,St. Helens,Primary,100,99,25,0.99,0.25
Autumn Term,201819,Local Authority,E92000001,England,E12000002,North West,E08000013,St. Helens,Secondary,100,99,19,0.99,0.19
Autumn Term,201819,Local Authority,E92000001,England,E12000002,North West,E08000013,St. Helens,Special,30000,1000,15,0.03333333333333333,0.0005
Autumn Term,201819,Local Authority,E92000001,England,E12000002,North West,E08000014,Sefton,Primary,30000,942,11,0.0314,0.00036666666666666667
Autumn Term,201819,Local Authority,E92000001,England,E12000002,North West,E08000014,Sefton,Secondary,100,99,24,0.99,0.24
Autumn Term,201819,Local Authority,E92000001,England,E12000002,North West,E08000014,Sefton,Special,100,99,20,0.99,0.2
Autumn Term,201819,Local Authority,E92000001,England,E12000002,North West,E08000015,Wirral,Primary,30000,912,10,0.0304,0.0003333333333333333
Autumn Term,201819,Local Authority,E92000001,England,E12000002,North West,E08000015,Wirral,Secondary,30000,805,15,0.026833333333333334,0.0005
Autumn Term,201819,Local Authority,E92000001,England,E12000002,North West,E08000015,Wirral,Special,30000,925,15,0.030833333333333334,0.0005
Autumn Term,201819,Local Authority,E92000001,England,E12000003,Yorkshire and The Humber,E08000016,Barnsley,Primary,30000,887,12,0.029566666666666668,0.0004
Autumn Term,201819,Local Authority,E92000001,England,E12000003,Yorkshire and The Humber,E08000016,Barnsley,Secondary,100,99,29,0.99,0.29
Autumn Term,201819,Local Authority,E92000001,England,E12000003,Yorkshire and The Humber,E08000016,Barnsley,Special,100,99,11,0.99,0.11
Autumn Term,201819,Local Authority,E92000001,England,E12000003,Yorkshire and The Humber,E08000017,Doncaster,Primary,30000,1000,17,0.03333333333333333,0.0005666666666666667
Autumn Term,201819,Local Authority,E92000001,England,E12000003,Yorkshire and The Humber,E08000017,Doncaster,Secondary,30000,817,16,0.02723333333333333,0.0005333333333333334
Autumn Term,201819,Local Authority,E92000001,England,E12000003,Yorkshire and The Humber,E08000017,Doncaster,Special,30000,933,22,0.0311,0.0007333333333333333
Autumn Term,201819,Local Authority,E92000001,England,E12000003,Yorkshire and The Humber,E08000018,Rotherham,Primary,30000,842,17,0.028066666666666667,0.0005666666666666667
Autumn Term,201819,Local Authority,E92000001,England,E12000003,Yorkshire and The Humber,E08000018,Rotherham,Secondary,30000,1000,20,0.03333333333333333,0.0006666666666666666
Autumn Term,201819,Local Authority,E92000001,England,E12000003,Yorkshire and The Humber,E08000018,Rotherham,Special,30000,995,22,0.033166666666666664,0.0007333333333333333
Autumn Term,201819,Local Authority,E92000001,England,E12000003,Yorkshire and The Humber,E08000019,Sheffield,Primary,30000,847,22,0.028233333333333333,0.0007333333333333333
Autumn Term,201819,Local Authority,E92000001,England,E12000003,Yorkshire and The Humber,E08000019,Sheffield,Secondary,100,99,25,0.99,0.25
Autumn Term,201819,Local Authority,E92000001,England,E12000003,Yorkshire and The Humber,E08000019,Sheffield,Special,100,99,18,0.99,0.18
Autumn Term,201819,Local Authority,E92000001,England,E12000001,North East,E08000020,Gateshead,Primary,100,99,13,0.99,0.13
Autumn Term,201819,Local Authority,E92000001,England,E12000001,North East,E08000020,Gateshead,Secondary,100,99,22,0.99,0.22
Autumn Term,201819,Local Authority,E92000001,England,E12000001,North East,E08000020,Gateshead,Special,30000,1000,22,0.03333333333333333,0.0007333333333333333
Autumn Term,201819,Local Authority,E92000001,England,E12000001,North East,E08000021,Newcastle upon Tyne,Primary,100,99,25,0.99,0.25
Autumn Term,201819,Local Authority,E92000001,England,E12000001,North East,E08000021,Newcastle upon Tyne,Secondary,30000,1000,24,0.03333333333333333,0.0008
Autumn Term,201819,Local Authority,E92000001,England,E12000001,North East,E08000021,Newcastle upon Tyne,Special,30000,917,19,0.030566666666666666,0.0006333333333333333
Autumn Term,201819,Local Authority,E92000001,England,E12000001,North East,E08000022,North Tyneside,Primary,30000,1000,17,0.03333333333333333,0.0005666666666666667
Autumn Term,201819,Local Authority,E92000001,England,E12000001,North East,E08000022,North Tyneside,Secondary,30000,939,17,0.0313,0.0005666666666666667
Autumn Term,201819,Local Authority,E92000001,England,E12000001,North East,E08000022,North Tyneside,Special,30000,911,13,0.030366666666666667,0.0004333333333333333
Autumn Term,201819,Local Authority,E92000001,England,E12000001,North East,E08000023,South Tyneside,Primary,30000,912,17,0.0304,0.0005666666666666667
Autumn Term,201819,Local Authority,E92000001,England,E12000001,North East,E08000023,South Tyneside,Secondary,30000,1000,12,0.03333333333333333,0.0004
Autumn Term,201819,Local Authority,E92000001,England,E12000001,North East,E08000023,South Tyneside,Special,30000,1000,14,0.03333333333333333,0.00046666666666666666
Autumn Term,201819,Local Authority,E92000001,England,E12000001,North East,E08000024,Sunderland,Primary,30000,1000,20,0.03333333333333333,0.0006666666666666666
Autumn Term,201819,Local Authority,E92000001,England,E12000001,North East,E08000024,Sunderland,Secondary,100,99,19,0.99,0.19
Autumn Term,201819,Local Authority,E92000001,England,E12000001,North East,E08000024,Sunderland,Special,30000,1000,13,0.03333333333333333,0.0004333333333333333
Autumn Term,201819,Local Authority,E92000001,England,E12000005,West Midlands,E08000025,Birmingham,Primary,30000,929,20,0.030966666666666667,0.0006666666666666666
Autumn Term,201819,Local Authority,E92000001,England,E12000005,West Midlands,E08000025,Birmingham,Secondary,30000,917,14,0.030566666666666666,0.00046666666666666666
Autumn Term,201819,Local Authority,E92000001,England,E12000005,West Midlands,E08000025,Birmingham,Special,100,99,20,0.99,0.2
Autumn Term,201819,Local Authority,E92000001,England,E12000005,West Midlands,E08000026,Coventry,Primary,30000,869,28,0.02896666666666667,0.0009333333333333333
Autumn Term,201819,Local Authority,E92000001,England,E12000005,West Midlands,E08000026,Coventry,Secondary,30000,833,26,0.027766666666666665,0.0008666666666666666
Autumn Term,201819,Local Authority,E92000001,England,E12000005,West Midlands,E08000026,Coventry,Special,100,99,27,0.99,0.27
Autumn Term,201819,Local Authority,E92000001,England,E12000005,West Midlands,E08000027,Dudley,Primary,100,99,11,0.99,0.11
Autumn Term,201819,Local Authority,E92000001,England,E12000005,West Midlands,E08000027,Dudley,Secondary,100,99,14,0.99,0.14
Autumn Term,201819,Local Authority,E92000001,England,E12000005,West Midlands,E08000027,Dudley,Special,30000,941,22,0.03136666666666667,0.0007333333333333333
Autumn Term,201819,Local Authority,E92000001,England,E12000005,West Midlands,E08000028,Sandwell,Primary,30000,741,21,0.0247,0.0007
Autumn Term,201819,Local Authority,E92000001,England,E12000005,West Midlands,E08000028,Sandwell,Secondary,100,99,14,0.99,0.14
Autumn Term,201819,Local Authority,E92000001,England,E12000005,West Midlands,E08000028,Sandwell,Special,100,99,14,0.99,0.14
Autumn Term,201819,Local Authority,E92000001,England,E12000005,West Midlands,E08000029,Solihull,Primary,30000,866,19,0.028866666666666665,0.0006333333333333333
Autumn Term,201819,Local Authority,E92000001,England,E12000005,West Midlands,E08000029,Solihull,Secondary,100,99,27,0.99,0.27
Autumn Term,201819,Local Authority,E92000001,England,E12000005,West Midlands,E08000029,Solihull,Special,30000,736,23,0.024533333333333334,0.0007666666666666667
Autumn Term,201819,Local Authority,E92000001,England,E12000005,West Midlands,E08000030,Walsall,Primary,100,99,15,0.99,0.15
Autumn Term,201819,Local Authority,E92000001,England,E12000005,West Midlands,E08000030,Walsall,Secondary,30000,1000,17,0.03333333333333333,0.0005666666666666667
Autumn Term,201819,Local Authority,E92000001,England,E12000005,West Midlands,E08000030,Walsall,Special,100,99,20,0.99,0.2
Autumn Term,201819,Local Authority,E92000001,England,E12000005,West Midlands,E08000031,Wolverhampton,Primary,30000,863,18,0.028766666666666666,0.0006
Autumn Term,201819,Local Authority,E92000001,England,E12000005,West Midlands,E08000031,Wolverhampton,Secondary,100,99,21,0.99,0.21
Autumn Term,201819,Local Authority,E92000001,England,E12000005,West Midlands,E08000031,Wolverhampton,Special,30000,990,15,0.033,0.0005
Autumn Term,201819,Local Authority,E92000001,England,E12000003,Yorkshire and The Humber,E08000032,Bradford,Primary,30000,972,17,0.0324,0.0005666666666666667
Autumn Term,201819,Local Authority,E92000001,England,E12000003,Yorkshire and The Humber,E08000032,Bradford,Secondary,30000,869,14,0.02896666666666667,0.00046666666666666666
Autumn Term,201819,Local Authority,E92000001,England,E12000003,Yorkshire and The Humber,E08000032,Bradford,Special,30000,1000,22,0.03333333333333333,0.0007333333333333333
Autumn Term,201819,Local Authority,E92000001,England,E12000003,Yorkshire and The Humber,E08000033,Calderdale,Primary,100,99,23,0.99,0.23
Autumn Term,201819,Local Authority,E92000001,England,E12000003,Yorkshire and The Humber,E08000033,Calderdale,Secondary,100,99,29,0.99,0.29
Autumn Term,201819,Local Authority,E92000001,England,E12000003,Yorkshire and The Humber,E08000033,Calderdale,Special,30000,978,18,0.0326,0.0006
Autumn Term,201819,Local Authority,E92000001,England,E12000003,Yorkshire and The Humber,E08000034,Kirklees,Primary,30000,851,21,0.028366666666666665,0.0007
Autumn Term,201819,Local Authority,E92000001,England,E12000003,Yorkshire and The Humber,E08000034,Kirklees,Secondary,30000,1000,31,0.03333333333333333,0.0010333333333333334
Autumn Term,201819,Local Authority,E92000001,England,E12000003,Yorkshire and The Humber,E08000034,Kirklees,Special,30000,912,23,0.0304,0.0007666666666666667
Autumn Term,201819,Local Authority,E92000001,England,E12000003,Yorkshire and The Humber,E08000035,Leeds,Primary,100,99,17,0.99,0.17
Autumn Term,201819,Local Authority,E92000001,England,E12000003,Yorkshire and The Humber,E08000035,Leeds,Secondary,100,99,23,0.99,0.23
Autumn Term,201819,Local Authority,E92000001,England,E12000003,Yorkshire and The Humber,E08000035,Leeds,Special,30000,1000,21,0.03333333333333333,0.0007
Autumn Term,201819,Local Authority,E92000001,England,E12000003,Yorkshire and The Humber,E08000036,Wakefield,Primary,100,99,18,0.99,0.18
Autumn Term,201819,Local Authority,E92000001,England,E12000003,Yorkshire and The Humber,E08000036,Wakefield,Secondary,100,99,23,0.99,0.23
Autumn Term,201819,Local Authority,E92000001,England,E12000003,Yorkshire and The Humber,E08000036,Wakefield,Special,30000,828,19,0.0276,0.0006333333333333333
Autumn Term,201819,Local Authority,E92000001,England,E12000001,North East,E08000037,Gateshead,Primary,100,99,22,0.99,0.22
Autumn Term,201819,Local Authority,E92000001,England,E12000001,North East,E08000037,Gateshead,Secondary,30000,1000,12,0.03333333333333333,0.0004
Autumn Term,201819,Local Authority,E92000001,England,E12000001,North East,E08000037,Gateshead,Special,30000,847,20,0.028233333333333333,0.0006666666666666666
Autumn Term,201819,Local Authority,E92000001,England,E12000003,Yorkshire and The Humber,E08000038,Barnsley,Primary,100,99,22,0.99,0.22
Autumn Term,201819,Local Authority,E92000001,England,E12000003,Yorkshire and The Humber,E08000038,Barnsley,Secondary,100,99,17,0.99,0.17
Autumn Term,201819,Local Authority,E92000001,England,E12000003,Yorkshire and The Humber,E08000038,Barnsley,Special,100,99,25,0.99,0.25
Autumn Term,201819,Local Authority,E92000001,England,E12000003,Yorkshire and The Humber,E08000039,Sheffield,Primary,30000,1000,32,0.03333333333333333,0.0010666666666666667
Autumn Term,201819,Local Authority,E92000001,England,E12000003,Yorkshire and The Humber,E08000039,Sheffield,Secondary,30000,1000,23,0.03333333333333333,0.0007666666666666667
Autumn Term,201819,Local Authority,E92000001,England,E12000003,Yorkshire and The Humber,E08000039,Sheffield,Special,30000,924,22,0.0308,0.0007333333333333333
Autumn Term,201819,Local Authority,E92000001,England,E12000007,London,E09000001,City of London,Primary,30000,921,16,0.0307,0.0005333333333333334
Autumn Term,201819,Local Authority,E92000001,England,E12000007,London,E09000001,City of London,Secondary,100,99,25,0.99,0.25
Autumn Term,201819,Local Authority,E92000001,England,E12000007,London,E09000001,City of London,Special,100,99,21,0.99,0.21
Autumn Term,201819,Local Authority,E92000001,England,E12000007,London,E09000002,Barking and Dagenham,Primary,30000,812,19,0.027066666666666666,0.0006333333333333333
Autumn Term,201819,Local Authority,E92000001,England,E12000007,London,E09000002,Barking and Dagenham,Secondary,30000,912,13,0.0304,0.0004333333333333333
Autumn Term,201819,Local Authority,E92000001,England,E12000007,London,E09000002,Barking and Dagenham,Special,30000,866,19,0.028866666666666665,0.0006333333333333333
Autumn Term,201819,Local Authority,E92000001,England,E12000007,London,E09000003,Barnet,Primary,30000,670,14,0.022333333333333334,0.00046666666666666666
Autumn Term,201819,Local Authority,E92000001,England,E12000007,London,E09000003,Barnet,Secondary,30000,1000,17,0.03333333333333333,0.0005666666666666667
Autumn Term,201819,Local Authority,E92000001,England,E12000007,London,E09000003,Barnet,Special,100,99,24,0.99,0.24
Autumn Term,201819,Local Authority,E92000001,England,E12000007,London,E09000004,Bexley,Primary,100,99,20,0.99,0.2
Autumn Term,201819,Local Authority,E92000001,England,E12000007,London,E09000004,Bexley,Secondary,100,99,32,0.99,0.32
Autumn Term,201819,Local Authority,E92000001,England,E12000007,London,E09000004,Bexley,Special,100,99,24,0.99,0.24
Autumn Term,201819,Local Authority,E92000001,England,E12000007,London,E09000005,Brent,Primary,30000,885,17,0.0295,0.0005666666666666667
Autumn Term,201819,Local Authority,E92000001,England,E12000007,London,E09000005,Brent,Secondary,30000,1000,11,0.03333333333333333,0.00036666666666666667
Autumn Term,201819,Local Authority,E92000001,England,E12000007,London,E09000005,Brent,Special,100,99,20,0.99,0.2
Autumn Term,201819,Local Authority,E92000001,England,E12000007,London,E09000006,Bromley,Primary,30000,893,19,0.029766666666666667,0.0006333333333333333
Autumn Term,201819,Local Authority,E92000001,England,E12000007,London,E09000006,Bromley,Secondary,30000,822,31,0.0274,0.0010333333333333334
Autumn Term,201819,Local Authority,E92000001,England,E12000007,London,E09000006,Bromley,Special,100,99,31,0.99,0.31
Autumn Term,201819,Local Authority,E92000001,England,E12000007,London,E09000007,Camden,Primary,30000,765,22,0.0255,0.0007333333333333333
Autumn Term,201819,Local Authority,E92000001,England,E12000007,London,E09000007,Camden,Secondary,30000,979,16,0.032633333333333334,0.0005333333333333334
Autumn Term,201819,Local Authority,E92000001,England,E12000007,London,E09000007,Camden,Special,100,99,19,0.99,0.19
Autumn Term,201819,Local Authority,E92000001,England,E12000007,London,E09000008,Croydon,Primary,30000,892,18,0.029733333333333334,0.0006
Autumn Term,201819,Local Authority,E92000001,England,E12000007,London,E09000008,Croydon,Secondary,30000,971,24,0.03236666666666667,0.0008
Autumn Term,201819,Local Authority,E92000001,England,E12000007,London,E09000008,Croydon,Special,100,99,28,0.99,0.28
Autumn Term,201819,Local Authority,E92000001,England,E12000007,London,E09000009,Ealing,Primary,100,99,26,0.99,0.26
Autumn Term,201819,Local Authority,E92000001,England,E12000007,London,E09000009,Ealing,Secondary,30000,1000,24,0.03333333333333333,0.0008
Autumn Term,201819,Local Authority,E92000001,England,E12000007,London,E09000009,Ealing,Special,30000,949,24,0.03163333333333333,0.0008
Autumn Term,201819,Local Authority,E92000001,England,E12000007,London,E09000010,Enfield,Primary,100,99,25,0.99,0.25
Autumn Term,201819,Local Authority,E92000001,England,E12000007,London,E09000010,Enfield,Secondary,30000,1000,18,0.03333333333333333,0.0006
Autumn Term,201819,Local Authority,E92000001,England,E12000007,London,E09000010,Enfield,Special,30000,1000,17,0.03333333333333333,0.0005666666666666667
Autumn Term,201819,Local Authority,E92000001,England,E12000007,London,E09000011,Greenwich,Primary,30000,626,16,0.020866666666666665,0.0005333333333333334
Autumn Term,201819,Local Authority,E92000001,England,E12000007,London,E09000011,Greenwich,Secondary,30000,831,17,0.0277,0.0005666666666666667
Autumn Term,201819,Local Authority,E92000001,England,E12000007,London,E09000011,Greenwich,Special,30000,1000,24,0.03333333333333333,0.0008
Autumn Term,201819,Local Authority,E92000001,England,E12000007,London,E09000012,Hackney,Primary,30000,1000,15,0.03333333333333333,0.0005
Autumn Term,201819,Local Authority,E92000001,England,E12000007,London,E09000012,Hackney,Secondary,30000,936,17,0.0312,0.0005666666666666667
Autumn Term,201819,Local Authority,E92000001,England,E12000007,London,E09000012,Hackney,Special,100,99,28,0.99,0.28
Autumn Term,201819,Local Authority,E92000001,England,E12000007,London,E09000013,Hammersmith and Fulham,Primary,30000,1000,17,0.03333333333333333,0.0005666666666666667
Autumn Term,201819,Local Authority,E92000001,England,E12000007,London,E09000013,Hammersmith and Fulham,Secondary,100,99,20,0.99,0.2
Autumn Term,201819,Local Authority,E92000001,England,E12000007,London,E09000013,Hammersmith and Fulham,Special,30000,864,25,0.0288,0.0008333333333333334
Autumn Term,201819,Local Authority,E92000001,England,E12000007,London,E09000014,Haringey,Primary,100,99,33,0.99,0.33
Autumn Term,201819,Local Authority,E92000001,England,E12000007,London,E09000014,Haringey,Secondary,30000,917,21,0.030566666666666666,0.0007
Autumn Term,201819,Local Authority,E92000001,England,E12000007,London,E09000014,Haringey,Special,100,99,24,0.99,0.24
Autumn Term,201819,Local Authority,E92000001,England,E12000007,London,E09000015,Harrow,Primary,30000,1000,22,0.03333333333333333,0.0007333333333333333
Autumn Term,201819,Local Authority,E92000001,England,E12000007,London,E09000015,Harrow,Secondary,100,99,18,0.99,0.18
Autumn Term,201819,Local Authority,E92000001,England,E12000007,London,E09000015,Harrow,Special,100,99,22,0.99,0.22
Autumn Term,201819,Local Authority,E92000001,England,E12000007,London,E09000016,Havering,Primary,30000,884,22,0.029466666666666665,0.0007333333333333333
Autumn Term,201819,Local Authority,E92000001,England,E12000007,London,E09000016,Havering,Secondary,30000,859,11,0.028633333333333334,0.00036666666666666667
Autumn Term,201819,Local Authority,E92000001,England,E12000007,London,E09000016,Havering,Special,30000,843,18,0.0281,0.0006
Autumn Term,201819,Local Authority,E92000001,England,E12000007,London,E09000017,Hillingdon,Primary,100,99,21,0.99,0.21
Autumn Term,201819,Local Authority,E92000001,England,E12000007,London,E09000017,Hillingdon,Secondary,100,99,17,0.99,0.17
Autumn Term,201819,Local Authority,E92000001,England,E12000007,London,E09000017,Hillingdon,Special,30000,1000,21,0.03333333333333333,0.0007
Autumn Term,201819,Local Authority,E92000001,England,E12000007,London,E09000018,Hounslow,Primary,30000,998,22,0.03326666666666667,0.0007333333333333333
Autumn Term,201819,Local Authority,E92000001,England,E12000007,London,E09000018,Hounslow,Secondary,30000,905,19,0.030166666666666668,0.0006333333333333333
Autumn Term,201819,Local Authority,E92000001,England,E12000007,London,E09000018,Hounslow,Special,30000,771,19,0.0257,0.0006333333333333333
Autumn Term,201819,Local Authority,E92000001,England,E12000007,London,E09000019,Islington,Primary,30000,946,23,0.03153333333333333,0.0007666666666666667
Autumn Term,201819,Local Authority,E92000001,England,E12000007,London,E09000019,Islington,Secondary,30000,1000,13,0.03333333333333333,0.0004333333333333333
Autumn Term,201819,Local Authority,E92000001,England,E12000007,London,E09000019,Islington,Special,30000,997,17,0.03323333333333333,0.0005666666666666667
Autumn Term,201819,Local Authority,E92000001,England,E12000007,London,E09000020,Kensington and Chelsea,Primary,30000,860,21,0.028666666666666667,0.0007
Autumn Term,201819,Local Authority,E92000001,England,E12000007,London,E09000020,Kensington and Chelsea,Secondary,30000,1000,18,0.03333333333333333,0.0006
Autumn Term,201819,Local Authority,E92000001,England,E12000007,London,E09000020,Kensington and Chelsea,Special,30000,1000,22,0.03333333333333333,0.0007333333333333333
Autumn Term,201819,Local Authority,E92000001,England,E12000007,London,E09000021,Kingston upon Thames,Primary,30000,864,19,0.0288,0.0006333333333333333
Autumn Term,201819,Local Authority,E92000001,England,E12000007,London,E09000021,Kingston upon Thames,Secondary,100,99,20,0.99,0.2
Autumn Term,201819,Local Authority,E92000001,England,E12000007,London,E09000021,Kingston upon Thames,Special,30000,908,15,0.030266666666666667,0.0005
Autumn Term,201819,Local Authority,E92000001,England,E12000007,London,E09000022,Lambeth,Primary,30000,1000,17,0.03333333333333333,0.0005666666666666667
Autumn Term,201819,Local Authority,E92000001,England,E12000007,London,E09000022,Lambeth,Secondary,30000,727,30,0.024233333333333332,0.001
Autumn Term,201819,Local Authority,E92000001,England,E12000007,London,E09000022,Lambeth,Special,30000,711,18,0.0237,0.0006
Autumn Term,201819,Local Authority,E92000001,England,E12000007,London,E09000023,Lewisham,Primary,100,99,19,0.99,0.19
Autumn Term,201819,Local Authority,E92000001,England,E12000007,London,E09000023,Lewisham,Secondary,30000,841,14,0.028033333333333334,0.00046666666666666666
Autumn Term,201819,Local Authority,E92000001,England,E12000007,London,E09000023,Lewisham,Special,30000,1000,16,0.03333333333333333,0.0005333333333333334
Autumn Term,201819,Local Authority,E92000001,England,E12000007,London,E09000024,Merton,Primary,30000,912,11,0.0304,0.00036666666666666667
Autumn Term,201819,Local Authority,E92000001,England,E12000007,London,E09000024,Merton,Secondary,100,99,19,0.99,0.19
Autumn Term,201819,Local Authority,E92000001,England,E12000007,London,E09000024,Merton,Special,30000,963,19,0.0321,0.0006333333333333333
Autumn Term,201819,Local Authority,E92000001,England,E12000007,London,E09000025,Newham,Primary,30000,1000,18,0.03333333333333333,0.0006
Autumn Term,201819,Local Authority,E92000001,England,E12000007,London,E09000025,Newham,Secondary,100,99,20,0.99,0.2
Autumn Term,201819,Local Authority,E92000001,England,E12000007,London,E09000025,Newham,Special,30000,856,16,0.028533333333333334,0.0005333333333333334
Autumn Term,201819,Local Authority,E92000001,England,E12000007,London,E09000026,Redbridge,Primary,30000,1000,20,0.03333333333333333,0.0006666666666666666
Autumn Term,201819,Local Authority,E92000001,England,E12000007,London,E09000026,Redbridge,Secondary,30000,1000,19,0.03333333333333333,0.0006333333333333333
Autumn Term,201819,Local Authority,E92000001,England,E12000007,London,E09000026,Redbridge,Special,30000,856,26,0.028533333333333334,0.0008666666666666666
Autumn Term,201819,Local Authority,E92000001,England,E12000007,London,E09000027,Richmond upon Thames,Primary,30000,963,18,0.0321,0.0006
Autumn Term,201819,Local Authority,E92000001,England,E12000007,London,E09000027,Richmond upon Thames,Secondary,100,99,12,0.99,0.12
Autumn Term,201819,Local Authority,E92000001,England,E12000007,London,E09000027,Richmond upon Thames,Special,30000,925,16,0.030833333333333334,0.0005333333333333334
Autumn Term,201819,Local Authority,E92000001,England,E12000007,London,E09000028,Southwark,Primary,30000,969,21,0.0323,0.0007
Autumn Term,201819,Local Authority,E92000001,England,E12000007,London,E09000028,Southwark,Secondary,30000,990,22,0.033,0.0007333333333333333
Autumn Term,201819,Local Authority,E92000001,England,E12000007,London,E09000028,Southwark,Special,100,99,24,0.99,0.24
Autumn Term,201819,Local Authority,E92000001,England,E12000007,London,E09000029,Sutton,Primary,30000,998,20,0.03326666666666667,0.0006666666666666666
Autumn Term,201819,Local Authority,E92000001,England,E12000007,London,E09000029,Sutton,Secondary,100,99,19,0.99,0.19
Autumn Term,201819,Local Authority,E92000001,England,E12000007,London,E09000029,Sutton,Special,100,99,25,0.99,0.25
Autumn Term,201819,Local Authority,E92000001,England,E12000007,London,E09000030,Tower Hamlets,Primary,100,99,17,0.99,0.17
Autumn Term,201819,Local Authority,E92000001,England,E12000007,London,E09000030,Tower Hamlets,Secondary,100,99,24,0.99,0.24
Autumn Term,201819,Local Authority,E92000001,England,E12000007,London,E09000030,Tower Hamlets,Special,30000,868,17,0.028933333333333332,0.0005666666666666667
Autumn Term,201819,Local Authority,E92000001,England,E12000007,London,E09000031,Waltham Forest,Primary,100,99,26,0.99,0.26
Autumn Term,201819,Local Authority,E92000001,England,E12000007,London,E09000031,Waltham Forest,Secondary,30000,993,18,0.0331,0.0006
Autumn Term,201819,Local Authority,E92000001,England,E12000007,London,E09000031,Waltham Forest,Special,30000,962,19,0.03206666666666667,0.0006333333333333333
Autumn Term,201819,Local Authority,E92000001,England,E12000007,London,E09000032,Wandsworth,Primary,30000,931,22,0.031033333333333333,0.0007333333333333333
Autumn Term,201819,Local Authority,E92000001,England,E12000007,London,E09000032,Wandsworth,Secondary,30000,1000,21,0.03333333333333333,0.0007
Autumn Term,201819,Local Authority,E92000001,England,E12000007,London,E09000032,Wandsworth,Special,30000,1000,18,0.03333333333333333,0.0006
Autumn Term,201819,Local Authority,E92000001,England,E12000007,London,E09000033,Westminster,Primary,30000,951,24,0.0317,0.0008
Autumn Term,201819,Local Authority,E92000001,England,E12000007,London,E09000033,Westminster,Secondary,100,99,18,0.99,0.18
Autumn Term,201819,Local Authority,E92000001,England,E12000007,London,E09000033,Westminster,Special,30000,799,17,0.026633333333333332,0.0005666666666666667
Autumn Term,201819,Local Authority,E92000001,England,E12000006,East of England,E10000001,Bedfordshire,Primary,30000,1000,22,0.03333333333333333,0.0007333333333333333
Autumn Term,201819,Local Authority,E92000001,England,E12000006,East of England,E10000001,Bedfordshire,Secondary,30000,1000,31,0.03333333333333333,0.0010333333333333334
Autumn Term,201819,Local Authority,E92000001,England,E12000006,East of England,E10000001,Bedfordshire,Special,100,99,28,0.99,0.28
Autumn Term,201819,Local Authority,E92000001,England,E12000008,South East,E10000002,Buckinghamshire,Primary,100,99,22,0.99,0.22
Autumn Term,201819,Local Authority,E92000001,England,E12000008,South East,E10000002,Buckinghamshire,Secondary,30000,850,19,0.028333333333333332,0.0006333333333333333
Autumn Term,201819,Local Authority,E92000001,England,E12000008,South East,E10000002,Buckinghamshire,Special,30000,831,12,0.0277,0.0004
Autumn Term,201819,Local Authority,E92000001,England,E12000006,East of England,E10000003,Cambridgeshire,Primary,30000,710,19,0.023666666666666666,0.0006333333333333333
Autumn Term,201819,Local Authority,E92000001,England,E12000006,East of England,E10000003,Cambridgeshire,Secondary,100,99,16,0.99,0.16
Autumn Term,201819,Local Authority,E92000001,England,E12000006,East of England,E10000003,Cambridgeshire,Special,100,99,18,0.99,0.18
Autumn Term,201819,Local Authority,E92000001,England,E12000002,North West,E10000004,Cheshire,Primary,100,99,21,0.99,0.21
Autumn Term,201819,Local Authority,E92000001,England,E12000002,North West,E10000004,Cheshire,Secondary,30000,814,19,0.027133333333333332,0.0006333333333333333
Autumn Term,201819,Local Authority,E92000001,England,E12000002,North West,E10000004,Cheshire,Special,100,99,17,0.99,0.17
Autumn Term,201819,Local Authority,E92000001,England,E12000009,South West,E10000005,Cornwall and Isles of Scilly,Primary,100,99,20,0.99,0.2
Autumn Term,201819,Local Authority,E92000001,England,E12000009,South West,E10000005,Cornwall and Isles of Scilly,Secondary,100,99,19,0.99,0.19
Autumn Term,201819,Local Authority,E92000001,England,E12000009,South West,E10000005,Cornwall and Isles of Scilly,Special,30000,872,21,0.029066666666666668,0.0007
Autumn Term,201819,Local Authority,E92000001,England,E12000002,North West,E10000006,Cumbria,Primary,100,99,14,0.99,0.14
Autumn Term,201819,Local Authority,E92000001,England,E12000002,North West,E10000006,Cumbria,Secondary,100,99,14,0.99,0.14
Autumn Term,201819,Local Authority,E92000001,England,E12000002,North West,E10000006,Cumbria,Special,100,99,24,0.99,0.24
Autumn Term,201819,Local Authority,E92000001,England,E12000004,East Midlands,E10000007,Derbyshire,Primary,100,99,17,0.99,0.17
Autumn Term,201819,Local Authority,E92000001,England,E12000004,East Midlands,E10000007,Derbyshire,Secondary,30000,1000,19,0.03333333333333333,0.0006333333333333333
Autumn Term,201819,Local Authority,E92000001,England,E12000004,East Midlands,E10000007,Derbyshire,Special,30000,752,16,0.025066666666666668,0.0005333333333333334
Autumn Term,201819,Local Authority,E92000001,England,E12000009,South West,E10000008,Devon,Primary,30000,1000,20,0.03333333333333333,0.0006666666666666666
Autumn Term,201819,Local Authority,E92000001,England,E12000009,South West,E10000008,Devon,Secondary,100,99,16,0.99,0.16
Autumn Term,201819,Local Authority,E92000001,England,E12000009,South West,E10000008,Devon,Special,30000,974,10,0.032466666666666665,0.0003333333333333333
Autumn Term,201819,Local Authority,E92000001,England,E12000009,South West,E10000009,Dorset,Primary,100,99,19,0.99,0.19
Autumn Term,201819,Local Authority,E92000001,England,E12000009,South West,E10000009,Dorset,Secondary,30000,798,24,0.0266,0.0008
Autumn Term,201819,Local Authority,E92000001,England,E12000009,South West,E10000009,Dorset,Special,100,99,18,0.99,0.18
Autumn Term,201819,Local Authority,E92000001,England,E12000001,North East,E10000010,Durham,Primary,30000,948,31,0.0316,0.0010333333333333334
Autumn Term,201819,Local Authority,E92000001,England,E12000001,North East,E10000010,Durham,Secondary,30000,989,26,0.032966666666666665,0.0008666666666666666
Autumn Term,201819,Local Authority,E92000001,England,E12000001,North East,E10000010,Durham,Special,100,99,18,0.99,0.18
Autumn Term,201819,Local Authority,E92000001,England,E12000008,South East,E10000011,East Sussex,Primary,100,99,28,0.99,0.28
Autumn Term,201819,Local Authority,E92000001,England,E12000008,South East,E10000011,East Sussex,Secondary,100,99,16,0.99,0.16
Autumn Term,201819,Local Authority,E92000001,England,E12000008,South East,E10000011,East Sussex,Special,30000,1000,11,0.03333333333333333,0.00036666666666666667
Autumn Term,201819,Local Authority,E92000001,England,E12000006,East of England,E10000012,Essex,Primary,30000,794,17,0.026466666666666666,0.0005666666666666667
Autumn Term,201819,Local Authority,E92000001,England,E12000006,East of England,E10000012,Essex,Secondary,100,99,25,0.99,0.25
Autumn Term,201819,Local Authority,E92000001,England,E12000006,East of England,E10000012,Essex,Special,30000,1000,21,0.03333333333333333,0.0007
Autumn Term,201819,Local Authority,E92000001,England,E12000009,South West,E10000013,Gloucestershire,Primary,30000,980,28,0.03266666666666666,0.0009333333333333333
Autumn Term,201819,Local Authority,E92000001,England,E12000009,South West,E10000013,Gloucestershire,Secondary,30000,1000,24,0.03333333333333333,0.0008
Autumn Term,201819,Local Authority,E92000001,England,E12000009,South West,E10000013,Gloucestershire,Special,100,99,23,0.99,0.23
Autumn Term,201819,Local Authority,E92000001,England,E12000008,South East,E10000014,Hampshire,Primary,30000,1000,19,0.03333333333333333,0.0006333333333333333
Autumn Term,201819,Local Authority,E92000001,England,E12000008,South East,E10000014,Hampshire,Secondary,100,99,21,0.99,0.21
Autumn Term,201819,Local Authority,E92000001,England,E12000008,South East,E10000014,Hampshire,Special,30000,989,24,0.032966666666666665,0.0008
Autumn Term,201819,Local Authority,E92000001,England,E12000006,East of England,E10000015,Hertfordshire,Primary,100,99,24,0.99,0.24
Autumn Term,201819,Local Authority,E92000001,England,E12000006,East of England,E10000015,Hertfordshire,Secondary,100,99,28,0.99,0.28
Autumn Term,201819,Local Authority,E92000001,England,E12000006,East of England,E10000015,Hertfordshire,Special,100,99,21,0.99,0.21
Autumn Term,201819,Local Authority,E92000001,England,E12000008,South East,E10000016,Kent,Primary,30000,862,22,0.028733333333333333,0.0007333333333333333
Autumn Term,201819,Local Authority,E92000001,England,E12000008,South East,E10000016,Kent,Secondary,30000,724,21,0.024133333333333333,0.0007
Autumn Term,201819,Local Authority,E92000001,England,E12000008,South East,E10000016,Kent,Special,100,99,22,0.99,0.22
Autumn Term,201819,Local Authority,E92000001,England,E12000002,North West,E10000017,Lancashire,Primary,100,99,19,0.99,0.19
Autumn Term,201819,Local Authority,E92000001,England,E12000002,North West,E10000017,Lancashire,Secondary,30000,1000,31,0.03333333333333333,0.0010333333333333334
Autumn Term,201819,Local Authority,E92000001,England,E12000002,North West,E10000017,Lancashire,Special,30000,1000,20,0.03333333333333333,0.0006666666666666666
Autumn Term,201819,Local Authority,E92000001,England,E12000004,East Midlands,E10000018,Leicestershire,Primary,30000,842,20,0.028066666666666667,0.0006666666666666666
Autumn Term,201819,Local Authority,E92000001,England,E12000004,East Midlands,E10000018,Leicestershire,Secondary,100,99,20,0.99,0.2
Autumn Term,201819,Local Authority,E92000001,England,E12000004,East Midlands,E10000018,Leicestershire,Special,30000,656,32,0.021866666666666666,0.0010666666666666667
Autumn Term,201819,Local Authority,E92000001,England,E12000004,East Midlands,E10000019,Lincolnshire,Primary,100,99,22,0.99,0.22
Autumn Term,201819,Local Authority,E92000001,England,E12000004,East Midlands,E10000019,Lincolnshire,Secondary,30000,781,19,0.026033333333333332,0.0006333333333333333
Autumn Term,201819,Local Authority,E92000001,England,E12000004,East Midlands,E10000019,Lincolnshire,Special,100,99,18,0.99,0.18
Autumn Term,201819,Local Authority,E92000001,England,E12000006,East of England,E10000020,Norfolk,Primary,100,99,28,0.99,0.28
Autumn Term,201819,Local Authority,E92000001,England,E12000006,East of England,E10000020,Norfolk,Secondary,100,99,24,0.99,0.24
Autumn Term,201819,Local Authority,E92000001,England,E12000006,East of England,E10000020,Norfolk,Special,30000,858,17,0.0286,0.0005666666666666667
Autumn Term,201819,Local Authority,E92000001,England,E12000004,East Midlands,E10000021,Northamptonshire,Primary,30000,681,24,0.0227,0.0008
Autumn Term,201819,Local Authority,E92000001,England,E12000004,East Midlands,E10000021,Northamptonshire,Secondary,30000,826,18,0.027533333333333333,0.0006
Autumn Term,201819,Local Authority,E92000001,England,E12000004,East Midlands,E10000021,Northamptonshire,Special,100,99,15,0.99,0.15
Autumn Term,201819,Local Authority,E92000001,England,E12000001,North East,E10000022,Northumberland,Primary,30000,1000,18,0.03333333333333333,0.0006
Autumn Term,201819,Local Authority,E92000001,England,E12000001,North East,E10000022,Northumberland,Secondary,100,99,15,0.99,0.15
Autumn Term,201819,Local Authority,E92000001,England,E12000001,North East,E10000022,Northumberland,Special,30000,883,19,0.029433333333333332,0.0006333333333333333
Autumn Term,201819,Local Authority,E92000001,England,E12000003,Yorkshire and The Humber,E10000023,North Yorkshire,Primary,30000,1000,15,0.03333333333333333,0.0005
Autumn Term,201819,Local Authority,E92000001,England,E12000003,Yorkshire and The Humber,E10000023,North Yorkshire,Secondary,30000,812,26,0.027066666666666666,0.0008666666666666666
Autumn Term,201819,Local Authority,E92000001,England,E12000003,Yorkshire and The Humber,E10000023,North Yorkshire,Special,30000,857,21,0.028566666666666667,0.0007
Autumn Term,201819,Local Authority,E92000001,England,E12000004,East Midlands,E10000024,Nottinghamshire,Primary,30000,1000,25,0.03333333333333333,0.0008333333333333334
Autumn Term,201819,Local Authority,E92000001,England,E12000004,East Midlands,E10000024,Nottinghamshire,Secondary,100,99,13,0.99,0.13
Autumn Term,201819,Local Authority,E92000001,England,E12000004,East Midlands,E10000024,Nottinghamshire,Special,100,99,22,0.99,0.22
Autumn Term,201819,Local Authority,E92000001,England,E12000008,South East,E10000025,Oxfordshire,Primary,100,99,16,0.99,0.16
Autumn Term,201819,Local Authority,E92000001,England,E12000008,South East,E10000025,Oxfordshire,Secondary,100,99,25,0.99,0.25
Autumn Term,201819,Local Authority,E92000001,England,E12000008,South East,E10000025,Oxfordshire,Special,100,99,19,0.99,0.19
Autumn Term,201819,Local Authority,E92000001,England,E12000005,West Midlands,E10000026,Shropshire,Primary,30000,913,21,0.030433333333333333,0.0007
Autumn Term,201819,Local Authority,E92000001,England,E12000005,West Midlands,E10000026,Shropshire,Secondary,30000,791,20,0.026366666666666667,0.0006666666666666666
Autumn Term,201819,Local Authority,E92000001,England,E12000005,West Midlands,E10000026,Shropshire,Special,30000,890,14,0.029666666666666668,0.00046666666666666666
Autumn Term,201819,Local Authority,E92000001,England,E12000009,South West,E10000027,Somerset,Primary,30000,757,22,0.025233333333333333,0.0007333333333333333
Autumn Term,201819,Local Authority,E92000001,England,E12000009,South West,E10000027,Somerset,Secondary,30000,956,22,0.03186666666666667,0.0007333333333333333
Autumn Term,201819,Local Authority,E92000001,England,E12000009,South West,E10000027,Somerset,Special,30000,934,21,0.031133333333333332,0.0007
Autumn Term,201819,Local Authority,E92000001,England,E12000005,West Midlands,E10000028,Staffordshire,Primary,100,99,14,0.99,0.14
Autumn Term,201819,Local Authority,E92000001,England,E12000005,West Midlands,E10000028,Staffordshire,Secondary,100,99,12,0.99,0.12
Autumn Term,201819,Local Authority,E92000001,England,E12000005,West Midlands,E10000028,Staffordshire,Special,30000,725,17,0.024166666666666666,0.0005666666666666667
Autumn Term,201819,Local Authority,E92000001,England,E12000006,East of England,E10000029,Suffolk,Primary,30000,674,17,0.022466666666666666,0.0005666666666666667
Autumn Term,201819,Local Authority,E92000001,England,E12000006,East of England,E10000029,Suffolk,Secondary,30000,1000,14,0.03333333333333333,0.00046666666666666666
Autumn Term,201819,Local Authority,E92000001,England,E12000006,East of England,E10000029,Suffolk,Special,30000,1000,23,0.03333333333333333,0.0007666666666666667
Autumn Term,201819,Local Authority,E92000001,England,E12000008,South East,E10000030,Surrey,Primary,100,99,13,0.99,0.13
Autumn Term,201819,Local Authority,E92000001,England,E12000008,South East,E10000030,Surrey,Secondary,30000,1000,21,0.03333333333333333,0.0007
Autumn Term,201819,Local Authority,E92000001,England,E12000008,South East,E10000030,Surrey,Special,30000,713,23,0.023766666666666665,0.0007666666666666667
Autumn Term,201819,Local Authority,E92000001,England,E12000005,West Midlands,E10000031,Warwickshire,Primary,30000,779,23,0.025966666666666666,0.0007666666666666667
Autumn Term,201819,Local Authority,E92000001,England,E12000005,West Midlands,E10000031,Warwickshire,Secondary,100,99,18,0.99,0.18
Autumn Term,201819,Local Authority,E92000001,England,E12000005,West Midlands,E10000031,Warwickshire,Special,100,99,19,0.99,0.19
Autumn Term,201819,Local Authority,E92000001,England,E12000008,South East,E10000032,West Sussex,Primary,30000,808,18,0.026933333333333333,0.0006
Autumn Term,201819,Local Authority,E92000001,England,E12000008,South East,E10000032,West Sussex,Secondary,30000,814,19,0.027133333333333332,0.0006333333333333333
Autumn Term,201819,Local Authority,E92000001,England,E12000008,South East,E10000032,West Sussex,Special,30000,1000,22,0.03333333333333333,0.0007333333333333333
Autumn Term,201819,Local Authority,E92000001,England,E12000009,South West,E10000033,Wiltshire,Primary,30000,959,21,0.031966666666666664,0.0007
Autumn Term,201819,Local Authority,E92000001,England,E12000009,South West,E10000033,Wiltshire,Secondary,100,99,16,0.99,0.16
Autumn Term,201819,Local Authority,E92000001,England,E12000009,South West,E10000033,Wiltshire,Special,30000,1000,24,0.03333333333333333,0.0008
Autumn Term,201819,Local Authority,E92000001,England,E12000005,West Midlands,E10000034,Worcestershire,Primary,30000,833,14,0.027766666666666665,0.00046666666666666666
Autumn Term,201819,Local Authority,E92000001,England,E12000005,West Midlands,E10000034,Worcestershire,Secondary,30000,826,21,0.027533333333333333,0.0007
Autumn Term,201819,Local Authority,E92000001,England,E12000005,West Midlands,E10000034,Worcestershire,Special,30000,868,34,0.028933333333333332,0.0011333333333333334
Autumn Term,201920,Local Authority,E92000001,England,E12000001,North East,E06000001,Hartlepool,Primary,30000,693,20,0.0231,0.0006666666666666666
Autumn Term,201920,Local Authority,E92000001,England,E12000001,North East,E06000001,Hartlepool,Secondary,100,99,18,0.99,0.18
Autumn Term,201920,Local Authority,E92000001,England,E12000001,North East,E06000001,Hartlepool,Special,30000,944,25,0.031466666666666664,0.0008333333333333334
Autumn Term,201920,Local Authority,E92000001,England,E12000001,North East,E06000002,Middlesbrough,Primary,30000,902,24,0.030066666666666665,0.0008
Autumn Term,201920,Local Authority,E92000001,England,E12000001,North East,E06000002,Middlesbrough,Secondary,30000,940,22,0.03133333333333333,0.0007333333333333333
Autumn Term,201920,Local Authority,E92000001,England,E12000001,North East,E06000002,Middlesbrough,Special,30000,993,12,0.0331,0.0004
Autumn Term,201920,Local Authority,E92000001,England,E12000001,North East,E06000003,Redcar and Cleveland,Primary,100,99,19,0.99,0.19
Autumn Term,201920,Local Authority,E92000001,England,E12000001,North East,E06000003,Redcar and Cleveland,Secondary,100,99,11,0.99,0.11
Autumn Term,201920,Local Authority,E92000001,England,E12000001,North East,E06000003,Redcar and Cleveland,Special,30000,1000,10,0.03333333333333333,0.0003333333333333333
Autumn Term,201920,Local Authority,E92000001,England,E12000001,North East,E06000004,Stockton-on-Tees,Primary,30000,1000,15,0.03333333333333333,0.0005
Autumn Term,201920,Local Authority,E92000001,England,E12000001,North East,E06000004,Stockton-on-Tees,Secondary,30000,824,14,0.027466666666666667,0.00046666666666666666
Autumn Term,201920,Local Authority,E92000001,England,E12000001,North East,E06000004,Stockton-on-Tees,Special,100,99,19,0.99,0.19
Autumn Term,201920,Local Authority,E92000001,England,E12000001,North East,E06000005,Darlington,Primary,100,99,31,0.99,0.31
Autumn Term,201920,Local Authority,E92000001,England,E12000001,North East,E06000005,Darlington,Secondary,100,99,15,0.99,0.15
Autumn Term,201920,Local Authority,E92000001,England,E12000001,North East,E06000005,Darlington,Special,30000,1000,17,0.03333333333333333,0.0005666666666666667
Autumn Term,201920,Local Authority,E92000001,England,E12000002,North West,E06000006,Halton,Primary,30000,872,15,0.029066666666666668,0.0005
Autumn Term,201920,Local Authority,E92000001,England,E12000002,North West,E06000006,Halton,Secondary,30000,837,14,0.0279,0.00046666666666666666
Autumn Term,201920,Local Authority,E92000001,England,E12000002,North West,E06000006,Halton,Special,100,99,14,0.99,0.14
Autumn Term,201920,Local Authority,E92000001,England,E12000002,North West,E06000007,Warrington,Primary,100,99,18,0.99,0.18
Autumn Term,201920,Local Authority,E92000001,England,E12000002,North West,E06000007,Warrington,Secondary,100,99,16,0.99,0.16
Autumn Term,201920,Local Authority,E92000001,England,E12000002,North West,E06000007,Warrington,Special,30000,928,23,0.030933333333333334,0.0007666666666666667
Autumn Term,201920,Local Authority,E92000001,England,E12000002,North West,E06000008,Blackburn with Darwen,Primary,30000,1000,17,0.03333333333333333,0.0005666666666666667
Autumn Term,201920,Local Authority,E92000001,England,E12000002,North West,E06000008,Blackburn with Darwen,Secondary,30000,1000,29,0.03333333333333333,0.0009666666666666667
Autumn Term,201920,Local Authority,E92000001,England,E12000002,North West,E06000008,Blackburn with Darwen,Special,100,99,20,0.99,0.2
Autumn Term,201920,Local Authority,E92000001,England,E12000002,North West,E06000009,Blackpool,Primary,30000,1000,19,0.03333333333333333,0.0006333333333333333
Autumn Term,201920,Local Authority,E92000001,England,E12000002,North West,E06000009,Blackpool,Secondary,30000,1000,16,0.03333333333333333,0.0005333333333333334
Autumn Term,201920,Local Authority,E92000001,England,E12000002,North West,E06000009,Blackpool,Special,30000,1000,13,0.03333333333333333,0.0004333333333333333
Autumn Term,201920,Local Authority,E92000001,England,E12000003,Yorkshire and The Humber,E06000010,"Kingston upon Hull, City of",Primary,100,99,22,0.99,0.22
Autumn Term,201920,Local Authority,E92000001,England,E12000003,Yorkshire and The Humber,E06000010,"Kingston upon Hull, City of",Secondary,30000,774,17,0.0258,0.0005666666666666667
Autumn Term,201920,Local Authority,E92000001,England,E12000003,Yorkshire and The Humber,E06000010,"Kingston upon Hull, City of",Special,100,99,20,0.99,0.2
Autumn Term,201920,Local Authority,E92000001,England,E12000003,Yorkshire and The Humber,E06000011,East Riding of Yorkshire,Primary,30000,826,17,0.027533333333333333,0.0005666666666666667
Autumn Term,201920,Local Authority,E92000001,England,E12000003,Yorkshire and The Humber,E06000011,East Riding of Yorkshire,Secondary,30000,1000,22,0.03333333333333333,0.0007333333333333333
Autumn Term,201920,Local Authority,E92000001,England,E12000003,Yorkshire and The Humber,E06000011,East Riding of Yorkshire,Special,100,99,22,0.99,0.22
Autumn Term,201920,Local Authority,E92000001,England,E12000003,Yorkshire and The Humber,E06000012,North East Lincolnshire,Primary,100,99,27,0.99,0.27
Autumn Term,201920,Local Authority,E92000001,England,E12000003,Yorkshire and The Humber,E06000012,North East Lincolnshire,Secondary,30000,969,11,0.0323,0.00036666666666666667
Autumn Term,201920,Local Authority,E92000001,England,E12000003,Yorkshire and The Humber,E06000012,North East Lincolnshire,Special,100,99,17,0.99,0.17
Autumn Term,201920,Local Authority,E92000001,England,E12000003,Yorkshire and The Humber,E06000013,North Lincolnshire,Primary,30000,1000,22,0.03333333333333333,0.0007333333333333333
Autumn Term,201920,Local Authority,E92000001,England,E12000003,Yorkshire and The Humber,E06000013,North Lincolnshire,Secondary,30000,903,18,0.0301,0.0006
Autumn Term,201920,Local Authority,E92000001,England,E12000003,Yorkshire and The Humber,E06000013,North Lincolnshire,Special,30000,1000,14,0.03333333333333333,0.00046666666666666666
Autumn Term,201920,Local Authority,E92000001,England,E12000003,Yorkshire and The Humber,E06000014,York,Primary,30000,1000,20,0.03333333333333333,0.0006666666666666666
Autumn Term,201920,Local Authority,E92000001,England,E12000003,Yorkshire and The Humber,E06000014,York,Secondary,100,99,23,0.99,0.23
Autumn Term,201920,Local Authority,E92000001,England,E12000003,Yorkshire and The Humber,E06000014,York,Special,100,99,22,0.99,0.22
Autumn Term,201920,Local Authority,E92000001,England,E12000004,East Midlands,E06000015,Derby,Primary,30000,859,26,0.028633333333333334,0.0008666666666666666
Autumn Term,201920,Local Authority,E92000001,England,E12000004,East Midlands,E06000015,Derby,Secondary,30000,947,29,0.031566666666666666,0.0009666666666666667
Autumn Term,201920,Local Authority,E92000001,England,E12000004,East Midlands,E06000015,Derby,Special,100,99,20,0.99,0.2
Autumn Term,201920,Local Authority,E92000001,England,E12000004,East Midlands,E06000016,Leicester,Primary,30000,1000,22,0.03333333333333333,0.0007333333333333333
Autumn Term,201920,Local Authority,E92000001,England,E12000004,East Midlands,E06000016,Leicester,Secondary,100,99,22,0.99,0.22
Autumn Term,201920,Local Authority,E92000001,England,E12000004,East Midlands,E06000016,Leicester,Special,100,99,19,0.99,0.19
Autumn Term,201920,Local Authority,E92000001,England,E12000004,East Midlands,E06000017,Rutland,Primary,100,99,25,0.99,0.25
Autumn Term,201920,Local Authority,E92000001,England,E12000004,East Midlands,E06000017,Rutland,Secondary,30000,900,20,0.03,0.0006666666666666666
Autumn Term,201920,Local Authority,E92000001,England,E12000004,East Midlands,E06000017,Rutland,Special,30000,720,10,0.024,0.0003333333333333333
Autumn Term,201920,Local Authority,E92000001,England,E12000004,East Midlands,E06000018,Nottingham,Primary,30000,870,22,0.029,0.0007333333333333333
Autumn Term,201920,Local Authority,E92000001,England,E12000004,East Midlands,E06000018,Nottingham,Secondary,30000,917,13,0.030566666666666666,0.0004333333333333333
Autumn Term,201920,Local Authority,E92000001,England,E12000004,East Midlands,E06000018,Nottingham,Special,100,99,16,0.99,0.16
Autumn Term,201920,Local Authority,E92000001,England,E12000005,West Midlands,E06000019,"Herefordshire, County of",Primary,100,99,27,0.99,0.27
Autumn Term,201920,Local Authority,E92000001,England,E12000005,West Midlands,E06000019,"Herefordshire, County of",Secondary,100,99,17,0.99,0.17
Autumn Term,201920,Local Authority,E92000001,England,E12000005,West Midlands,E06000019,"Herefordshire, County of",Special,30000,883,21,0.029433333333333332,0.0007
Autumn Term,201920,Local Authority,E92000001,England,E12000005,West Midlands,E06000020,Telford and Wrekin,Primary,30000,1000,26,0.03333333333333333,0.0008666666666666666
Autumn Term,201920,Local Authority,E92000001,England,E12000005,West Midlands,E06000020,Telford and Wrekin,Secondary,100,99,15,0.99,0.15
Autumn Term,201920,Local Authority,E92000001,England,E12000005,West Midlands,E06000020,Telford and Wrekin,Special,100,99,22,0.99,0.22
Autumn Term,201920,Local Authority,E92000001,England,E12000005,West Midlands,E06000021,Stoke-on-Trent,Primary,100,99,30,0.99,0.3
Autumn Term,201920,Local Authority,E92000001,England,E12000005,West Midlands,E06000021,Stoke-on-Trent,Secondary,30000,950,24,0.03166666666666667,0.0008
Autumn Term,201920,Local Authority,E92000001,England,E12000005,West Midlands,E06000021,Stoke-on-Trent,Special,100,99,24,0.99,0.24
Autumn Term,201920,Local Authority,E92000001,England,E12000009,South West,E06000022,Bath and North East Somerset,Primary,100,99,21,0.99,0.21
Autumn Term,201920,Local Authority,E92000001,England,E12000009,South West,E06000022,Bath and North East Somerset,Secondary,100,99,22,0.99,0.22
Autumn Term,201920,Local Authority,E92000001,England,E12000009,South West,E06000022,Bath and North East Somerset,Special,100,99,24,0.99,0.24
Autumn Term,201920,Local Authority,E92000001,England,E12000009,South West,E06000023,"Bristol, City of",Primary,30000,819,11,0.0273,0.00036666666666666667
Autumn Term,201920,Local Authority,E92000001,England,E12000009,South West,E06000023,"Bristol, City of",Secondary,100,99,13,0.99,0.13
Autumn Term,201920,Local Authority,E92000001,England,E12000009,South West,E06000023,"Bristol, City of",Special,30000,898,16,0.029933333333333333,0.0005333333333333334
Autumn Term,201920,Local Authority,E92000001,England,E12000009,South West,E06000024,North Somerset,Primary,30000,963,18,0.0321,0.0006
Autumn Term,201920,Local Authority,E92000001,England,E12000009,South West,E06000024,North Somerset,Secondary,100,99,26,0.99,0.26
Autumn Term,201920,Local Authority,E92000001,England,E12000009,South West,E06000024,North Somerset,Special,30000,757,19,0.025233333333333333,0.0006333333333333333
Autumn Term,201920,Local Authority,E92000001,England,E12000009,South West,E06000025,South Gloucestershire,Primary,30000,1000,21,0.03333333333333333,0.0007
Autumn Term,201920,Local Authority,E92000001,England,E12000009,South West,E06000025,South Gloucestershire,Secondary,100,99,22,0.99,0.22
Autumn Term,201920,Local Authority,E92000001,England,E12000009,South West,E06000025,South Gloucestershire,Special,30000,925,22,0.030833333333333334,0.0007333333333333333
Autumn Term,201920,Local Authority,E92000001,England,E12000009,South West,E06000026,Plymouth,Primary,100,99,21,0.99,0.21
Autumn Term,201920,Local Authority,E92000001,England,E12000009,South West,E06000026,Plymouth,Secondary,30000,829,27,0.027633333333333333,0.0009
Autumn Term,201920,Local Authority,E92000001,England,E12000009,South West,E06000026,Plymouth,Special,100,99,22,0.99,0.22
Autumn Term,201920,Local Authority,E92000001,England,E12000009,South West,E06000027,Torbay,Primary,100,99,21,0.99,0.21
Autumn Term,201920,Local Authority,E92000001,England,E12000009,South West,E06000027,Torbay,Secondary,100,99,25,0.99,0.25
Autumn Term,201920,Local Authority,E92000001,England,E12000009,South West,E06000027,Torbay,Special,100,99,13,0.99,0.13
Autumn Term,201920,Local Authority,E92000001,England,E12000009,South West,E06000028,Bournemouth,Primary,100,99,20,0.99,0.2
Autumn Term,201920,Local Authority,E92000001,England,E12000009,South West,E06000028,Bournemouth,Secondary,100,99,26,0.99,0.26
Autumn Term,201920,Local Authority,E92000001,England,E12000009,South West,E06000028,Bournemouth,Special,30000,989,17,0.032966666666666665,0.0005666666666666667
Autumn Term,201920,Local Authority,E92000001,England,E12000009,South West,E06000029,Poole,Primary,100,99,21,0.99,0.21
Autumn Term,201920,Local Authority,E92000001,England,E12000009,South West,E06000029,Poole,Secondary,30000,776,24,0.025866666666666666,0.0008
Autumn Term,201920,Local Authority,E92000001,England,E12000009,South West,E06000029,Poole,Special,30000,818,20,0.027266666666666668,0.0006666666666666666
Autumn Term,201920,Local Authority,E92000001,England,E12000009,South West,E06000030,Swindon,Primary,100,99,19,0.99,0.19
Autumn Term,201920,Local Authority,E92000001,England,E12000009,South West,E06000030,Swindon,Secondary,100,99,28,0.99,0.28
Autumn Term,201920,Local Authority,E92000001,England,E12000009,South West,E06000030,Swindon,Special,30000,831,28,0.0277,0.0009333333333333333
Autumn Term,201920,Local Authority,E92000001,England,E12000006,East of England,E06000031,Peterborough,Primary,30000,994,16,0.033133333333333334,0.0005333333333333334
Autumn Term,201920,Local Authority,E92000001,England,E12000006,East of England,E06000031,Peterborough,Secondary,100,99,15,0.99,0.15
Autumn Term,201920,Local Authority,E92000001,England,E12000006,East of England,E06000031,Peterborough,Special,100,99,19,0.99,0.19
Autumn Term,201920,Local Authority,E92000001,England,E12000006,East of England,E06000032,Luton,Primary,100,99,21,0.99,0.21
Autumn Term,201920,Local Authority,E92000001,England,E12000006,East of England,E06000032,Luton,Secondary,100,99,26,0.99,0.26
Autumn Term,201920,Local Authority,E92000001,England,E12000006,East of England,E06000032,Luton,Special,100,99,24,0.99,0.24
Autumn Term,201920,Local Authority,E92000001,England,E12000006,East of England,E06000033,Southend-on-Sea,Primary,30000,913,21,0.030433333333333333,0.0007
Autumn Term,201920,Local Authority,E92000001,England,E12000006,East of England,E06000033,Southend-on-Sea,Secondary,100,99,13,0.99,0.13
Autumn Term,201920,Local Authority,E92000001,England,E12000006,East of England,E06000033,Southend-on-Sea,Special,30000,943,28,0.031433333333333334,0.0009333333333333333
Autumn Term,201920,Local Authority,E92000001,England,E12000006,East of England,E06000034,Thurrock,Primary,30000,807,22,0.0269,0.0007333333333333333
Autumn Term,201920,Local Authority,E92000001,England,E12000006,East of England,E06000034,Thurrock,Secondary,100,99,17,0.99,0.17
Autumn Term,201920,Local Authority,E92000001,England,E12000006,East of England,E06000034,Thurrock,Special,30000,1000,18,0.03333333333333333,0.0006
Autumn Term,201920,Local Authority,E92000001,England,E12000008,South East,E06000035,Medway,Primary,100,99,21,0.99,0.21
Autumn Term,201920,Local Authority,E92000001,England,E12000008,South East,E06000035,Medway,Secondary,30000,919,20,0.030633333333333332,0.0006666666666666666
Autumn Term,201920,Local Authority,E92000001,England,E12000008,South East,E06000035,Medway,Special,30000,951,29,0.0317,0.0009666666666666667
Autumn Term,201920,Local Authority,E92000001,England,E12000008,South East,E06000036,Bracknell Forest,Primary,30000,906,16,0.0302,0.0005333333333333334
Autumn Term,201920,Local Authority,E92000001,England,E12000008,South East,E06000036,Bracknell Forest,Secondary,30000,933,18,0.0311,0.0006
Autumn Term,201920,Local Authority,E92000001,England,E12000008,South East,E06000036,Bracknell Forest,Special,30000,986,18,0.03286666666666667,0.0006
Autumn Term,201920,Local Authority,E92000001,England,E12000008,South East,E06000037,West Berkshire,Primary,30000,773,11,0.025766666666666667,0.00036666666666666667
Autumn Term,201920,Local Authority,E92000001,England,E12000008,South East,E06000037,West Berkshire,Secondary,100,99,21,0.99,0.21
Autumn Term,201920,Local Authority,E92000001,England,E12000008,South East,E06000037,West Berkshire,Special,30000,798,19,0.0266,0.0006333333333333333
Autumn Term,201920,Local Authority,E92000001,England,E12000008,South East,E06000038,Reading,Primary,100,99,23,0.99,0.23
Autumn Term,201920,Local Authority,E92000001,England,E12000008,South East,E06000038,Reading,Secondary,30000,984,20,0.0328,0.0006666666666666666
Autumn Term,201920,Local Authority,E92000001,England,E12000008,South East,E06000038,Reading,Special,100,99,21,0.99,0.21
Autumn Term,201920,Local Authority,E92000001,England,E12000008,South East,E06000039,Slough,Primary,30000,1000,17,0.03333333333333333,0.0005666666666666667
Autumn Term,201920,Local Authority,E92000001,England,E12000008,South East,E06000039,Slough,Secondary,100,99,15,0.99,0.15
Autumn Term,201920,Local Authority,E92000001,England,E12000008,South East,E06000039,Slough,Special,30000,1000,26,0.03333333333333333,0.0008666666666666666
Autumn Term,201920,Local Authority,E92000001,England,E12000008,South East,E06000040,Windsor and Maidenhead,Primary,100,99,24,0.99,0.24
Autumn Term,201920,Local Authority,E92000001,England,E12000008,South East,E06000040,Windsor and Maidenhead,Secondary,30000,894,20,0.0298,0.0006666666666666666
Autumn Term,201920,Local Authority,E92000001,England,E12000008,South East,E06000040,Windsor and Maidenhead,Special,30000,895,20,0.029833333333333333,0.0006666666666666666
Autumn Term,201920,Local Authority,E92000001,England,E12000008,South East,E06000041,Wokingham,Primary,30000,786,21,0.0262,0.0007
Autumn Term,201920,Local Authority,E92000001,England,E12000008,South East,E06000041,Wokingham,Secondary,30000,774,13,0.0258,0.0004333333333333333
Autumn Term,201920,Local Authority,E92000001,England,E12000008,South East,E06000041,Wokingham,Special,30000,775,20,0.025833333333333333,0.0006666666666666666
Autumn Term,201920,Local Authority,E92000001,England,E12000008,South East,E06000042,Milton Keynes,Primary,100,99,20,0.99,0.2
Autumn Term,201920,Local Authority,E92000001,England,E12000008,South East,E06000042,Milton Keynes,Secondary,30000,1000,23,0.03333333333333333,0.0007666666666666667
Autumn Term,201920,Local Authority,E92000001,England,E12000008,South East,E06000042,Milton Keynes,Special,30000,854,19,0.028466666666666668,0.0006333333333333333
Autumn Term,201920,Local Authority,E92000001,England,E12000008,South East,E06000043,Brighton and Hove,Primary,30000,919,16,0.030633333333333332,0.0005333333333333334
Autumn Term,201920,Local Authority,E92000001,England,E12000008,South East,E06000043,Brighton and Hove,Secondary,100,99,21,0.99,0.21
Autumn Term,201920,Local Authority,E92000001,England,E12000008,South East,E06000043,Brighton and Hove,Special,30000,812,18,0.027066666666666666,0.0006
Autumn Term,201920,Local Authority,E92000001,England,E12000008,South East,E06000044,Portsmouth,Primary,100,99,18,0.99,0.18
Autumn Term,201920,Local Authority,E92000001,England,E12000008,South East,E06000044,Portsmouth,Secondary,30000,1000,17,0.03333333333333333,0.0005666666666666667
Autumn Term,201920,Local Authority,E92000001,England,E12000008,South East,E06000044,Portsmouth,Special,100,99,15,0.99,0.15
Autumn Term,201920,Local Authority,E92000001,England,E12000008,South East,E06000045,Southampton,Primary,30000,1000,16,0.03333333333333333,0.0005333333333333334
Autumn Term,201920,Local Authority,E92000001,England,E12000008,South East,E06000045,Southampton,Secondary,30000,1000,21,0.03333333333333333,0.0007
Autumn Term,201920,Local Authority,E92000001,England,E12000008,South East,E06000045,Southampton,Special,30000,921,16,0.0307,0.0005333333333333334
Autumn Term,201920,Local Authority,E92000001,England,E12000008,South East,E06000046,Isle of Wight,Primary,100,99,17,0.99,0.17
Autumn Term,201920,Local Authority,E92000001,England,E12000008,South East,E06000046,Isle of Wight,Secondary,100,99,30,0.99,0.3
Autumn Term,201920,Local Authority,E92000001,England,E12000008,South East,E06000046,Isle of Wight,Special,100,99,25,0.99,0.25
Autumn Term,201920,Local Authority,E92000001,England,E12000001,North East,E06000047,County Durham,Primary,100,99,19,0.99,0.19
Autumn Term,201920,Local Authority,E92000001,England,E12000001,North East,E06000047,County Durham,Secondary,30000,1000,19,0.03333333333333333,0.0006333333333333333
Autumn Term,201920,Local Authority,E92000001,England,E12000001,North East,E06000047,County Durham,Special,30000,844,24,0.028133333333333333,0.0008
Autumn Term,201920,Local Authority,E92000001,England,E12000001,North East,E06000048,Northumberland,Primary,30000,732,21,0.0244,0.0007
Autumn Term,201920,Local Authority,E92000001,England,E12000001,North East,E06000048,Northumberland,Secondary,100,99,15,0.99,0.15
Autumn Term,201920,Local Authority,E92000001,England,E12000001,North East,E06000048,Northumberland,Special,100,99,26,0.99,0.26
Autumn Term,201920,Local Authority,E92000001,England,E12000002,North West,E06000049,Cheshire East,Primary,30000,926,22,0.030866666666666667,0.0007333333333333333
Autumn Term,201920,Local Authority,E92000001,England,E12000002,North West,E06000049,Cheshire East,Secondary,30000,1000,22,0.03333333333333333,0.0007333333333333333
Autumn Term,201920,Local Authority,E92000001,England,E12000002,North West,E06000049,Cheshire East,Special,100,99,24,0.99,0.24
Autumn Term,201920,Local Authority,E92000001,England,E12000002,North West,E06000050,Cheshire West and Chester,Primary,30000,1000,22,0.03333333333333333,0.0007333333333333333
Autumn Term,201920,Local Authority,E92000001,England,E12000002,North West,E06000050,Cheshire West and Chester,Secondary,100,99,21,0.99,0.21
Autumn Term,201920,Local Authority,E92000001,England,E12000002,North West,E06000050,Cheshire West and Chester,Special,100,99,17,0.99,0.17
Autumn Term,201920,Local Authority,E92000001,England,E12000005,West Midlands,E06000051,Shropshire,Primary,30000,1000,22,0.03333333333333333,0.0007333333333333333
Autumn Term,201920,Local Authority,E92000001,England,E12000005,West Midlands,E06000051,Shropshire,Secondary,30000,879,9,0.0293,0.0003
Autumn Term,201920,Local Authority,E92000001,England,E12000005,West Midlands,E06000051,Shropshire,Special,30000,996,20,0.0332,0.0006666666666666666
Autumn Term,201920,Local Authority,E92000001,England,E12000009,South West,E06000052,Cornwall,Primary,100,99,18,0.99,0.18
Autumn Term,201920,Local Authority,E92000001,England,E12000009,South West,E06000052,Cornwall,Secondary,30000,1000,22,0.03333333333333333,0.0007333333333333333
Autumn Term,201920,Local Authority,E92000001,England,E12000009,South West,E06000052,Cornwall,Special,30000,975,12,0.0325,0.0004
Autumn Term,201920,Local Authority,E92000001,England,E12000009,South West,E06000053,Isles of Scilly,Primary,100,99,16,0.99,0.16
Autumn Term,201920,Local Authority,E92000001,England,E12000009,South West,E06000053,Isles of Scilly,Secondary,30000,1000,24,0.03333333333333333,0.0008
Autumn Term,201920,Local Authority,E92000001,England,E12000009,South West,E06000053,Isles of Scilly,Special,100,99,25,0.99,0.25
Autumn Term,201920,Local Authority,E92000001,England,E12000009,South West,E06000054,Wiltshire,Primary,30000,851,21,0.028366666666666665,0.0007
Autumn Term,201920,Local Authority,E92000001,England,E12000009,South West,E06000054,Wiltshire,Secondary,30000,1000,18,0.03333333333333333,0.0006
Autumn Term,201920,Local Authority,E92000001,England,E12000009,South West,E06000054,Wiltshire,Special,30000,810,25,0.027,0.0008333333333333334
Autumn Term,201920,Local Authority,E92000001,England,E12000006,East of England,E06000055,Bedford,Primary,30000,1000,23,0.03333333333333333,0.0007666666666666667
Autumn Term,201920,Local Authority,E92000001,England,E12000006,East of England,E06000055,Bedford,Secondary,30000,842,21,0.028066666666666667,0.0007
Autumn Term,201920,Local Authority,E92000001,England,E12000006,East of England,E06000055,Bedford,Special,100,99,16,0.99,0.16
Autumn Term,201920,Local Authority,E92000001,England,E12000006,East of England,E06000056,Central Bedfordshire,Primary,30000,1000,16,0.03333333333333333,0.0005333333333333334
Autumn Term,201920,Local Authority,E92000001,England,E12000006,East of England,E06000056,Central Bedfordshire,Secondary,30000,1000,17,0.03333333333333333,0.0005666666666666667
Autumn Term,201920,Local Authority,E92000001,England,E12000006,East of England,E06000056,Central Bedfordshire,Special,30000,749,27,0.024966666666666668,0.0009
Autumn Term,201920,Local Authority,E92000001,England,E12000001,North East,E06000057,Northumberland,Primary,30000,1000,17,0.03333333333333333,0.0005666666666666667
Autumn Term,201920,Local Authority,E92000001,England,E12000001,North East,E06000057,Northumberland,Secondary,100,99,24,0.99,0.24
Autumn Term,201920,Local Authority,E92000001,England,E12000001,North East,E06000057,Northumberland,Special,30000,784,18,0.026133333333333335,0.0006
Autumn Term,201920,Local Authority,E92000001,England,E12000009,South West,E06000058,"Bournemouth, Christchurch and Poole",Primary,30000,1000,26,0.03333333333333333,0.0008666666666666666
Autumn Term,201920,Local Authority,E92000001,England,E12000009,South West,E06000058,"Bournemouth, Christchurch and Poole",Secondary,30000,847,24,0.028233333333333333,0.0008
Autumn Term,201920,Local Authority,E92000001,England,E12000009,South West,E06000058,"Bournemouth, Christchurch and Poole",Special,30000,967,19,0.032233333333333336,0.0006333333333333333
Autumn Term,201920,Local Authority,E92000001,England,E12000009,South West,E06000059,Dorset,Primary,30000,963,27,0.0321,0.0009
Autumn Term,201920,Local Authority,E92000001,England,E12000009,South West,E06000059,Dorset,Secondary,100,99,25,0.99,0.25
Autumn Term,201920,Local Authority,E92000001,England,E12000009,South West,E06000059,Dorset,Special,100,99,27,0.99,0.27
Autumn Term,201920,Local Authority,E92000001,England,E12000008,South East,E06000060,Buckinghamshire,Primary,100,99,32,0.99,0.32
Autumn Term,201920,Local Authority,E92000001,England,E12000008,South East,E06000060,Buckinghamshire,Secondary,100,99,13,0.99,0.13
Autumn Term,201920,Local Authority,E92000001,England,E12000008,South East,E06000060,Buckinghamshire,Special,30000,990,12,0.033,0.0004
Autumn Term,201920,Local Authority,E92000001,England,E12000004,East Midlands,E06000061,North Northamptonshire,Primary,30000,818,19,0.027266666666666668,0.0006333333333333333
Autumn Term,201920,Local Authority,E92000001,England,E12000004,East Midlands,E06000061,North Northamptonshire,Secondary,100,99,18,0.99,0.18
Autumn Term,201920,Local Authority,E92000001,England,E12000004,East Midlands,E06000061,North Northamptonshire,Special,30000,959,21,0.031966666666666664,0.0007
Autumn Term,201920,Local Authority,E92000001,England,E12000004,East Midlands,E06000062,West Northamptonshire,Primary,30000,753,13,0.0251,0.0004333333333333333
Autumn Term,201920,Local Authority,E92000001,England,E12000004,East Midlands,E06000062,West Northamptonshire,Secondary,100,99,20,0.99,0.2
Autumn Term,201920,Local Authority,E92000001,England,E12000004,East Midlands,E06000062,West Northamptonshire,Special,100,99,19,0.99,0.19
Autumn Term,201920,Local Authority,E92000001,England,E12000002,North West,E06000063,Cumberland,Primary,30000,925,16,0.030833333333333334,0.0005333333333333334
Autumn Term,201920,Local Authority,E92000001,England,E12000002,North West,E06000063,Cumberland,Secondary,100,99,19,0.99,0.19
Autumn Term,201920,Local Authority,E92000001,England,E12000002,North West,E06000063,Cumberland,Special,30000,1000,22,0.03333333333333333,0.0007333333333333333
Autumn Term,201920,Local Authority,E92000001,England,E12000002,North West,E06000064,Westmorland and Furness,Primary,30000,973,24,0.032433333333333335,0.0008
Autumn Term,201920,Local Authority,E92000001,England,E12000002,North West,E06000064,Westmorland and Furness,Secondary,30000,1000,18,0.03333333333333333,0.0006
Autumn Term,201920,Local Authority,E92000001,England,E12000002,North West,E06000064,Westmorland and Furness,Special,30000,979,13,0.032633333333333334,0.0004333333333333333
Autumn Term,201920,Local Authority,E92000001,England,E12000003,Yorkshire and The Humber,E06000065,North Yorkshire,Primary,30000,873,28,0.0291,0.0009333333333333333
Autumn Term,201920,Local Authority,E92000001,England,E12000003,Yorkshire and The Humber,E06000065,North Yorkshire,Secondary,30000,618,15,0.0206,0.0005
Autumn Term,201920,Local Authority,E92000001,England,E12000003,Yorkshire and The Humber,E06000065,North Yorkshire,Special,30000,835,27,0.027833333333333335,0.0009
Autumn Term,201920,Local Authority,E92000001,England,E12000009,South West,E06000066,Somerset,Primary,100,99,22,0.99,0.22
Autumn Term,201920,Local Authority,E92000001,England,E12000009,South West,E06000066,Somerset,Secondary,100,99,18,0.99,0.18
Autumn Term,201920,Local Authority,E92000001,England,E12000009,South West,E06000066,Somerset,Special,100,99,17,0.99,0.17
Autumn Term,201920,Local Authority,E92000001,England,E12000002,North West,E08000001,Bolton,Primary,30000,1000,24,0.03333333333333333,0.0008
Autumn Term,201920,Local Authority,E92000001,England,E12000002,North West,E08000001,Bolton,Secondary,30000,1000,10,0.03333333333333333,0.0003333333333333333
Autumn Term,201920,Local Authority,E92000001,England,E12000002,North West,E08000001,Bolton,Special,30000,1000,28,0.03333333333333333,0.0009333333333333333
Autumn Term,201920,Local Authority,E92000001,England,E12000002,North West,E08000002,Bury,Primary,100,99,20,0.99,0.2
Autumn Term,201920,Local Authority,E92000001,England,E12000002,North West,E08000002,Bury,Secondary,100,99,21,0.99,0.21
Autumn Term,201920,Local Authority,E92000001,England,E12000002,North West,E08000002,Bury,Special,30000,1000,24,0.03333333333333333,0.0008
Autumn Term,201920,Local Authority,E92000001,England,E12000002,North West,E08000003,Manchester,Primary,30000,1000,21,0.03333333333333333,0.0007
Autumn Term,201920,Local Authority,E92000001,England,E12000002,North West,E08000003,Manchester,Secondary,30000,872,13,0.029066666666666668,0.0004333333333333333
Autumn Term,201920,Local Authority,E92000001,England,E12000002,North West,E08000003,Manchester,Special,100,99,16,0.99,0.16
Autumn Term,201920,Local Authority,E92000001,England,E12000002,North West,E08000004,Oldham,Primary,30000,782,21,0.026066666666666665,0.0007
Autumn Term,201920,Local Authority,E92000001,England,E12000002,North West,E08000004,Oldham,Secondary,100,99,20,0.99,0.2
Autumn Term,201920,Local Authority,E92000001,England,E12000002,North West,E08000004,Oldham,Special,30000,1000,25,0.03333333333333333,0.0008333333333333334
Autumn Term,201920,Local Authority,E92000001,England,E12000002,North West,E08000005,Rochdale,Primary,100,99,18,0.99,0.18
Autumn Term,201920,Local Authority,E92000001,England,E12000002,North West,E08000005,Rochdale,Secondary,100,99,13,0.99,0.13
Autumn Term,201920,Local Authority,E92000001,England,E12000002,North West,E08000005,Rochdale,Special,30000,976,21,0.03253333333333333,0.0007
Autumn Term,201920,Local Authority,E92000001,England,E12000002,North West,E08000006,Salford,Primary,100,99,16,0.99,0.16
Autumn Term,201920,Local Authority,E92000001,England,E12000002,North West,E08000006,Salford,Secondary,100,99,21,0.99,0.21
Autumn Term,201920,Local Authority,E92000001,England,E12000002,North West,E08000006,Salford,Special,100,99,14,0.99,0.14
Autumn Term,201920,Local Authority,E92000001,England,E12000002,North West,E08000007,Stockport,Primary,100,99,21,0.99,0.21
Autumn Term,201920,Local Authority,E92000001,England,E12000002,North West,E08000007,Stockport,Secondary,30000,1000,10,0.03333333333333333,0.0003333333333333333
Autumn Term,201920,Local Authority,E92000001,England,E12000002,North West,E08000007,Stockport,Special,30000,1000,17,0.03333333333333333,0.0005666666666666667
Autumn Term,201920,Local Authority,E92000001,England,E12000002,North West,E08000008,Tameside,Primary,30000,1000,22,0.03333333333333333,0.0007333333333333333
Autumn Term,201920,Local Authority,E92000001,England,E12000002,North West,E08000008,Tameside,Secondary,100,99,15,0.99,0.15
Autumn Term,201920,Local Authority,E92000001,England,E12000002,North West,E08000008,Tameside,Special,30000,919,10,0.030633333333333332,0.0003333333333333333
Autumn Term,201920,Local Authority,E92000001,England,E12000002,North West,E08000009,Trafford,Primary,30000,1000,17,0.03333333333333333,0.0005666666666666667
Autumn Term,201920,Local Authority,E92000001,England,E12000002,North West,E08000009,Trafford,Secondary,100,99,11,0.99,0.11
Autumn Term,201920,Local Authority,E92000001,England,E12000002,North West,E08000009,Trafford,Special,30000,908,20,0.030266666666666667,0.0006666666666666666
Autumn Term,201920,Local Authority,E92000001,England,E12000002,North West,E08000010,Wigan,Primary,100,99,24,0.99,0.24
Autumn Term,201920,Local Authority,E92000001,England,E12000002,North West,E08000010,Wigan,Secondary,30000,1000,15,0.03333333333333333,0.0005
Autumn Term,201920,Local Authority,E92000001,England,E12000002,North West,E08000010,Wigan,Special,100,99,28,0.99,0.28
Autumn Term,201920,Local Authority,E92000001,England,E12000002,North West,E08000011,Knowsley,Primary,100,99,14,0.99,0.14
Autumn Term,201920,Local Authority,E92000001,England,E12000002,North West,E08000011,Knowsley,Secondary,30000,824,18,0.027466666666666667,0.0006
Autumn Term,201920,Local Authority,E92000001,England,E12000002,North West,E08000011,Knowsley,Special,30000,1000,22,0.03333333333333333,0.0007333333333333333
Autumn Term,201920,Local Authority,E92000001,England,E12000002,North West,E08000012,Liverpool,Primary,30000,720,18,0.024,0.0006
Autumn Term,201920,Local Authority,E92000001,England,E12000002,North West,E08000012,Liverpool,Secondary,30000,1000,13,0.03333333333333333,0.0004333333333333333
Autumn Term,201920,Local Authority,E92000001,England,E12000002,North West,E08000012,Liverpool,Special,30000,1000,23,0.03333333333333333,0.0007666666666666667
Autumn Term,201920,Local Authority,E92000001,England,E12000002,North West,E08000013,St. Helens,Primary,100,99,22,0.99,0.22
Autumn Term,201920,Local Authority,E92000001,England,E12000002,North West,E08000013,St. Helens,Secondary,100,99,17,0.99,0.17
Autumn Term,201920,Local Authority,E92000001,England,E12000002,North West,E08000013,St. Helens,Special,30000,921,22,0.0307,0.0007333333333333333
Autumn Term,201920,Local Authority,E92000001,England,E12000002,North West,E08000014,Sefton,Primary,30000,923,24,0.030766666666666668,0.0008
Autumn Term,201920,Local Authority,E92000001,England,E12000002,North West,E08000014,Sefton,Secondary,30000,764,19,0.025466666666666665,0.0006333333333333333
Autumn Term,201920,Local Authority,E92000001,England,E12000002,North West,E08000014,Sefton,Special,30000,966,18,0.0322,0.0006
Autumn Term,201920,Local Authority,E92000001,England,E12000002,North West,E08000015,Wirral,Primary,100,99,24,0.99,0.24
Autumn Term,201920,Local Authority,E92000001,England,E12000002,North West,E08000015,Wirral,Secondary,100,99,18,0.99,0.18
Autumn Term,201920,Local Authority,E92000001,England,E12000002,North West,E08000015,Wirral,Special,100,99,21,0.99,0.21
Autumn Term,201920,Local Authority,E92000001,England,E12000003,Yorkshire and The Humber,E08000016,Barnsley,Primary,30000,903,12,0.0301,0.0004
Autumn Term,201920,Local Authority,E92000001,England,E12000003,Yorkshire and The Humber,E08000016,Barnsley,Secondary,30000,951,23,0.0317,0.0007666666666666667
Autumn Term,201920,Local Authority,E92000001,England,E12000003,Yorkshire and The Humber,E08000016,Barnsley,Special,100,99,19,0.99,0.19
Autumn Term,201920,Local Authority,E92000001,England,E12000003,Yorkshire and The Humber,E08000017,Doncaster,Primary,30000,813,12,0.0271,0.0004
Autumn Term,201920,Local Authority,E92000001,England,E12000003,Yorkshire and The Humber,E08000017,Doncaster,Secondary,30000,986,29,0.03286666666666667,0.0009666666666666667
Autumn Term,201920,Local Authority,E92000001,England,E12000003,Yorkshire and The Humber,E08000017,Doncaster,Special,30000,846,21,0.0282,0.0007
Autumn Term,201920,Local Authority,E92000001,England,E12000003,Yorkshire and The Humber,E08000018,Rotherham,Primary,30000,798,16,0.0266,0.0005333333333333334
Autumn Term,201920,Local Authority,E92000001,England,E12000003,Yorkshire and The Humber,E08000018,Rotherham,Secondary,30000,1000,20,0.03333333333333333,0.0006666666666666666
Autumn Term,201920,Local Authority,E92000001,England,E12000003,Yorkshire and The Humber,E08000018,Rotherham,Special,100,99,17,0.99,0.17
Autumn Term,201920,Local Authority,E92000001,England,E12000003,Yorkshire and The Humber,E08000019,Sheffield,Primary,30000,820,18,0.027333333333333334,0.0006
Autumn Term,201920,Local Authority,E92000001,England,E12000003,Yorkshire and The Humber,E08000019,Sheffield,Secondary,30000,1000,18,0.03333333333333333,0.0006
Autumn Term,201920,Local Authority,E92000001,England,E12000003,Yorkshire and The Humber,E08000019,Sheffield,Special,30000,933,19,0.0311,0.0006333333333333333
Autumn Term,201920,Local Authority,E92000001,England,E12000001,North East,E08000020,Gateshead,Primary,100,99,11,0.99,0.11
Autumn Term,201920,Local Authority,E92000001,England,E12000001,North East,E08000020,Gateshead,Secondary,100,99,21,0.99,0.21
Autumn Term,201920,Local Authority,E92000001,England,E12000001,North East,E08000020,Gateshead,Special,30000,960,14,0.032,0.00046666666666666666
Autumn Term,201920,Local Authority,E92000001,England,E12000001,North East,E08000021,Newcastle upon Tyne,Primary,30000,1000,21,0.03333333333333333,0.0007
Autumn Term,201920,Local Authority,E92000001,England,E12000001,North East,E08000021,Newcastle upon Tyne,Secondary,30000,917,9,0.030566666666666666,0.0003
Autumn Term,201920,Local Authority,E92000001,England,E12000001,North East,E08000021,Newcastle upon Tyne,Special,30000,781,11,0.026033333333333332,0.00036666666666666667
Autumn Term,201920,Local Authority,E92000001,England,E12000001,North East,E08000022,North Tyneside,Primary,30000,1000,20,0.03333333333333333,0.0006666666666666666
Autumn Term,201920,Local Authority,E92000001,England,E12000001,North East,E08000022,North Tyneside,Secondary,100,99,18,0.99,0.18
Autumn Term,201920,Local Authority,E92000001,England,E12000001,North East,E08000022,North Tyneside,Special,30000,1000,32,0.03333333333333333,0.0010666666666666667
Autumn Term,201920,Local Authority,E92000001,England,E12000001,North East,E08000023,South Tyneside,Primary,100,99,12,0.99,0.12
Autumn Term,201920,Local Authority,E92000001,England,E12000001,North East,E08000023,South Tyneside,Secondary,30000,1000,25,0.03333333333333333,0.0008333333333333334
Autumn Term,201920,Local Authority,E92000001,England,E12000001,North East,E08000023,South Tyneside,Special,100,99,16,0.99,0.16
Autumn Term,201920,Local Authority,E92000001,England,E12000001,North East,E08000024,Sunderland,Primary,100,99,28,0.99,0.28
Autumn Term,201920,Local Authority,E92000001,England,E12000001,North East,E08000024,Sunderland,Secondary,30000,959,21,0.031966666666666664,0.0007
Autumn Term,201920,Local Authority,E92000001,England,E12000001,North East,E08000024,Sunderland,Special,30000,732,14,0.0244,0.00046666666666666666
Autumn Term,201920,Local Authority,E92000001,England,E12000005,West Midlands,E08000025,Birmingham,Primary,30000,709,30,0.023633333333333333,0.001
Autumn Term,201920,Local Authority,E92000001,England,E12000005,West Midlands,E08000025,Birmingham,Secondary,100,99,23,0.99,0.23
Autumn Term,201920,Local Authority,E92000001,England,E12000005,West Midlands,E08000025,Birmingham,Special,100,99,17,0.99,0.17
Autumn Term,201920,Local Authority,E92000001,England,E12000005,West Midlands,E08000026,Coventry,Primary,30000,990,22,0.033,0.0007333333333333333
Autumn Term,201920,Local Authority,E92000001,England,E12000005,West Midlands,E08000026,Coventry,Secondary,100,99,17,0.99,0.17
Autumn Term,201920,Local Authority,E92000001,England,E12000005,West Midlands,E08000026,Coventry,Special,30000,985,28,0.03283333333333333,0.0009333333333333333
Autumn Term,201920,Local Authority,E92000001,England,E12000005,West Midlands,E08000027,Dudley,Primary,30000,1000,14,0.03333333333333333,0.00046666666666666666
Autumn Term,201920,Local Authority,E92000001,England,E12000005,West Midlands,E08000027,Dudley,Secondary,30000,992,16,0.03306666666666667,0.0005333333333333334
Autumn Term,201920,Local Authority,E92000001,England,E12000005,West Midlands,E08000027,Dudley,Special,30000,866,23,0.028866666666666665,0.0007666666666666667
Autumn Term,201920,Local Authority,E92000001,England,E12000005,West Midlands,E08000028,Sandwell,Primary,100,99,24,0.99,0.24
Autumn Term,201920,Local Authority,E92000001,England,E12000005,West Midlands,E08000028,Sandwell,Secondary,30000,973,20,0.032433333333333335,0.0006666666666666666
Autumn Term,201920,Local Authority,E92000001,England,E12000005,West Midlands,E08000028,Sandwell,Special,30000,858,20,0.0286,0.0006666666666666666
Autumn Term,201920,Local Authority,E92000001,England,E12000005,West Midlands,E08000029,Solihull,Primary,100,99,26,0.99,0.26
Autumn Term,201920,Local Authority,E92000001,England,E12000005,West Midlands,E08000029,Solihull,Secondary,100,99,16,0.99,0.16
Autumn Term,201920,Local Authority,E92000001,England,E12000005,West Midlands,E08000029,Solihull,Special,100,99,24,0.99,0.24
Autumn Term,201920,Local Authority,E92000001,England,E12000005,West Midlands,E08000030,Walsall,Primary,100,99,16,0.99,0.16
Autumn Term,201920,Local Authority,E92000001,England,E12000005,West Midlands,E08000030,Walsall,Secondary,100,99,17,0.99,0.17
Autumn Term,201920,Local Authority,E92000001,England,E12000005,West Midlands,E08000030,Walsall,Special,30000,716,22,0.023866666666666668,0.0007333333333333333
Autumn Term,201920,Local Authority,E92000001,England,E12000005,West Midlands,E08000031,Wolverhampton,Primary,30000,987,17,0.0329,0.0005666666666666667
Autumn Term,201920,Local Authority,E92000001,England,E12000005,West Midlands,E08000031,Wolverhampton,Secondary,100,99,28,0.99,0.28
Autumn Term,201920,Local Authority,E92000001,England,E12000005,West Midlands,E08000031,Wolverhampton,Special,30000,955,19,0.03183333333333333,0.0006333333333333333
Autumn Term,201920,Local Authority,E92000001,England,E12000003,Yorkshire and The Humber,E08000032,Bradford,Primary,100,99,25,0.99,0.25
Autumn Term,201920,Local Authority,E92000001,England,E12000003,Yorkshire and The Humber,E08000032,Bradford,Secondary,100,99,24,0.99,0.24
Autumn Term,201920,Local Authority,E92000001,England,E12000003,Yorkshire and The Humber,E08000032,Bradford,Special,100,99,15,0.99,0.15
Autumn Term,201920,Local Authority,E92000001,England,E12000003,Yorkshire and The Humber,E08000033,Calderdale,Primary,30000,964,21,0.03213333333333333,0.0007
Autumn Term,201920,Local Authority,E92000001,England,E12000003,Yorkshire and The Humber,E08000033,Calderdale,Secondary,30000,899,15,0.029966666666666666,0.0005
Autumn Term,201920,Local Authority,E92000001,England,E12000003,Yorkshire and The Humber,E08000033,Calderdale,Special,100,99,15,0.99,0.15
Autumn Term,201920,Local Authority,E92000001,England,E12000003,Yorkshire and The Humber,E08000034,Kirklees,Primary,30000,816,20,0.0272,0.0006666666666666666
Autumn Term,201920,Local Authority,E92000001,England,E12000003,Yorkshire and The Humber,E08000034,Kirklees,Secondary,30000,1000,21,0.03333333333333333,0.0007
Autumn Term,201920,Local Authority,E92000001,England,E12000003,Yorkshire and The Humber,E08000034,Kirklees,Special,100,99,31,0.99,0.31
Autumn Term,201920,Local Authority,E92000001,England,E12000003,Yorkshire and The Humber,E08000035,Leeds,Primary,30000,784,19,0.026133333333333335,0.0006333333333333333
Autumn Term,201920,Local Authority,E92000001,England,E12000003,Yorkshire and The Humber,E08000035,Leeds,Secondary,30000,1000,24,0.03333333333333333,0.0008
Autumn Term,201920,Local Authority,E92000001,England,E12000003,Yorkshire and The Humber,E08000035,Leeds,Special,100,99,23,0.99,0.23
Autumn Term,201920,Local Authority,E92000001,England,E12000003,Yorkshire and The Humber,E08000036,Wakefield,Primary,30000,919,15,0.030633333333333332,0.0005
Autumn Term,201920,Local Authority,E92000001,England,E12000003,Yorkshire and The Humber,E08000036,Wakefield,Secondary,100,99,15,0.99,0.15
Autumn Term,201920,Local Authority,E92000001,England,E12000003,Yorkshire and The Humber,E08000036,Wakefield,Special,100,99,14,0.99,0.14
Autumn Term,201920,Local Authority,E92000001,England,E12000001,North East,E08000037,Gateshead,Primary,100,99,28,0.99,0.28
Autumn Term,201920,Local Authority,E92000001,England,E12000001,North East,E08000037,Gateshead,Secondary,30000,804,31,0.0268,0.0010333333333333334
Autumn Term,201920,Local Authority,E92000001,England,E12000001,North East,E08000037,Gateshead,Special,100,99,31,0.99,0.31
Autumn Term,201920,Local Authority,E92000001,England,E12000003,Yorkshire and The Humber,E08000038,Barnsley,Primary,30000,886,15,0.029533333333333335,0.0005
Autumn Term,201920,Local Authority,E92000001,England,E12000003,Yorkshire and The Humber,E08000038,Barnsley,Secondary,100,99,19,0.99,0.19
Autumn Term,201920,Local Authority,E92000001,England,E12000003,Yorkshire and The Humber,E08000038,Barnsley,Special,100,99,28,0.99,0.28
Autumn Term,201920,Local Authority,E92000001,England,E12000003,Yorkshire and The Humber,E08000039,Sheffield,Primary,30000,934,16,0.031133333333333332,0.0005333333333333334
Autumn Term,201920,Local Authority,E92000001,England,E12000003,Yorkshire and The Humber,E08000039,Sheffield,Secondary,100,99,25,0.99,0.25
Autumn Term,201920,Local Authority,E92000001,England,E12000003,Yorkshire and The Humber,E08000039,Sheffield,Special,30000,908,15,0.030266666666666667,0.0005
Autumn Term,201920,Local Authority,E92000001,England,E12000007,London,E09000001,City of London,Primary,30000,1000,16,0.03333333333333333,0.0005333333333333334
Autumn Term,201920,Local Authority,E92000001,England,E12000007,London,E09000001,City of London,Secondary,100,99,22,0.99,0.22
Autumn Term,201920,Local Authority,E92000001,England,E12000007,London,E09000001,City of London,Special,30000,896,17,0.029866666666666666,0.0005666666666666667
Autumn Term,201920,Local Authority,E92000001,England,E12000007,London,E09000002,Barking and Dagenham,Primary,100,99,10,0.99,0.1
Autumn Term,201920,Local Authority,E92000001,England,E12000007,London,E09000002,Barking and Dagenham,Secondary,100,99,24,0.99,0.24
Autumn Term,201920,Local Authority,E92000001,England,E12000007,London,E09000002,Barking and Dagenham,Special,30000,928,22,0.030933333333333334,0.0007333333333333333
Autumn Term,201920,Local Authority,E92000001,England,E12000007,London,E09000003,Barnet,Primary,30000,1000,17,0.03333333333333333,0.0005666666666666667
Autumn Term,201920,Local Authority,E92000001,England,E12000007,London,E09000003,Barnet,Secondary,100,99,21,0.99,0.21
Autumn Term,201920,Local Authority,E92000001,England,E12000007,London,E09000003,Barnet,Special,30000,693,24,0.0231,0.0008
Autumn Term,201920,Local Authority,E92000001,England,E12000007,London,E09000004,Bexley,Primary,30000,801,17,0.0267,0.0005666666666666667
Autumn Term,201920,Local Authority,E92000001,England,E12000007,London,E09000004,Bexley,Secondary,100,99,16,0.99,0.16
Autumn Term,201920,Local Authority,E92000001,England,E12000007,London,E09000004,Bexley,Special,30000,1000,22,0.03333333333333333,0.0007333333333333333
Autumn Term,201920,Local Authority,E92000001,England,E12000007,London,E09000005,Brent,Primary,30000,876,20,0.0292,0.0006666666666666666
Autumn Term,201920,Local Authority,E92000001,England,E12000007,London,E09000005,Brent,Secondary,100,99,15,0.99,0.15
Autumn Term,201920,Local Authority,E92000001,England,E12000007,London,E09000005,Brent,Special,100,99,21,0.99,0.21
Autumn Term,201920,Local Authority,E92000001,England,E12000007,London,E09000006,Bromley,Primary,30000,1000,17,0.03333333333333333,0.0005666666666666667
Autumn Term,201920,Local Authority,E92000001,England,E12000007,London,E09000006,Bromley,Secondary,100,99,20,0.99,0.2
Autumn Term,201920,Local Authority,E92000001,England,E12000007,London,E09000006,Bromley,Special,100,99,20,0.99,0.2
Autumn Term,201920,Local Authority,E92000001,England,E12000007,London,E09000007,Camden,Primary,30000,949,24,0.03163333333333333,0.0008
Autumn Term,201920,Local Authority,E92000001,England,E12000007,London,E09000007,Camden,Secondary,30000,1000,21,0.03333333333333333,0.0007
Autumn Term,201920,Local Authority,E92000001,England,E12000007,London,E09000007,Camden,Special,100,99,22,0.99,0.22
Autumn Term,201920,Local Authority,E92000001,England,E12000007,London,E09000008,Croydon,Primary,100,99,23,0.99,0.23
Autumn Term,201920,Local Authority,E92000001,England,E12000007,London,E09000008,Croydon,Secondary,100,99,22,0.99,0.22
Autumn Term,201920,Local Authority,E92000001,England,E12000007,London,E09000008,Croydon,Special,100,99,14,0.99,0.14
Autumn Term,201920,Local Authority,E92000001,England,E12000007,London,E09000009,Ealing,Primary,30000,962,31,0.03206666666666667,0.0010333333333333334
Autumn Term,201920,Local Authority,E92000001,England,E12000007,London,E09000009,Ealing,Secondary,30000,906,19,0.0302,0.0006333333333333333
Autumn Term,201920,Local Authority,E92000001,England,E12000007,London,E09000009,Ealing,Special,30000,1000,24,0.03333333333333333,0.0008
Autumn Term,201920,Local Authority,E92000001,England,E12000007,London,E09000010,Enfield,Primary,30000,1000,26,0.03333333333333333,0.0008666666666666666
Autumn Term,201920,Local Authority,E92000001,England,E12000007,London,E09000010,Enfield,Secondary,100,99,17,0.99,0.17
Autumn Term,201920,Local Authority,E92000001,England,E12000007,London,E09000010,Enfield,Special,100,99,22,0.99,0.22
Autumn Term,201920,Local Authority,E92000001,England,E12000007,London,E09000011,Greenwich,Primary,30000,939,24,0.0313,0.0008
Autumn Term,201920,Local Authority,E92000001,England,E12000007,London,E09000011,Greenwich,Secondary,30000,773,26,0.025766666666666667,0.0008666666666666666
Autumn Term,201920,Local Authority,E92000001,England,E12000007,London,E09000011,Greenwich,Special,30000,1000,23,0.03333333333333333,0.0007666666666666667
Autumn Term,201920,Local Authority,E92000001,England,E12000007,London,E09000012,Hackney,Primary,30000,1000,16,0.03333333333333333,0.0005333333333333334
Autumn Term,201920,Local Authority,E92000001,England,E12000007,London,E09000012,Hackney,Secondary,100,99,16,0.99,0.16
Autumn Term,201920,Local Authority,E92000001,England,E12000007,London,E09000012,Hackney,Special,100,99,28,0.99,0.28
Autumn Term,201920,Local Authority,E92000001,England,E12000007,London,E09000013,Hammersmith and Fulham,Primary,30000,663,20,0.0221,0.0006666666666666666
Autumn Term,201920,Local Authority,E92000001,England,E12000007,London,E09000013,Hammersmith and Fulham,Secondary,30000,1000,14,0.03333333333333333,0.00046666666666666666
Autumn Term,201920,Local Authority,E92000001,England,E12000007,London,E09000013,Hammersmith and Fulham,Special,100,99,19,0.99,0.19
Autumn Term,201920,Local Authority,E92000001,England,E12000007,London,E09000014,Haringey,Primary,30000,737,16,0.024566666666666667,0.0005333333333333334
Autumn Term,201920,Local Authority,E92000001,England,E12000007,London,E09000014,Haringey,Secondary,30000,939,30,0.0313,0.001
Autumn Term,201920,Local Authority,E92000001,England,E12000007,London,E09000014,Haringey,Special,30000,919,20,0.030633333333333332,0.0006666666666666666
Autumn Term,201920,Local Authority,E92000001,England,E12000007,London,E09000015,Harrow,Primary,30000,1000,14,0.03333333333333333,0.00046666666666666666
Autumn Term,201920,Local Authority,E92000001,England,E12000007,London,E09000015,Harrow,Secondary,30000,1000,27,0.03333333333333333,0.0009
Autumn Term,201920,Local Authority,E92000001,England,E12000007,London,E09000015,Harrow,Special,100,99,23,0.99,0.23
Autumn Term,201920,Local Authority,E92000001,England,E12000007,London,E09000016,Havering,Primary,100,99,18,0.99,0.18
Autumn Term,201920,Local Authority,E92000001,England,E12000007,London,E09000016,Havering,Secondary,100,99,19,0.99,0.19
Autumn Term,201920,Local Authority,E92000001,England,E12000007,London,E09000016,Havering,Special,100,99,10,0.99,0.1
Autumn Term,201920,Local Authority,E92000001,England,E12000007,London,E09000017,Hillingdon,Primary,100,99,23,0.99,0.23
Autumn Term,201920,Local Authority,E92000001,England,E12000007,London,E09000017,Hillingdon,Secondary,30000,818,22,0.027266666666666668,0.0007333333333333333
Autumn Term,201920,Local Authority,E92000001,England,E12000007,London,E09000017,Hillingdon,Special,100,99,24,0.99,0.24
Autumn Term,201920,Local Authority,E92000001,England,E12000007,London,E09000018,Hounslow,Primary,30000,1000,22,0.03333333333333333,0.0007333333333333333
Autumn Term,201920,Local Authority,E92000001,England,E12000007,London,E09000018,Hounslow,Secondary,100,99,16,0.99,0.16
Autumn Term,201920,Local Authority,E92000001,England,E12000007,London,E09000018,Hounslow,Special,30000,781,16,0.026033333333333332,0.0005333333333333334
Autumn Term,201920,Local Authority,E92000001,England,E12000007,London,E09000019,Islington,Primary,30000,842,23,0.028066666666666667,0.0007666666666666667
Autumn Term,201920,Local Authority,E92000001,England,E12000007,London,E09000019,Islington,Secondary,100,99,29,0.99,0.29
Autumn Term,201920,Local Authority,E92000001,England,E12000007,London,E09000019,Islington,Special,30000,834,23,0.0278,0.0007666666666666667
Autumn Term,201920,Local Authority,E92000001,England,E12000007,London,E09000020,Kensington and Chelsea,Primary,30000,951,21,0.0317,0.0007
Autumn Term,201920,Local Authority,E92000001,England,E12000007,London,E09000020,Kensington and Chelsea,Secondary,30000,988,14,0.032933333333333335,0.00046666666666666666
Autumn Term,201920,Local Authority,E92000001,England,E12000007,London,E09000020,Kensington and Chelsea,Special,100,99,21,0.99,0.21
Autumn Term,201920,Local Authority,E92000001,England,E12000007,London,E09000021,Kingston upon Thames,Primary,100,99,22,0.99,0.22
Autumn Term,201920,Local Authority,E92000001,England,E12000007,London,E09000021,Kingston upon Thames,Secondary,30000,1000,27,0.03333333333333333,0.0009
Autumn Term,201920,Local Authority,E92000001,England,E12000007,London,E09000021,Kingston upon Thames,Special,30000,1000,15,0.03333333333333333,0.0005
Autumn Term,201920,Local Authority,E92000001,England,E12000007,London,E09000022,Lambeth,Primary,100,99,21,0.99,0.21
Autumn Term,201920,Local Authority,E92000001,England,E12000007,London,E09000022,Lambeth,Secondary,100,99,20,0.99,0.2
Autumn Term,201920,Local Authority,E92000001,England,E12000007,London,E09000022,Lambeth,Special,100,99,19,0.99,0.19
Autumn Term,201920,Local Authority,E92000001,England,E12000007,London,E09000023,Lewisham,Primary,30000,952,22,0.031733333333333336,0.0007333333333333333
Autumn Term,201920,Local Authority,E92000001,England,E12000007,London,E09000023,Lewisham,Secondary,30000,845,16,0.028166666666666666,0.0005333333333333334
Autumn Term,201920,Local Authority,E92000001,England,E12000007,London,E09000023,Lewisham,Special,30000,794,21,0.026466666666666666,0.0007
Autumn Term,201920,Local Authority,E92000001,England,E12000007,London,E09000024,Merton,Primary,100,99,18,0.99,0.18
Autumn Term,201920,Local Authority,E92000001,England,E12000007,London,E09000024,Merton,Secondary,30000,903,25,0.0301,0.0008333333333333334
Autumn Term,201920,Local Authority,E92000001,England,E12000007,London,E09000024,Merton,Special,30000,1000,19,0.03333333333333333,0.0006333333333333333
Autumn Term,201920,Local Authority,E92000001,England,E12000007,London,E09000025,Newham,Primary,30000,796,19,0.026533333333333332,0.0006333333333333333
Autumn Term,201920,Local Authority,E92000001,England,E12000007,London,E09000025,Newham,Secondary,30000,990,21,0.033,0.0007
Autumn Term,201920,Local Authority,E92000001,England,E12000007,London,E09000025,Newham,Special,100,99,14,0.99,0.14
Autumn Term,201920,Local Authority,E92000001,England,E12000007,London,E09000026,Redbridge,Primary,30000,939,28,0.0313,0.0009333333333333333
Autumn Term,201920,Local Authority,E92000001,England,E12000007,London,E09000026,Redbridge,Secondary,30000,810,24,0.027,0.0008
Autumn Term,201920,Local Authority,E92000001,England,E12000007,London,E09000026,Redbridge,Special,30000,684,21,0.0228,0.0007
Autumn Term,201920,Local Authority,E92000001,England,E12000007,London,E09000027,Richmond upon Thames,Primary,30000,988,16,0.032933333333333335,0.0005333333333333334
Autumn Term,201920,Local Authority,E92000001,England,E12000007,London,E09000027,Richmond upon Thames,Secondary,30000,1000,18,0.03333333333333333,0.0006
Autumn Term,201920,Local Authority,E92000001,England,E12000007,London,E09000027,Richmond upon Thames,Special,30000,827,24,0.027566666666666666,0.0008
Autumn Term,201920,Local Authority,E92000001,England,E12000007,London,E09000028,Southwark,Primary,30000,1000,19,0.03333333333333333,0.0006333333333333333
Autumn Term,201920,Local Authority,E92000001,England,E12000007,London,E09000028,Southwark,Secondary,100,99,23,0.99,0.23
Autumn Term,201920,Local Authority,E92000001,England,E12000007,London,E09000028,Southwark,Special,30000,910,20,0.030333333333333334,0.0006666666666666666
Autumn Term,201920,Local Authority,E92000001,England,E12000007,London,E09000029,Sutton,Primary,30000,839,22,0.027966666666666667,0.0007333333333333333
Autumn Term,201920,Local Authority,E92000001,England,E12000007,London,E09000029,Sutton,Secondary,30000,1000,12,0.03333333333333333,0.0004
Autumn Term,201920,Local Authority,E92000001,England,E12000007,London,E09000029,Sutton,Special,30000,1000,22,0.03333333333333333,0.0007333333333333333
Autumn Term,201920,Local Authority,E92000001,England,E12000007,London,E09000030,Tower Hamlets,Primary,30000,982,22,0.032733333333333337,0.0007333333333333333
Autumn Term,201920,Local Authority,E92000001,England,E12000007,London,E09000030,Tower Hamlets,Secondary,100,99,16,0.99,0.16
Autumn Term,201920,Local Authority,E92000001,England,E12000007,London,E09000030,Tower Hamlets,Special,30000,831,21,0.0277,0.0007
Autumn Term,201920,Local Authority,E92000001,England,E12000007,London,E09000031,Waltham Forest,Primary,30000,1000,27,0.03333333333333333,0.0009
Autumn Term,201920,Local Authority,E92000001,England,E12000007,London,E09000031,Waltham Forest,Secondary,30000,833,22,0.027766666666666665,0.0007333333333333333
Autumn Term,201920,Local Authority,E92000001,England,E12000007,London,E09000031,Waltham Forest,Special,30000,884,15,0.029466666666666665,0.0005
Autumn Term,201920,Local Authority,E92000001,England,E12000007,London,E09000032,Wandsworth,Primary,100,99,14,0.99,0.14
Autumn Term,201920,Local Authority,E92000001,England,E12000007,London,E09000032,Wandsworth,Secondary,30000,1000,20,0.03333333333333333,0.0006666666666666666
Autumn Term,201920,Local Authority,E92000001,England,E12000007,London,E09000032,Wandsworth,Special,30000,889,17,0.029633333333333334,0.0005666666666666667
Autumn Term,201920,Local Authority,E92000001,England,E12000007,London,E09000033,Westminster,Primary,30000,1000,26,0.03333333333333333,0.0008666666666666666
Autumn Term,201920,Local Authority,E92000001,England,E12000007,London,E09000033,Westminster,Secondary,30000,1000,20,0.03333333333333333,0.0006666666666666666
Autumn Term,201920,Local Authority,E92000001,England,E12000007,London,E09000033,Westminster,Special,100,99,17,0.99,0.17
Autumn Term,201920,Local Authority,E92000001,England,E12000006,East of England,E10000001,Bedfordshire,Primary,30000,770,23,0.025666666666666667,0.0007666666666666667
Autumn Term,201920,Local Authority,E92000001,England,E12000006,East of England,E10000001,Bedfordshire,Secondary,30000,1000,21,0.03333333333333333,0.0007
Autumn Term,201920,Local Authority,E92000001,England,E12000006,East of England,E10000001,Bedfordshire,Special,30000,950,19,0.03166666666666667,0.0006333333333333333
Autumn Term,201920,Local Authority,E92000001,England,E12000008,South East,E10000002,Buckinghamshire,Primary,30000,1000,27,0.03333333333333333,0.0009
Autumn Term,201920,Local Authority,E92000001,England,E12000008,South East,E10000002,Buckinghamshire,Secondary,30000,835,14,0.027833333333333335,0.00046666666666666666
Autumn Term,201920,Local Authority,E92000001,England,E12000008,South East,E10000002,Buckinghamshire,Special,30000,990,21,0.033,0.0007
Autumn Term,201920,Local Authority,E92000001,England,E12000006,East of England,E10000003,Cambridgeshire,Primary,100,99,23,0.99,0.23
Autumn Term,201920,Local Authority,E92000001,England,E12000006,East of England,E10000003,Cambridgeshire,Secondary,100,99,16,0.99,0.16
Autumn Term,201920,Local Authority,E92000001,England,E12000006,East of England,E10000003,Cambridgeshire,Special,30000,869,13,0.02896666666666667,0.0004333333333333333
Autumn Term,201920,Local Authority,E92000001,England,E12000002,North West,E10000004,Cheshire,Primary,30000,1000,13,0.03333333333333333,0.0004333333333333333
Autumn Term,201920,Local Authority,E92000001,England,E12000002,North West,E10000004,Cheshire,Secondary,30000,932,20,0.031066666666666666,0.0006666666666666666
Autumn Term,201920,Local Authority,E92000001,England,E12000002,North West,E10000004,Cheshire,Special,100,99,19,0.99,0.19
Autumn Term,201920,Local Authority,E92000001,England,E12000009,South West,E10000005,Cornwall and Isles of Scilly,Primary,100,99,13,0.99,0.13
Autumn Term,201920,Local Authority,E92000001,England,E12000009,South West,E10000005,Cornwall and Isles of Scilly,Secondary,100,99,13,0.99,0.13
Autumn Term,201920,Local Authority,E92000001,England,E12000009,South West,E10000005,Cornwall and Isles of Scilly,Special,30000,754,18,0.025133333333333334,0.0006
Autumn Term,201920,Local Authority,E92000001,England,E12000002,North West,E10000006,Cumbria,Primary,100,99,21,0.99,0.21
Autumn Term,201920,Local Authority,E92000001,England,E12000002,North West,E10000006,Cumbria,Secondary,100,99,19,0.99,0.19
Autumn Term,201920,Local Authority,E92000001,England,E12000002,North West,E10000006,Cumbria,Special,100,99,11,0.99,0.11
Autumn Term,201920,Local Authority,E92000001,England,E12000004,East Midlands,E10000007,Derbyshire,Primary,30000,1000,23,0.03333333333333333,0.0007666666666666667
Autumn Term,201920,Local Authority,E92000001,England,E12000004,East Midlands,E10000007,Derbyshire,Secondary,30000,705,14,0.0235,0.00046666666666666666
Autumn Term,201920,Local Authority,E92000001,England,E12000004,East Midlands,E10000007,Derbyshire,Special,100,99,21,0.99,0.21
Autumn Term,201920,Local Authority,E92000001,England,E12000009,South West,E10000008,Devon,Primary,30000,730,21,0.024333333333333332,0.0007
Autumn Term,201920,Local Authority,E92000001,England,E12000009,South West,E10000008,Devon,Secondary,100,99,20,0.99,0.2
Autumn Term,201920,Local Authority,E92000001,England,E12000009,South West,E10000008,Devon,Special,100,99,17,0.99,0.17
Autumn Term,201920,Local Authority,E92000001,England,E12000009,South West,E10000009,Dorset,Primary,100,99,24,0.99,0.24
Autumn Term,201920,Local Authority,E92000001,England,E12000009,South West,E10000009,Dorset,Secondary,30000,944,22,0.031466666666666664,0.0007333333333333333
Autumn Term,201920,Local Authority,E92000001,England,E12000009,South West,E10000009,Dorset,Special,30000,842,17,0.028066666666666667,0.0005666666666666667
Autumn Term,201920,Local Authority,E92000001,England,E12000001,North East,E10000010,Durham,Primary,30000,1000,21,0.03333333333333333,0.0007
Autumn Term,201920,Local Authority,E92000001,England,E12000001,North East,E10000010,Durham,Secondary,100,99,20,0.99,0.2
Autumn Term,201920,Local Authority,E92000001,England,E12000001,North East,E10000010,Durham,Special,30000,969,22,0.0323,0.0007333333333333333
Autumn Term,201920,Local Authority,E92000001,England,E12000008,South East,E10000011,East Sussex,Primary,30000,924,20,0.0308,0.0006666666666666666
Autumn Term,201920,Local Authority,E92000001,England,E12000008,South East,E10000011,East Sussex,Secondary,100,99,14,0.99,0.14
Autumn Term,201920,Local Authority,E92000001,England,E12000008,South East,E10000011,East Sussex,Special,100,99,27,0.99,0.27
Autumn Term,201920,Local Authority,E92000001,England,E12000006,East of England,E10000012,Essex,Primary,30000,1000,23,0.03333333333333333,0.0007666666666666667
Autumn Term,201920,Local Authority,E92000001,England,E12000006,East of England,E10000012,Essex,Secondary,30000,898,25,0.029933333333333333,0.0008333333333333334
Autumn Term,201920,Local Authority,E92000001,England,E12000006,East of England,E10000012,Essex,Special,100,99,16,0.99,0.16
Autumn Term,201920,Local Authority,E92000001,England,E12000009,South West,E10000013,Gloucestershire,Primary,30000,1000,18,0.03333333333333333,0.0006
Autumn Term,201920,Local Authority,E92000001,England,E12000009,South West,E10000013,Gloucestershire,Secondary,30000,838,22,0.027933333333333334,0.0007333333333333333
Autumn Term,201920,Local Authority,E92000001,England,E12000009,South West,E10000013,Gloucestershire,Special,30000,1000,27,0.03333333333333333,0.0009
Autumn Term,201920,Local Authority,E92000001,England,E12000008,South East,E10000014,Hampshire,Primary,30000,980,25,0.03266666666666666,0.0008333333333333334
Autumn Term,201920,Local Authority,E92000001,England,E12000008,South East,E10000014,Hampshire,Secondary,30000,971,13,0.03236666666666667,0.0004333333333333333
Autumn Term,201920,Local Authority,E92000001,England,E12000008,South East,E10000014,Hampshire,Special,100,99,23,0.99,0.23
Autumn Term,201920,Local Authority,E92000001,England,E12000006,East of England,E10000015,Hertfordshire,Primary,30000,939,19,0.0313,0.0006333333333333333
Autumn Term,201920,Local Authority,E92000001,England,E12000006,East of England,E10000015,Hertfordshire,Secondary,30000,757,30,0.025233333333333333,0.001
Autumn Term,201920,Local Authority,E92000001,England,E12000006,East of England,E10000015,Hertfordshire,Special,100,99,19,0.99,0.19
Autumn Term,201920,Local Authority,E92000001,England,E12000008,South East,E10000016,Kent,Primary,30000,1000,18,0.03333333333333333,0.0006
Autumn Term,201920,Local Authority,E92000001,England,E12000008,South East,E10000016,Kent,Secondary,100,99,23,0.99,0.23
Autumn Term,201920,Local Authority,E92000001,England,E12000008,South East,E10000016,Kent,Special,30000,773,12,0.025766666666666667,0.0004
Autumn Term,201920,Local Authority,E92000001,England,E12000002,North West,E10000017,Lancashire,Primary,30000,772,20,0.025733333333333334,0.0006666666666666666
Autumn Term,201920,Local Authority,E92000001,England,E12000002,North West,E10000017,Lancashire,Secondary,30000,1000,23,0.03333333333333333,0.0007666666666666667
Autumn Term,201920,Local Authority,E92000001,England,E12000002,North West,E10000017,Lancashire,Special,30000,792,22,0.0264,0.0007333333333333333
Autumn Term,201920,Local Authority,E92000001,England,E12000004,East Midlands,E10000018,Leicestershire,Primary,30000,868,19,0.028933333333333332,0.0006333333333333333
Autumn Term,201920,Local Authority,E92000001,England,E12000004,East Midlands,E10000018,Leicestershire,Secondary,100,99,28,0.99,0.28
Autumn Term,201920,Local Authority,E92000001,England,E12000004,East Midlands,E10000018,Leicestershire,Special,30000,699,24,0.0233,0.0008
Autumn Term,201920,Local Authority,E92000001,England,E12000004,East Midlands,E10000019,Lincolnshire,Primary,100,99,20,0.99,0.2
Autumn Term,201920,Local Authority,E92000001,England,E12000004,East Midlands,E10000019,Lincolnshire,Secondary,100,99,20,0.99,0.2
Autumn Term,201920,Local Authority,E92000001,England,E12000004,East Midlands,E10000019,Lincolnshire,Special,100,99,13,0.99,0.13
Autumn Term,201920,Local Authority,E92000001,England,E12000006,East of England,E10000020,Norfolk,Primary,100,99,26,0.99,0.26
Autumn Term,201920,Local Authority,E92000001,England,E12000006,East of England,E10000020,Norfolk,Secondary,100,99,17,0.99,0.17
Autumn Term,201920,Local Authority,E92000001,England,E12000006,East of England,E10000020,Norfolk,Special,30000,940,14,0.03133333333333333,0.00046666666666666666
Autumn Term,201920,Local Authority,E92000001,England,E12000004,East Midlands,E10000021,Northamptonshire,Primary,100,99,21,0.99,0.21
Autumn Term,201920,Local Authority,E92000001,England,E12000004,East Midlands,E10000021,Northamptonshire,Secondary,30000,965,26,0.03216666666666667,0.0008666666666666666
Autumn Term,201920,Local Authority,E92000001,England,E12000004,East Midlands,E10000021,Northamptonshire,Special,30000,662,20,0.022066666666666665,0.0006666666666666666
Autumn Term,201920,Local Authority,E92000001,England,E12000001,North East,E10000022,Northumberland,Primary,30000,867,23,0.0289,0.0007666666666666667
Autumn Term,201920,Local Authority,E92000001,England,E12000001,North East,E10000022,Northumberland,Secondary,100,99,19,0.99,0.19
Autumn Term,201920,Local Authority,E92000001,England,E12000001,North East,E10000022,Northumberland,Special,100,99,19,0.99,0.19
Autumn Term,201920,Local Authority,E92000001,England,E12000003,Yorkshire and The Humber,E10000023,North Yorkshire,Primary,30000,978,18,0.0326,0.0006
Autumn Term,201920,Local Authority,E92000001,England,E12000003,Yorkshire and The Humber,E10000023,North Yorkshire,Secondary,100,99,20,0.99,0.2
Autumn Term,201920,Local Authority,E92000001,England,E12000003,Yorkshire and The Humber,E10000023,North Yorkshire,Special,100,99,25,0.99,0.25
Autumn Term,201920,Local Authority,E92000001,England,E12000004,East Midlands,E10000024,Nottinghamshire,Primary,30000,888,22,0.0296,0.0007333333333333333
Autumn Term,201920,Local Authority,E92000001,England,E12000004,East Midlands,E10000024,Nottinghamshire,Secondary,100,99,16,0.99,0.16
Autumn Term,201920,Local Authority,E92000001,England,E12000004,East Midlands,E10000024,Nottinghamshire,Special,100,99,19,0.99,0.19
Autumn Term,201920,Local Authority,E92000001,England,E12000008,South East,E10000025,Oxfordshire,Primary,30000,1000,23,0.03333333333333333,0.0007666666666666667
Autumn Term,201920,Local Authority,E92000001,England,E12000008,South East,E10000025,Oxfordshire,Secondary,100,99,26,0.99,0.26
Autumn Term,201920,Local Authority,E92000001,England,E12000008,South East,E10000025,Oxfordshire,Special,30000,1000,19,0.03333333333333333,0.0006333333333333333
Autumn Term,201920,Local Authority,E92000001,England,E12000005,West Midlands,E10000026,Shropshire,Primary,100,99,15,0.99,0.15
Autumn Term,201920,Local Authority,E92000001,England,E12000005,West Midlands,E10000026,Shropshire,Secondary,30000,886,17,0.029533333333333335,0.0005666666666666667
Autumn Term,201920,Local Authority,E92000001,England,E12000005,West Midlands,E10000026,Shropshire,Special,100,99,16,0.99,0.16
Autumn Term,201920,Local Authority,E92000001,England,E12000009,South West,E10000027,Somerset,Primary,30000,986,14,0.03286666666666667,0.00046666666666666666
Autumn Term,201920,Local Authority,E92000001,England,E12000009,South West,E10000027,Somerset,Secondary,100,99,15,0.99,0.15
Autumn Term,201920,Local Authority,E92000001,England,E12000009,South West,E10000027,Somerset,Special,100,99,25,0.99,0.25
Autumn Term,201920,Local Authority,E92000001,England,E12000005,West Midlands,E10000028,Staffordshire,Primary,30000,951,21,0.0317,0.0007
Autumn Term,201920,Local Authority,E92000001,England,E12000005,West Midlands,E10000028,Staffordshire,Secondary,30000,1000,31,0.03333333333333333,0.0010333333333333334
Autumn Term,201920,Local Authority,E92000001,England,E12000005,West Midlands,E10000028,Staffordshire,Special,30000,1000,20,0.03333333333333333,0.0006666666666666666
Autumn Term,201920,Local Authority,E92000001,England,E12000006,East of England,E10000029,Suffolk,Primary,30000,934,21,0.031133333333333332,0.0007
Autumn Term,201920,Local Authority,E92000001,England,E12000006,East of England,E10000029,Suffolk,Secondary,30000,776,14,0.025866666666666666,0.00046666666666666666
Autumn Term,201920,Local Authority,E92000001,England,E12000006,East of England,E10000029,Suffolk,Special,100,99,16,0.99,0.16
Autumn Term,201920,Local Authority,E92000001,England,E12000008,South East,E10000030,Surrey,Primary,30000,907,22,0.030233333333333334,0.0007333333333333333
Autumn Term,201920,Local Authority,E92000001,England,E12000008,South East,E10000030,Surrey,Secondary,30000,859,24,0.028633333333333334,0.0008
Autumn Term,201920,Local Authority,E92000001,England,E12000008,South East,E10000030,Surrey,Special,30000,917,22,0.030566666666666666,0.0007333333333333333
Autumn Term,201920,Local Authority,E92000001,England,E12000005,West Midlands,E10000031,Warwickshire,Primary,30000,1000,16,0.03333333333333333,0.0005333333333333334
Autumn Term,201920,Local Authority,E92000001,England,E12000005,West Midlands,E10000031,Warwickshire,Secondary,100,99,19,0.99,0.19
Autumn Term,201920,Local Authority,E92000001,England,E12000005,West Midlands,E10000031,Warwickshire,Special,30000,1000,31,0.03333333333333333,0.0010333333333333334
Autumn Term,201920,Local Authority,E92000001,England,E12000008,South East,E10000032,West Sussex,Primary,30000,953,13,0.031766666666666665,0.0004333333333333333
Autumn Term,201920,Local Authority,E92000001,England,E12000008,South East,E10000032,West Sussex,Secondary,100,99,29,0.99,0.29
Autumn Term,201920,Local Authority,E92000001,England,E12000008,South East,E10000032,West Sussex,Special,100,99,15,0.99,0.15
Autumn Term,201920,Local Authority,E92000001,England,E12000009,South West,E10000033,Wiltshire,Primary,30000,1000,23,0.03333333333333333,0.0007666666666666667
Autumn Term,201920,Local Authority,E92000001,England,E12000009,South West,E10000033,Wiltshire,Secondary,30000,1000,15,0.03333333333333333,0.0005
Autumn Term,201920,Local Authority,E92000001,England,E12000009,South West,E10000033,Wiltshire,Special,100,99,24,0.99,0.24
Autumn Term,201920,Local Authority,E92000001,England,E12000005,West Midlands,E10000034,Worcestershire,Primary,100,99,21,0.99,0.21
Autumn Term,201920,Local Authority,E92000001,England,E12000005,West Midlands,E10000034,Worcestershire,Secondary,30000,1000,18,0.03333333333333333,0.0006
Autumn Term,201920,Local Authority,E92000001,England,E12000005,West Midlands,E10000034,Worcestershire,Special,30000,845,20,0.028166666666666666,0.0006666666666666666
Autumn Term,202021,Local Authority,E92000001,England,E12000001,North East,E06000001,Hartlepool,Primary,100,99,17,0.99,0.17
Autumn Term,202021,Local Authority,E92000001,England,E12000001,North East,E06000001,Hartlepool,Secondary,30000,865,17,0.028833333333333332,0.0005666666666666667
Autumn Term,202021,Local Authority,E92000001,England,E12000001,North East,E06000001,Hartlepool,Special,100,99,24,0.99,0.24
Autumn Term,202021,Local Authority,E92000001,England,E12000001,North East,E06000002,Middlesbrough,Primary,30000,996,23,0.0332,0.0007666666666666667
Autumn Term,202021,Local Authority,E92000001,England,E12000001,North East,E06000002,Middlesbrough,Secondary,100,99,15,0.99,0.15
Autumn Term,202021,Local Authority,E92000001,England,E12000001,North East,E06000002,Middlesbrough,Special,30000,849,19,0.0283,0.0006333333333333333
Autumn Term,202021,Local Authority,E92000001,England,E12000001,North East,E06000003,Redcar and Cleveland,Primary,30000,954,26,0.0318,0.0008666666666666666
Autumn Term,202021,Local Authority,E92000001,England,E12000001,North East,E06000003,Redcar and Cleveland,Secondary,30000,1000,24,0.03333333333333333,0.0008
Autumn Term,202021,Local Authority,E92000001,England,E12000001,North East,E06000003,Redcar and Cleveland,Special,30000,1000,17,0.03333333333333333,0.0005666666666666667
Autumn Term,202021,Local Authority,E92000001,England,E12000001,North East,E06000004,Stockton-on-Tees,Primary,100,99,15,0.99,0.15
Autumn Term,202021,Local Authority,E92000001,England,E12000001,North East,E06000004,Stockton-on-Tees,Secondary,30000,760,16,0.025333333333333333,0.0005333333333333334
Autumn Term,202021,Local Authority,E92000001,England,E12000001,North East,E06000004,Stockton-on-Tees,Special,30000,1000,23,0.03333333333333333,0.0007666666666666667
Autumn Term,202021,Local Authority,E92000001,England,E12000001,North East,E06000005,Darlington,Primary,30000,829,16,0.027633333333333333,0.0005333333333333334
Autumn Term,202021,Local Authority,E92000001,England,E12000001,North East,E06000005,Darlington,Secondary,100,99,15,0.99,0.15
Autumn Term,202021,Local Authority,E92000001,England,E12000001,North East,E06000005,Darlington,Special,30000,682,15,0.022733333333333335,0.0005
Autumn Term,202021,Local Authority,E92000001,England,E12000002,North West,E06000006,Halton,Primary,100,99,20,0.99,0.2
Autumn Term,202021,Local Authority,E92000001,England,E12000002,North West,E06000006,Halton,Secondary,100,99,20,0.99,0.2
Autumn Term,202021,Local Authority,E92000001,England,E12000002,North West,E06000006,Halton,Special,30000,1000,26,0.03333333333333333,0.0008666666666666666
Autumn Term,202021,Local Authority,E92000001,England,E12000002,North West,E06000007,Warrington,Primary,30000,978,24,0.0326,0.0008
Autumn Term,202021,Local Authority,E92000001,England,E12000002,North West,E06000007,Warrington,Secondary,30000,895,18,0.029833333333333333,0.0006
Autumn Term,202021,Local Authority,E92000001,England,E12000002,North West,E06000007,Warrington,Special,30000,845,12,0.028166666666666666,0.0004
Autumn Term,202021,Local Authority,E92000001,England,E12000002,North West,E06000008,Blackburn with Darwen,Primary,30000,1000,20,0.03333333333333333,0.0006666666666666666
Autumn Term,202021,Local Authority,E92000001,England,E12000002,North West,E06000008,Blackburn with Darwen,Secondary,100,99,18,0.99,0.18
Autumn Term,202021,Local Authority,E92000001,England,E12000002,North West,E06000008,Blackburn with Darwen,Special,100,99,15,0.99,0.15
Autumn Term,202021,Local Authority,E92000001,England,E12000002,North West,E06000009,Blackpool,Primary,100,99,17,0.99,0.17
Autumn Term,202021,Local Authority,E92000001,England,E12000002,North West,E06000009,Blackpool,Secondary,30000,954,17,0.0318,0.0005666666666666667
Autumn Term,202021,Local Authority,E92000001,England,E12000002,North West,E06000009,Blackpool,Special,100,99,11,0.99,0.11
Autumn Term,202021,Local Authority,E92000001,England,E12000003,Yorkshire and The Humber,E06000010,"Kingston upon Hull, City of",Primary,100,99,14,0.99,0.14
Autumn Term,202021,Local Authority,E92000001,England,E12000003,Yorkshire and The Humber,E06000010,"Kingston upon Hull, City of",Secondary,100,99,24,0.99,0.24
Autumn Term,202021,Local Authority,E92000001,England,E12000003,Yorkshire and The Humber,E06000010,"Kingston upon Hull, City of",Special,100,99,22,0.99,0.22
Autumn Term,202021,Local Authority,E92000001,England,E12000003,Yorkshire and The Humber,E06000011,East Riding of Yorkshire,Primary,100,99,17,0.99,0.17
Autumn Term,202021,Local Authority,E92000001,England,E12000003,Yorkshire and The Humber,E06000011,East Riding of Yorkshire,Secondary,100,99,23,0.99,0.23
Autumn Term,202021,Local Authority,E92000001,England,E12000003,Yorkshire and The Humber,E06000011,East Riding of Yorkshire,Special,30000,886,25,0.029533333333333335,0.0008333333333333334
Autumn Term,202021,Local Authority,E92000001,England,E12000003,Yorkshire and The Humber,E06000012,North East Lincolnshire,Primary,30000,955,28,0.03183333333333333,0.0009333333333333333
Autumn Term,202021,Local Authority,E92000001,England,E12000003,Yorkshire and The Humber,E06000012,North East Lincolnshire,Secondary,100,99,22,0.99,0.22
Autumn Term,202021,Local Authority,E92000001,England,E12000003,Yorkshire and The Humber,E06000012,North East Lincolnshire,Special,30000,972,22,0.0324,0.0007333333333333333
Autumn Term,202021,Local Authority,E92000001,England,E12000003,Yorkshire and The Humber,E06000013,North Lincolnshire,Primary,100,99,19,0.99,0.19
Autumn Term,202021,Local Authority,E92000001,England,E12000003,Yorkshire and The Humber,E06000013,North Lincolnshire,Secondary,30000,888,17,0.0296,0.0005666666666666667
Autumn Term,202021,Local Authority,E92000001,England,E12000003,Yorkshire and The Humber,E06000013,North Lincolnshire,Special,30000,874,14,0.029133333333333334,0.00046666666666666666
Autumn Term,202021,Local Authority,E92000001,England,E12000003,Yorkshire and The Humber,E06000014,York,Primary,100,99,24,0.99,0.24
Autumn Term,202021,Local Authority,E92000001,England,E12000003,Yorkshire and The Humber,E06000014,York,Secondary,30000,1000,16,0.03333333333333333,0.0005333333333333334
Autumn Term,202021,Local Authority,E92000001,England,E12000003,Yorkshire and The Humber,E06000014,York,Special,30000,620,20,0.020666666666666667,0.0006666666666666666
Autumn Term,202021,Local Authority,E92000001,England,E12000004,East Midlands,E06000015,Derby,Primary,30000,1000,15,0.03333333333333333,0.0005
Autumn Term,202021,Local Authority,E92000001,England,E12000004,East Midlands,E06000015,Derby,Secondary,30000,944,21,0.031466666666666664,0.0007
Autumn Term,202021,Local Authority,E92000001,England,E12000004,East Midlands,E06000015,Derby,Special,100,99,28,0.99,0.28
Autumn Term,202021,Local Authority,E92000001,England,E12000004,East Midlands,E06000016,Leicester,Primary,30000,981,17,0.0327,0.0005666666666666667
Autumn Term,202021,Local Authority,E92000001,England,E12000004,East Midlands,E06000016,Leicester,Secondary,30000,915,25,0.0305,0.0008333333333333334
Autumn Term,202021,Local Authority,E92000001,England,E12000004,East Midlands,E06000016,Leicester,Special,100,99,21,0.99,0.21
Autumn Term,202021,Local Authority,E92000001,England,E12000004,East Midlands,E06000017,Rutland,Primary,30000,965,21,0.03216666666666667,0.0007
Autumn Term,202021,Local Authority,E92000001,England,E12000004,East Midlands,E06000017,Rutland,Secondary,30000,827,22,0.027566666666666666,0.0007333333333333333
Autumn Term,202021,Local Authority,E92000001,England,E12000004,East Midlands,E06000017,Rutland,Special,30000,1000,23,0.03333333333333333,0.0007666666666666667
Autumn Term,202021,Local Authority,E92000001,England,E12000004,East Midlands,E06000018,Nottingham,Primary,100,99,17,0.99,0.17
Autumn Term,202021,Local Authority,E92000001,England,E12000004,East Midlands,E06000018,Nottingham,Secondary,30000,1000,18,0.03333333333333333,0.0006
Autumn Term,202021,Local Authority,E92000001,England,E12000004,East Midlands,E06000018,Nottingham,Special,30000,1000,12,0.03333333333333333,0.0004
Autumn Term,202021,Local Authority,E92000001,England,E12000005,West Midlands,E06000019,"Herefordshire, County of",Primary,30000,957,22,0.0319,0.0007333333333333333
Autumn Term,202021,Local Authority,E92000001,England,E12000005,West Midlands,E06000019,"Herefordshire, County of",Secondary,30000,1000,21,0.03333333333333333,0.0007
Autumn Term,202021,Local Authority,E92000001,England,E12000005,West Midlands,E06000019,"Herefordshire, County of",Special,30000,854,23,0.028466666666666668,0.0007666666666666667
Autumn Term,202021,Local Authority,E92000001,England,E12000005,West Midlands,E06000020,Telford and Wrekin,Primary,30000,1000,19,0.03333333333333333,0.0006333333333333333
Autumn Term,202021,Local Authority,E92000001,England,E12000005,West Midlands,E06000020,Telford and Wrekin,Secondary,30000,709,21,0.023633333333333333,0.0007
Autumn Term,202021,Local Authority,E92000001,England,E12000005,West Midlands,E06000020,Telford and Wrekin,Special,30000,759,16,0.0253,0.0005333333333333334
Autumn Term,202021,Local Authority,E92000001,England,E12000005,West Midlands,E06000021,Stoke-on-Trent,Primary,100,99,20,0.99,0.2
Autumn Term,202021,Local Authority,E92000001,England,E12000005,West Midlands,E06000021,Stoke-on-Trent,Secondary,100,99,24,0.99,0.24
Autumn Term,202021,Local Authority,E92000001,England,E12000005,West Midlands,E06000021,Stoke-on-Trent,Special,100,99,24,0.99,0.24
Autumn Term,202021,Local Authority,E92000001,England,E12000009,South West,E06000022,Bath and North East Somerset,Primary,100,99,19,0.99,0.19
Autumn Term,202021,Local Authority,E92000001,England,E12000009,South West,E06000022,Bath and North East Somerset,Secondary,30000,968,13,0.032266666666666666,0.0004333333333333333
Autumn Term,202021,Local Authority,E92000001,England,E12000009,South West,E06000022,Bath and North East Somerset,Special,30000,699,14,0.0233,0.00046666666666666666
Autumn Term,202021,Local Authority,E92000001,England,E12000009,South West,E06000023,"Bristol, City of",Primary,30000,899,19,0.029966666666666666,0.0006333333333333333
Autumn Term,202021,Local Authority,E92000001,England,E12000009,South West,E06000023,"Bristol, City of",Secondary,30000,927,26,0.0309,0.0008666666666666666
Autumn Term,202021,Local Authority,E92000001,England,E12000009,South West,E06000023,"Bristol, City of",Special,30000,1000,21,0.03333333333333333,0.0007
Autumn Term,202021,Local Authority,E92000001,England,E12000009,South West,E06000024,North Somerset,Primary,30000,1000,22,0.03333333333333333,0.0007333333333333333
Autumn Term,202021,Local Authority,E92000001,England,E12000009,South West,E06000024,North Somerset,Secondary,30000,895,19,0.029833333333333333,0.0006333333333333333
Autumn Term,202021,Local Authority,E92000001,England,E12000009,South West,E06000024,North Somerset,Special,100,99,14,0.99,0.14
Autumn Term,202021,Local Authority,E92000001,England,E12000009,South West,E06000025,South Gloucestershire,Primary,30000,946,19,0.03153333333333333,0.0006333333333333333
Autumn Term,202021,Local Authority,E92000001,England,E12000009,South West,E06000025,South Gloucestershire,Secondary,30000,1000,17,0.03333333333333333,0.0005666666666666667
Autumn Term,202021,Local Authority,E92000001,England,E12000009,South West,E06000025,South Gloucestershire,Special,30000,833,16,0.027766666666666665,0.0005333333333333334
Autumn Term,202021,Local Authority,E92000001,England,E12000009,South West,E06000026,Plymouth,Primary,30000,1000,14,0.03333333333333333,0.00046666666666666666
Autumn Term,202021,Local Authority,E92000001,England,E12000009,South West,E06000026,Plymouth,Secondary,30000,1000,13,0.03333333333333333,0.0004333333333333333
Autumn Term,202021,Local Authority,E92000001,England,E12000009,South West,E06000026,Plymouth,Special,30000,1000,21,0.03333333333333333,0.0007
Autumn Term,202021,Local Authority,E92000001,England,E12000009,South West,E06000027,Torbay,Primary,30000,952,29,0.031733333333333336,0.0009666666666666667
Autumn Term,202021,Local Authority,E92000001,England,E12000009,South West,E06000027,Torbay,Secondary,100,99,25,0.99,0.25
Autumn Term,202021,Local Authority,E92000001,England,E12000009,South West,E06000027,Torbay,Special,30000,816,28,0.0272,0.0009333333333333333
Autumn Term,202021,Local Authority,E92000001,England,E12000009,South West,E06000028,Bournemouth,Primary,100,99,28,0.99,0.28
Autumn Term,202021,Local Authority,E92000001,England,E12000009,South West,E06000028,Bournemouth,Secondary,100,99,23,0.99,0.23
Autumn Term,202021,Local Authority,E92000001,England,E12000009,South West,E06000028,Bournemouth,Special,30000,1000,20,0.03333333333333333,0.0006666666666666666
Autumn Term,202021,Local Authority,E92000001,England,E12000009,South West,E06000029,Poole,Primary,100,99,17,0.99,0.17
Autumn Term,202021,Local Authority,E92000001,England,E12000009,South West,E06000029,Poole,Secondary,100,99,19,0.99,0.19
Autumn Term,202021,Local Authority,E92000001,England,E12000009,South West,E06000029,Poole,Special,30000,1000,17,0.03333333333333333,0.0005666666666666667
Autumn Term,202021,Local Authority,E92000001,England,E12000009,South West,E06000030,Swindon,Primary,100,99,23,0.99,0.23
Autumn Term,202021,Local Authority,E92000001,England,E12000009,South West,E06000030,Swindon,Secondary,30000,675,29,0.0225,0.0009666666666666667
Autumn Term,202021,Local Authority,E92000001,England,E12000009,South West,E06000030,Swindon,Special,30000,1000,20,0.03333333333333333,0.0006666666666666666
Autumn Term,202021,Local Authority,E92000001,England,E12000006,East of England,E06000031,Peterborough,Primary,30000,1000,13,0.03333333333333333,0.0004333333333333333
Autumn Term,202021,Local Authority,E92000001,England,E12000006,East of England,E06000031,Peterborough,Secondary,30000,964,16,0.03213333333333333,0.0005333333333333334
Autumn Term,202021,Local Authority,E92000001,England,E12000006,East of England,E06000031,Peterborough,Special,100,99,18,0.99,0.18
Autumn Term,202021,Local Authority,E92000001,England,E12000006,East of England,E06000032,Luton,Primary,30000,758,22,0.025266666666666666,0.0007333333333333333
Autumn Term,202021,Local Authority,E92000001,England,E12000006,East of England,E06000032,Luton,Secondary,100,99,24,0.99,0.24
Autumn Term,202021,Local Authority,E92000001,England,E12000006,East of England,E06000032,Luton,Special,100,99,17,0.99,0.17
Autumn Term,202021,Local Authority,E92000001,England,E12000006,East of England,E06000033,Southend-on-Sea,Primary,30000,1000,26,0.03333333333333333,0.0008666666666666666
Autumn Term,202021,Local Authority,E92000001,England,E12000006,East of England,E06000033,Southend-on-Sea,Secondary,30000,846,25,0.0282,0.0008333333333333334
Autumn Term,202021,Local Authority,E92000001,England,E12000006,East of England,E06000033,Southend-on-Sea,Special,30000,1000,15,0.03333333333333333,0.0005
Autumn Term,202021,Local Authority,E92000001,England,E12000006,East of England,E06000034,Thurrock,Primary,30000,1000,24,0.03333333333333333,0.0008
Autumn Term,202021,Local Authority,E92000001,England,E12000006,East of England,E06000034,Thurrock,Secondary,30000,911,17,0.030366666666666667,0.0005666666666666667
Autumn Term,202021,Local Authority,E92000001,England,E12000006,East of England,E06000034,Thurrock,Special,30000,735,27,0.0245,0.0009
Autumn Term,202021,Local Authority,E92000001,England,E12000008,South East,E06000035,Medway,Primary,30000,745,19,0.024833333333333332,0.0006333333333333333
Autumn Term,202021,Local Authority,E92000001,England,E12000008,South East,E06000035,Medway,Secondary,30000,697,16,0.023233333333333335,0.0005333333333333334
Autumn Term,202021,Local Authority,E92000001,England,E12000008,South East,E06000035,Medway,Special,30000,780,13,0.026,0.0004333333333333333
Autumn Term,202021,Local Authority,E92000001,England,E12000008,South East,E06000036,Bracknell Forest,Primary,30000,856,28,0.028533333333333334,0.0009333333333333333
Autumn Term,202021,Local Authority,E92000001,England,E12000008,South East,E06000036,Bracknell Forest,Secondary,100,99,25,0.99,0.25
Autumn Term,202021,Local Authority,E92000001,England,E12000008,South East,E06000036,Bracknell Forest,Special,30000,1000,17,0.03333333333333333,0.0005666666666666667
Autumn Term,202021,Local Authority,E92000001,England,E12000008,South East,E06000037,West Berkshire,Primary,100,99,13,0.99,0.13
Autumn Term,202021,Local Authority,E92000001,England,E12000008,South East,E06000037,West Berkshire,Secondary,100,99,19,0.99,0.19
Autumn Term,202021,Local Authority,E92000001,England,E12000008,South East,E06000037,West Berkshire,Special,100,99,26,0.99,0.26
Autumn Term,202021,Local Authority,E92000001,England,E12000008,South East,E06000038,Reading,Primary,30000,823,20,0.027433333333333334,0.0006666666666666666
Autumn Term,202021,Local Authority,E92000001,England,E12000008,South East,E06000038,Reading,Secondary,30000,938,13,0.031266666666666665,0.0004333333333333333
Autumn Term,202021,Local Authority,E92000001,England,E12000008,South East,E06000038,Reading,Special,30000,797,13,0.026566666666666666,0.0004333333333333333
Autumn Term,202021,Local Authority,E92000001,England,E12000008,South East,E06000039,Slough,Primary,100,99,19,0.99,0.19
Autumn Term,202021,Local Authority,E92000001,England,E12000008,South East,E06000039,Slough,Secondary,30000,933,18,0.0311,0.0006
Autumn Term,202021,Local Authority,E92000001,England,E12000008,South East,E06000039,Slough,Special,30000,811,20,0.027033333333333333,0.0006666666666666666
Autumn Term,202021,Local Authority,E92000001,England,E12000008,South East,E06000040,Windsor and Maidenhead,Primary,30000,1000,20,0.03333333333333333,0.0006666666666666666
Autumn Term,202021,Local Authority,E92000001,England,E12000008,South East,E06000040,Windsor and Maidenhead,Secondary,30000,761,19,0.025366666666666666,0.0006333333333333333
Autumn Term,202021,Local Authority,E92000001,England,E12000008,South East,E06000040,Windsor and Maidenhead,Special,30000,1000,22,0.03333333333333333,0.0007333333333333333
Autumn Term,202021,Local Authority,E92000001,England,E12000008,South East,E06000041,Wokingham,Primary,30000,872,20,0.029066666666666668,0.0006666666666666666
Autumn Term,202021,Local Authority,E92000001,England,E12000008,South East,E06000041,Wokingham,Secondary,30000,835,23,0.027833333333333335,0.0007666666666666667
Autumn Term,202021,Local Authority,E92000001,England,E12000008,South East,E06000041,Wokingham,Special,30000,1000,21,0.03333333333333333,0.0007
Autumn Term,202021,Local Authority,E92000001,England,E12000008,South East,E06000042,Milton Keynes,Primary,30000,872,20,0.029066666666666668,0.0006666666666666666
Autumn Term,202021,Local Authority,E92000001,England,E12000008,South East,E06000042,Milton Keynes,Secondary,100,99,18,0.99,0.18
Autumn Term,202021,Local Authority,E92000001,England,E12000008,South East,E06000042,Milton Keynes,Special,100,99,29,0.99,0.29
Autumn Term,202021,Local Authority,E92000001,England,E12000008,South East,E06000043,Brighton and Hove,Primary,100,99,14,0.99,0.14
Autumn Term,202021,Local Authority,E92000001,England,E12000008,South East,E06000043,Brighton and Hove,Secondary,100,99,16,0.99,0.16
Autumn Term,202021,Local Authority,E92000001,England,E12000008,South East,E06000043,Brighton and Hove,Special,30000,1000,23,0.03333333333333333,0.0007666666666666667
Autumn Term,202021,Local Authority,E92000001,England,E12000008,South East,E06000044,Portsmouth,Primary,30000,929,23,0.030966666666666667,0.0007666666666666667
Autumn Term,202021,Local Authority,E92000001,England,E12000008,South East,E06000044,Portsmouth,Secondary,100,99,18,0.99,0.18
Autumn Term,202021,Local Authority,E92000001,England,E12000008,South East,E06000044,Portsmouth,Special,100,99,17,0.99,0.17
Autumn Term,202021,Local Authority,E92000001,England,E12000008,South East,E06000045,Southampton,Primary,100,99,14,0.99,0.14
Autumn Term,202021,Local Authority,E92000001,England,E12000008,South East,E06000045,Southampton,Secondary,30000,1000,17,0.03333333333333333,0.0005666666666666667
Autumn Term,202021,Local Authority,E92000001,England,E12000008,South East,E06000045,Southampton,Special,100,99,15,0.99,0.15
Autumn Term,202021,Local Authority,E92000001,England,E12000008,South East,E06000046,Isle of Wight,Primary,30000,1000,17,0.03333333333333333,0.0005666666666666667
Autumn Term,202021,Local Authority,E92000001,England,E12000008,South East,E06000046,Isle of Wight,Secondary,30000,1000,15,0.03333333333333333,0.0005
Autumn Term,202021,Local Authority,E92000001,England,E12000008,South East,E06000046,Isle of Wight,Special,30000,959,20,0.031966666666666664,0.0006666666666666666
Autumn Term,202021,Local Authority,E92000001,England,E12000001,North East,E06000047,County Durham,Primary,30000,867,17,0.0289,0.0005666666666666667
Autumn Term,202021,Local Authority,E92000001,England,E12000001,North East,E06000047,County Durham,Secondary,100,99,16,0.99,0.16
Autumn Term,202021,Local Authority,E92000001,England,E12000001,North East,E06000047,County Durham,Special,30000,935,24,0.031166666666666665,0.0008
Autumn Term,202021,Local Authority,E92000001,England,E12000001,North East,E06000048,Northumberland,Primary,100,99,17,0.99,0.17
Autumn Term,202021,Local Authority,E92000001,England,E12000001,North East,E06000048,Northumberland,Secondary,30000,523,23,0.017433333333333332,0.0007666666666666667
Autumn Term,202021,Local Authority,E92000001,England,E12000001,North East,E06000048,Northumberland,Special,30000,933,15,0.0311,0.0005
Autumn Term,202021,Local Authority,E92000001,England,E12000002,North West,E06000049,Cheshire East,Primary,30000,892,21,0.029733333333333334,0.0007
Autumn Term,202021,Local Authority,E92000001,England,E12000002,North West,E06000049,Cheshire East,Secondary,100,99,18,0.99,0.18
Autumn Term,202021,Local Authority,E92000001,England,E12000002,North West,E06000049,Cheshire East,Special,30000,916,16,0.030533333333333332,0.0005333333333333334
Autumn Term,202021,Local Authority,E92000001,England,E12000002,North West,E06000050,Cheshire West and Chester,Primary,30000,827,24,0.027566666666666666,0.0008
Autumn Term,202021,Local Authority,E92000001,England,E12000002,North West,E06000050,Cheshire West and Chester,Secondary,30000,955,18,0.03183333333333333,0.0006
Autumn Term,202021,Local Authority,E92000001,England,E12000002,North West,E06000050,Cheshire West and Chester,Special,30000,990,20,0.033,0.0006666666666666666
Autumn Term,202021,Local Authority,E92000001,England,E12000005,West Midlands,E06000051,Shropshire,Primary,30000,718,22,0.023933333333333334,0.0007333333333333333
Autumn Term,202021,Local Authority,E92000001,England,E12000005,West Midlands,E06000051,Shropshire,Secondary,100,99,23,0.99,0.23
Autumn Term,202021,Local Authority,E92000001,England,E12000005,West Midlands,E06000051,Shropshire,Special,30000,1000,23,0.03333333333333333,0.0007666666666666667
Autumn Term,202021,Local Authority,E92000001,England,E12000009,South West,E06000052,Cornwall,Primary,100,99,22,0.99,0.22
Autumn Term,202021,Local Authority,E92000001,England,E12000009,South West,E06000052,Cornwall,Secondary,30000,943,22,0.031433333333333334,0.0007333333333333333
Autumn Term,202021,Local Authority,E92000001,England,E12000009,South West,E06000052,Cornwall,Special,30000,809,14,0.026966666666666667,0.00046666666666666666
Autumn Term,202021,Local Authority,E92000001,England,E12000009,South West,E06000053,Isles of Scilly,Primary,100,99,34,0.99,0.34
Autumn Term,202021,Local Authority,E92000001,England,E12000009,South West,E06000053,Isles of Scilly,Secondary,30000,919,18,0.030633333333333332,0.0006
Autumn Term,202021,Local Authority,E92000001,England,E12000009,South West,E06000053,Isles of Scilly,Special,30000,1000,15,0.03333333333333333,0.0005
Autumn Term,202021,Local Authority,E92000001,England,E12000009,South West,E06000054,Wiltshire,Primary,100,99,11,0.99,0.11
Autumn Term,202021,Local Authority,E92000001,England,E12000009,South West,E06000054,Wiltshire,Secondary,30000,1000,29,0.03333333333333333,0.0009666666666666667
Autumn Term,202021,Local Authority,E92000001,England,E12000009,South West,E06000054,Wiltshire,Special,30000,955,23,0.03183333333333333,0.0007666666666666667
Autumn Term,202021,Local Authority,E92000001,England,E12000006,East of England,E06000055,Bedford,Primary,30000,1000,22,0.03333333333333333,0.0007333333333333333
Autumn Term,202021,Local Authority,E92000001,England,E12000006,East of England,E06000055,Bedford,Secondary,100,99,25,0.99,0.25
Autumn Term,202021,Local Authority,E92000001,England,E12000006,East of England,E06000055,Bedford,Special,30000,917,29,0.030566666666666666,0.0009666666666666667
Autumn Term,202021,Local Authority,E92000001,England,E12000006,East of England,E06000056,Central Bedfordshire,Primary,100,99,20,0.99,0.2
Autumn Term,202021,Local Authority,E92000001,England,E12000006,East of England,E06000056,Central Bedfordshire,Secondary,100,99,10,0.99,0.1
Autumn Term,202021,Local Authority,E92000001,England,E12000006,East of England,E06000056,Central Bedfordshire,Special,100,99,20,0.99,0.2
Autumn Term,202021,Local Authority,E92000001,England,E12000001,North East,E06000057,Northumberland,Primary,30000,940,18,0.03133333333333333,0.0006
Autumn Term,202021,Local Authority,E92000001,England,E12000001,North East,E06000057,Northumberland,Secondary,30000,1000,20,0.03333333333333333,0.0006666666666666666
Autumn Term,202021,Local Authority,E92000001,England,E12000001,North East,E06000057,Northumberland,Special,30000,854,14,0.028466666666666668,0.00046666666666666666
Autumn Term,202021,Local Authority,E92000001,England,E12000009,South West,E06000058,"Bournemouth, Christchurch and Poole",Primary,30000,853,30,0.028433333333333335,0.001
Autumn Term,202021,Local Authority,E92000001,England,E12000009,South West,E06000058,"Bournemouth, Christchurch and Poole",Secondary,30000,783,21,0.0261,0.0007
Autumn Term,202021,Local Authority,E92000001,England,E12000009,South West,E06000058,"Bournemouth, Christchurch and Poole",Special,30000,1000,14,0.03333333333333333,0.00046666666666666666
Autumn Term,202021,Local Authority,E92000001,England,E12000009,South West,E06000059,Dorset,Primary,100,99,21,0.99,0.21
Autumn Term,202021,Local Authority,E92000001,England,E12000009,South West,E06000059,Dorset,Secondary,30000,1000,28,0.03333333333333333,0.0009333333333333333
Autumn Term,202021,Local Authority,E92000001,England,E12000009,South West,E06000059,Dorset,Special,100,99,17,0.99,0.17
Autumn Term,202021,Local Authority,E92000001,England,E12000008,South East,E06000060,Buckinghamshire,Primary,30000,1000,22,0.03333333333333333,0.0007333333333333333
Autumn Term,202021,Local Authority,E92000001,England,E12000008,South East,E06000060,Buckinghamshire,Secondary,100,99,14,0.99,0.14
Autumn Term,202021,Local Authority,E92000001,England,E12000008,South East,E06000060,Buckinghamshire,Special,30000,963,25,0.0321,0.0008333333333333334
Autumn Term,202021,Local Authority,E92000001,England,E12000004,East Midlands,E06000061,North Northamptonshire,Primary,30000,1000,24,0.03333333333333333,0.0008
Autumn Term,202021,Local Authority,E92000001,England,E12000004,East Midlands,E06000061,North Northamptonshire,Secondary,100,99,14,0.99,0.14
Autumn Term,202021,Local Authority,E92000001,England,E12000004,East Midlands,E06000061,North Northamptonshire,Special,30000,1000,24,0.03333333333333333,0.0008
Autumn Term,202021,Local Authority,E92000001,England,E12000004,East Midlands,E06000062,West Northamptonshire,Primary,100,99,22,0.99,0.22
Autumn Term,202021,Local Authority,E92000001,England,E12000004,East Midlands,E06000062,West Northamptonshire,Secondary,30000,886,16,0.029533333333333335,0.0005333333333333334
Autumn Term,202021,Local Authority,E92000001,England,E12000004,East Midlands,E06000062,West Northamptonshire,Special,100,99,21,0.99,0.21
Autumn Term,202021,Local Authority,E92000001,England,E12000002,North West,E06000063,Cumberland,Primary,100,99,16,0.99,0.16
Autumn Term,202021,Local Authority,E92000001,England,E12000002,North West,E06000063,Cumberland,Secondary,100,99,23,0.99,0.23
Autumn Term,202021,Local Authority,E92000001,England,E12000002,North West,E06000063,Cumberland,Special,30000,858,23,0.0286,0.0007666666666666667
Autumn Term,202021,Local Authority,E92000001,England,E12000002,North West,E06000064,Westmorland and Furness,Primary,30000,1000,22,0.03333333333333333,0.0007333333333333333
Autumn Term,202021,Local Authority,E92000001,England,E12000002,North West,E06000064,Westmorland and Furness,Secondary,30000,841,20,0.028033333333333334,0.0006666666666666666
Autumn Term,202021,Local Authority,E92000001,England,E12000002,North West,E06000064,Westmorland and Furness,Special,30000,799,26,0.026633333333333332,0.0008666666666666666
Autumn Term,202021,Local Authority,E92000001,England,E12000003,Yorkshire and The Humber,E06000065,North Yorkshire,Primary,100,99,25,0.99,0.25
Autumn Term,202021,Local Authority,E92000001,England,E12000003,Yorkshire and The Humber,E06000065,North Yorkshire,Secondary,100,99,19,0.99,0.19
Autumn Term,202021,Local Authority,E92000001,England,E12000003,Yorkshire and The Humber,E06000065,North Yorkshire,Special,100,99,16,0.99,0.16
Autumn Term,202021,Local Authority,E92000001,England,E12000009,South West,E06000066,Somerset,Primary,30000,818,18,0.027266666666666668,0.0006
Autumn Term,202021,Local Authority,E92000001,England,E12000009,South West,E06000066,Somerset,Secondary,30000,1000,14,0.03333333333333333,0.00046666666666666666
Autumn Term,202021,Local Authority,E92000001,England,E12000009,South West,E06000066,Somerset,Special,100,99,16,0.99,0.16
Autumn Term,202021,Local Authority,E92000001,England,E12000002,North West,E08000001,Bolton,Primary,100,99,16,0.99,0.16
Autumn Term,202021,Local Authority,E92000001,England,E12000002,North West,E08000001,Bolton,Secondary,30000,909,27,0.0303,0.0009
Autumn Term,202021,Local Authority,E92000001,England,E12000002,North West,E08000001,Bolton,Special,100,99,17,0.99,0.17
Autumn Term,202021,Local Authority,E92000001,England,E12000002,North West,E08000002,Bury,Primary,30000,967,20,0.032233333333333336,0.0006666666666666666
Autumn Term,202021,Local Authority,E92000001,England,E12000002,North West,E08000002,Bury,Secondary,30000,1000,18,0.03333333333333333,0.0006
Autumn Term,202021,Local Authority,E92000001,England,E12000002,North West,E08000002,Bury,Special,30000,729,15,0.0243,0.0005
Autumn Term,202021,Local Authority,E92000001,England,E12000002,North West,E08000003,Manchester,Primary,100,99,20,0.99,0.2
Autumn Term,202021,Local Authority,E92000001,England,E12000002,North West,E08000003,Manchester,Secondary,30000,884,25,0.029466666666666665,0.0008333333333333334
Autumn Term,202021,Local Authority,E92000001,England,E12000002,North West,E08000003,Manchester,Special,100,99,13,0.99,0.13
Autumn Term,202021,Local Authority,E92000001,England,E12000002,North West,E08000004,Oldham,Primary,30000,883,19,0.029433333333333332,0.0006333333333333333
Autumn Term,202021,Local Authority,E92000001,England,E12000002,North West,E08000004,Oldham,Secondary,100,99,22,0.99,0.22
Autumn Term,202021,Local Authority,E92000001,England,E12000002,North West,E08000004,Oldham,Special,100,99,17,0.99,0.17
Autumn Term,202021,Local Authority,E92000001,England,E12000002,North West,E08000005,Rochdale,Primary,30000,914,20,0.030466666666666666,0.0006666666666666666
Autumn Term,202021,Local Authority,E92000001,England,E12000002,North West,E08000005,Rochdale,Secondary,30000,823,31,0.027433333333333334,0.0010333333333333334
Autumn Term,202021,Local Authority,E92000001,England,E12000002,North West,E08000005,Rochdale,Special,100,99,26,0.99,0.26
Autumn Term,202021,Local Authority,E92000001,England,E12000002,North West,E08000006,Salford,Primary,100,99,16,0.99,0.16
Autumn Term,202021,Local Authority,E92000001,England,E12000002,North West,E08000006,Salford,Secondary,30000,898,19,0.029933333333333333,0.0006333333333333333
Autumn Term,202021,Local Authority,E92000001,England,E12000002,North West,E08000006,Salford,Special,30000,1000,19,0.03333333333333333,0.0006333333333333333
Autumn Term,202021,Local Authority,E92000001,England,E12000002,North West,E08000007,Stockport,Primary,100,99,26,0.99,0.26
Autumn Term,202021,Local Authority,E92000001,England,E12000002,North West,E08000007,Stockport,Secondary,30000,895,18,0.029833333333333333,0.0006
Autumn Term,202021,Local Authority,E92000001,England,E12000002,North West,E08000007,Stockport,Special,100,99,20,0.99,0.2
Autumn Term,202021,Local Authority,E92000001,England,E12000002,North West,E08000008,Tameside,Primary,30000,1000,27,0.03333333333333333,0.0009
Autumn Term,202021,Local Authority,E92000001,England,E12000002,North West,E08000008,Tameside,Secondary,30000,1000,23,0.03333333333333333,0.0007666666666666667
Autumn Term,202021,Local Authority,E92000001,England,E12000002,North West,E08000008,Tameside,Special,30000,1000,15,0.03333333333333333,0.0005
Autumn Term,202021,Local Authority,E92000001,England,E12000002,North West,E08000009,Trafford,Primary,30000,718,24,0.023933333333333334,0.0008
Autumn Term,202021,Local Authority,E92000001,England,E12000002,North West,E08000009,Trafford,Secondary,30000,942,19,0.0314,0.0006333333333333333
Autumn Term,202021,Local Authority,E92000001,England,E12000002,North West,E08000009,Trafford,Special,30000,762,25,0.0254,0.0008333333333333334
Autumn Term,202021,Local Authority,E92000001,England,E12000002,North West,E08000010,Wigan,Primary,100,99,27,0.99,0.27
Autumn Term,202021,Local Authority,E92000001,England,E12000002,North West,E08000010,Wigan,Secondary,30000,705,34,0.0235,0.0011333333333333334
Autumn Term,202021,Local Authority,E92000001,England,E12000002,North West,E08000010,Wigan,Special,100,99,25,0.99,0.25
Autumn Term,202021,Local Authority,E92000001,England,E12000002,North West,E08000011,Knowsley,Primary,100,99,27,0.99,0.27
Autumn Term,202021,Local Authority,E92000001,England,E12000002,North West,E08000011,Knowsley,Secondary,100,99,21,0.99,0.21
Autumn Term,202021,Local Authority,E92000001,England,E12000002,North West,E08000011,Knowsley,Special,100,99,10,0.99,0.1
Autumn Term,202021,Local Authority,E92000001,England,E12000002,North West,E08000012,Liverpool,Primary,100,99,22,0.99,0.22
Autumn Term,202021,Local Authority,E92000001,England,E12000002,North West,E08000012,Liverpool,Secondary,100,99,21,0.99,0.21
Autumn Term,202021,Local Authority,E92000001,England,E12000002,North West,E08000012,Liverpool,Special,30000,858,23,0.0286,0.0007666666666666667
Autumn Term,202021,Local Authority,E92000001,England,E12000002,North West,E08000013,St. Helens,Primary,30000,808,20,0.026933333333333333,0.0006666666666666666
Autumn Term,202021,Local Authority,E92000001,England,E12000002,North West,E08000013,St. Helens,Secondary,30000,988,26,0.032933333333333335,0.0008666666666666666
Autumn Term,202021,Local Authority,E92000001,England,E12000002,North West,E08000013,St. Helens,Special,30000,826,19,0.027533333333333333,0.0006333333333333333
Autumn Term,202021,Local Authority,E92000001,England,E12000002,North West,E08000014,Sefton,Primary,30000,791,23,0.026366666666666667,0.0007666666666666667
Autumn Term,202021,Local Authority,E92000001,England,E12000002,North West,E08000014,Sefton,Secondary,30000,1000,15,0.03333333333333333,0.0005
Autumn Term,202021,Local Authority,E92000001,England,E12000002,North West,E08000014,Sefton,Special,30000,735,13,0.0245,0.0004333333333333333
Autumn Term,202021,Local Authority,E92000001,England,E12000002,North West,E08000015,Wirral,Primary,30000,921,21,0.0307,0.0007
Autumn Term,202021,Local Authority,E92000001,England,E12000002,North West,E08000015,Wirral,Secondary,100,99,14,0.99,0.14
Autumn Term,202021,Local Authority,E92000001,England,E12000002,North West,E08000015,Wirral,Special,30000,946,17,0.03153333333333333,0.0005666666666666667
Autumn Term,202021,Local Authority,E92000001,England,E12000003,Yorkshire and The Humber,E08000016,Barnsley,Primary,30000,983,19,0.032766666666666666,0.0006333333333333333
Autumn Term,202021,Local Authority,E92000001,England,E12000003,Yorkshire and The Humber,E08000016,Barnsley,Secondary,30000,1000,20,0.03333333333333333,0.0006666666666666666
Autumn Term,202021,Local Authority,E92000001,England,E12000003,Yorkshire and The Humber,E08000016,Barnsley,Special,30000,794,22,0.026466666666666666,0.0007333333333333333
Autumn Term,202021,Local Authority,E92000001,England,E12000003,Yorkshire and The Humber,E08000017,Doncaster,Primary,30000,1000,18,0.03333333333333333,0.0006
Autumn Term,202021,Local Authority,E92000001,England,E12000003,Yorkshire and The Humber,E08000017,Doncaster,Secondary,30000,907,18,0.030233333333333334,0.0006
Autumn Term,202021,Local Authority,E92000001,England,E12000003,Yorkshire and The Humber,E08000017,Doncaster,Special,30000,989,20,0.032966666666666665,0.0006666666666666666
Autumn Term,202021,Local Authority,E92000001,England,E12000003,Yorkshire and The Humber,E08000018,Rotherham,Primary,30000,1000,19,0.03333333333333333,0.0006333333333333333
Autumn Term,202021,Local Authority,E92000001,England,E12000003,Yorkshire and The Humber,E08000018,Rotherham,Secondary,100,99,29,0.99,0.29
Autumn Term,202021,Local Authority,E92000001,England,E12000003,Yorkshire and The Humber,E08000018,Rotherham,Special,30000,1000,18,0.03333333333333333,0.0006
Autumn Term,202021,Local Authority,E92000001,England,E12000003,Yorkshire and The Humber,E08000019,Sheffield,Primary,30000,666,19,0.0222,0.0006333333333333333
Autumn Term,202021,Local Authority,E92000001,England,E12000003,Yorkshire and The Humber,E08000019,Sheffield,Secondary,30000,859,16,0.028633333333333334,0.0005333333333333334
Autumn Term,202021,Local Authority,E92000001,England,E12000003,Yorkshire and The Humber,E08000019,Sheffield,Special,30000,1000,30,0.03333333333333333,0.001
Autumn Term,202021,Local Authority,E92000001,England,E12000001,North East,E08000020,Gateshead,Primary,100,99,24,0.99,0.24
Autumn Term,202021,Local Authority,E92000001,England,E12000001,North East,E08000020,Gateshead,Secondary,100,99,20,0.99,0.2
Autumn Term,202021,Local Authority,E92000001,England,E12000001,North East,E08000020,Gateshead,Special,100,99,22,0.99,0.22
Autumn Term,202021,Local Authority,E92000001,England,E12000001,North East,E08000021,Newcastle upon Tyne,Primary,100,99,15,0.99,0.15
Autumn Term,202021,Local Authority,E92000001,England,E12000001,North East,E08000021,Newcastle upon Tyne,Secondary,30000,802,23,0.026733333333333335,0.0007666666666666667
Autumn Term,202021,Local Authority,E92000001,England,E12000001,North East,E08000021,Newcastle upon Tyne,Special,100,99,25,0.99,0.25
Autumn Term,202021,Local Authority,E92000001,England,E12000001,North East,E08000022,North Tyneside,Primary,100,99,16,0.99,0.16
Autumn Term,202021,Local Authority,E92000001,England,E12000001,North East,E08000022,North Tyneside,Secondary,30000,871,21,0.029033333333333335,0.0007
Autumn Term,202021,Local Authority,E92000001,England,E12000001,North East,E08000022,North Tyneside,Special,30000,1000,21,0.03333333333333333,0.0007
Autumn Term,202021,Local Authority,E92000001,England,E12000001,North East,E08000023,South Tyneside,Primary,30000,840,23,0.028,0.0007666666666666667
Autumn Term,202021,Local Authority,E92000001,England,E12000001,North East,E08000023,South Tyneside,Secondary,30000,876,21,0.0292,0.0007
Autumn Term,202021,Local Authority,E92000001,England,E12000001,North East,E08000023,South Tyneside,Special,30000,902,16,0.030066666666666665,0.0005333333333333334
Autumn Term,202021,Local Authority,E92000001,England,E12000001,North East,E08000024,Sunderland,Primary,30000,1000,27,0.03333333333333333,0.0009
Autumn Term,202021,Local Authority,E92000001,England,E12000001,North East,E08000024,Sunderland,Secondary,100,99,18,0.99,0.18
Autumn Term,202021,Local Authority,E92000001,England,E12000001,North East,E08000024,Sunderland,Special,30000,912,24,0.0304,0.0008
Autumn Term,202021,Local Authority,E92000001,England,E12000005,West Midlands,E08000025,Birmingham,Primary,30000,837,18,0.0279,0.0006
Autumn Term,202021,Local Authority,E92000001,England,E12000005,West Midlands,E08000025,Birmingham,Secondary,30000,1000,23,0.03333333333333333,0.0007666666666666667
Autumn Term,202021,Local Authority,E92000001,England,E12000005,West Midlands,E08000025,Birmingham,Special,30000,1000,14,0.03333333333333333,0.00046666666666666666
Autumn Term,202021,Local Authority,E92000001,England,E12000005,West Midlands,E08000026,Coventry,Primary,100,99,16,0.99,0.16
Autumn Term,202021,Local Authority,E92000001,England,E12000005,West Midlands,E08000026,Coventry,Secondary,100,99,20,0.99,0.2
Autumn Term,202021,Local Authority,E92000001,England,E12000005,West Midlands,E08000026,Coventry,Special,30000,892,21,0.029733333333333334,0.0007
Autumn Term,202021,Local Authority,E92000001,England,E12000005,West Midlands,E08000027,Dudley,Primary,100,99,21,0.99,0.21
Autumn Term,202021,Local Authority,E92000001,England,E12000005,West Midlands,E08000027,Dudley,Secondary,30000,973,13,0.032433333333333335,0.0004333333333333333
Autumn Term,202021,Local Authority,E92000001,England,E12000005,West Midlands,E08000027,Dudley,Special,100,99,17,0.99,0.17
Autumn Term,202021,Local Authority,E92000001,England,E12000005,West Midlands,E08000028,Sandwell,Primary,100,99,18,0.99,0.18
Autumn Term,202021,Local Authority,E92000001,England,E12000005,West Midlands,E08000028,Sandwell,Secondary,30000,757,17,0.025233333333333333,0.0005666666666666667
Autumn Term,202021,Local Authority,E92000001,England,E12000005,West Midlands,E08000028,Sandwell,Special,30000,695,14,0.023166666666666665,0.00046666666666666666
Autumn Term,202021,Local Authority,E92000001,England,E12000005,West Midlands,E08000029,Solihull,Primary,30000,1000,19,0.03333333333333333,0.0006333333333333333
Autumn Term,202021,Local Authority,E92000001,England,E12000005,West Midlands,E08000029,Solihull,Secondary,30000,877,26,0.029233333333333333,0.0008666666666666666
Autumn Term,202021,Local Authority,E92000001,England,E12000005,West Midlands,E08000029,Solihull,Special,30000,799,21,0.026633333333333332,0.0007
Autumn Term,202021,Local Authority,E92000001,England,E12000005,West Midlands,E08000030,Walsall,Primary,30000,889,26,0.029633333333333334,0.0008666666666666666
Autumn Term,202021,Local Authority,E92000001,England,E12000005,West Midlands,E08000030,Walsall,Secondary,30000,826,15,0.027533333333333333,0.0005
Autumn Term,202021,Local Authority,E92000001,England,E12000005,West Midlands,E08000030,Walsall,Special,30000,901,18,0.030033333333333332,0.0006
Autumn Term,202021,Local Authority,E92000001,England,E12000005,West Midlands,E08000031,Wolverhampton,Primary,30000,813,26,0.0271,0.0008666666666666666
Autumn Term,202021,Local Authority,E92000001,England,E12000005,West Midlands,E08000031,Wolverhampton,Secondary,30000,1000,20,0.03333333333333333,0.0006666666666666666
Autumn Term,202021,Local Authority,E92000001,England,E12000005,West Midlands,E08000031,Wolverhampton,Special,30000,773,29,0.025766666666666667,0.0009666666666666667
Autumn Term,202021,Local Authority,E92000001,England,E12000003,Yorkshire and The Humber,E08000032,Bradford,Primary,30000,1000,19,0.03333333333333333,0.0006333333333333333
Autumn Term,202021,Local Authority,E92000001,England,E12000003,Yorkshire and The Humber,E08000032,Bradford,Secondary,30000,1000,16,0.03333333333333333,0.0005333333333333334
Autumn Term,202021,Local Authority,E92000001,England,E12000003,Yorkshire and The Humber,E08000032,Bradford,Special,30000,1000,26,0.03333333333333333,0.0008666666666666666
Autumn Term,202021,Local Authority,E92000001,England,E12000003,Yorkshire and The Humber,E08000033,Calderdale,Primary,30000,1000,14,0.03333333333333333,0.00046666666666666666
Autumn Term,202021,Local Authority,E92000001,England,E12000003,Yorkshire and The Humber,E08000033,Calderdale,Secondary,100,99,22,0.99,0.22
Autumn Term,202021,Local Authority,E92000001,England,E12000003,Yorkshire and The Humber,E08000033,Calderdale,Special,30000,940,28,0.03133333333333333,0.0009333333333333333
Autumn Term,202021,Local Authority,E92000001,England,E12000003,Yorkshire and The Humber,E08000034,Kirklees,Primary,30000,1000,27,0.03333333333333333,0.0009
Autumn Term,202021,Local Authority,E92000001,England,E12000003,Yorkshire and The Humber,E08000034,Kirklees,Secondary,30000,766,23,0.025533333333333335,0.0007666666666666667
Autumn Term,202021,Local Authority,E92000001,England,E12000003,Yorkshire and The Humber,E08000034,Kirklees,Special,30000,1000,21,0.03333333333333333,0.0007
Autumn Term,202021,Local Authority,E92000001,England,E12000003,Yorkshire and The Humber,E08000035,Leeds,Primary,30000,1000,18,0.03333333333333333,0.0006
Autumn Term,202021,Local Authority,E92000001,England,E12000003,Yorkshire and The Humber,E08000035,Leeds,Secondary,30000,839,15,0.027966666666666667,0.0005
Autumn Term,202021,Local Authority,E92000001,England,E12000003,Yorkshire and The Humber,E08000035,Leeds,Special,100,99,13,0.99,0.13
Autumn Term,202021,Local Authority,E92000001,England,E12000003,Yorkshire and The Humber,E08000036,Wakefield,Primary,30000,671,18,0.022366666666666667,0.0006
Autumn Term,202021,Local Authority,E92000001,England,E12000003,Yorkshire and The Humber,E08000036,Wakefield,Secondary,30000,695,18,0.023166666666666665,0.0006
Autumn Term,202021,Local Authority,E92000001,England,E12000003,Yorkshire and The Humber,E08000036,Wakefield,Special,30000,1000,19,0.03333333333333333,0.0006333333333333333
Autumn Term,202021,Local Authority,E92000001,England,E12000001,North East,E08000037,Gateshead,Primary,30000,891,18,0.0297,0.0006
Autumn Term,202021,Local Authority,E92000001,England,E12000001,North East,E08000037,Gateshead,Secondary,30000,895,22,0.029833333333333333,0.0007333333333333333
Autumn Term,202021,Local Authority,E92000001,England,E12000001,North East,E08000037,Gateshead,Special,30000,924,20,0.0308,0.0006666666666666666
Autumn Term,202021,Local Authority,E92000001,England,E12000003,Yorkshire and The Humber,E08000038,Barnsley,Primary,30000,881,25,0.029366666666666666,0.0008333333333333334
Autumn Term,202021,Local Authority,E92000001,England,E12000003,Yorkshire and The Humber,E08000038,Barnsley,Secondary,30000,902,22,0.030066666666666665,0.0007333333333333333
Autumn Term,202021,Local Authority,E92000001,England,E12000003,Yorkshire and The Humber,E08000038,Barnsley,Special,100,99,20,0.99,0.2
Autumn Term,202021,Local Authority,E92000001,England,E12000003,Yorkshire and The Humber,E08000039,Sheffield,Primary,30000,900,15,0.03,0.0005
Autumn Term,202021,Local Authority,E92000001,England,E12000003,Yorkshire and The Humber,E08000039,Sheffield,Secondary,100,99,18,0.99,0.18
Autumn Term,202021,Local Authority,E92000001,England,E12000003,Yorkshire and The Humber,E08000039,Sheffield,Special,100,99,21,0.99,0.21
Autumn Term,202021,Local Authority,E92000001,England,E12000007,London,E09000001,City of London,Primary,30000,982,24,0.032733333333333337,0.0008
Autumn Term,202021,Local Authority,E92000001,England,E12000007,London,E09000001,City of London,Secondary,30000,871,15,0.029033333333333335,0.0005
Autumn Term,202021,Local Authority,E92000001,England,E12000007,London,E09000001,City of London,Special,100,99,20,0.99,0.2
Autumn Term,202021,Local Authority,E92000001,England,E12000007,London,E09000002,Barking and Dagenham,Primary,100,99,27,0.99,0.27
Autumn Term,202021,Local Authority,E92000001,England,E12000007,London,E09000002,Barking and Dagenham,Secondary,100,99,25,0.99,0.25
Autumn Term,202021,Local Authority,E92000001,England,E12000007,London,E09000002,Barking and Dagenham,Special,30000,841,19,0.028033333333333334,0.0006333333333333333
Autumn Term,202021,Local Authority,E92000001,England,E12000007,London,E09000003,Barnet,Primary,30000,1000,24,0.03333333333333333,0.0008
Autumn Term,202021,Local Authority,E92000001,England,E12000007,London,E09000003,Barnet,Secondary,30000,835,26,0.027833333333333335,0.0008666666666666666
Autumn Term,202021,Local Authority,E92000001,England,E12000007,London,E09000003,Barnet,Special,100,99,15,0.99,0.15
Autumn Term,202021,Local Authority,E92000001,England,E12000007,London,E09000004,Bexley,Primary,100,99,27,0.99,0.27
Autumn Term,202021,Local Authority,E92000001,England,E12000007,London,E09000004,Bexley,Secondary,30000,889,21,0.029633333333333334,0.0007
Autumn Term,202021,Local Authority,E92000001,England,E12000007,London,E09000004,Bexley,Special,30000,963,13,0.0321,0.0004333333333333333
Autumn Term,202021,Local Authority,E92000001,England,E12000007,London,E09000005,Brent,Primary,100,99,17,0.99,0.17
Autumn Term,202021,Local Authority,E92000001,England,E12000007,London,E09000005,Brent,Secondary,30000,967,23,0.032233333333333336,0.0007666666666666667
Autumn Term,202021,Local Authority,E92000001,England,E12000007,London,E09000005,Brent,Special,30000,646,19,0.021533333333333335,0.0006333333333333333
Autumn Term,202021,Local Authority,E92000001,England,E12000007,London,E09000006,Bromley,Primary,100,99,14,0.99,0.14
Autumn Term,202021,Local Authority,E92000001,England,E12000007,London,E09000006,Bromley,Secondary,30000,804,29,0.0268,0.0009666666666666667
Autumn Term,202021,Local Authority,E92000001,England,E12000007,London,E09000006,Bromley,Special,100,99,21,0.99,0.21
Autumn Term,202021,Local Authority,E92000001,England,E12000007,London,E09000007,Camden,Primary,100,99,25,0.99,0.25
Autumn Term,202021,Local Authority,E92000001,England,E12000007,London,E09000007,Camden,Secondary,30000,1000,19,0.03333333333333333,0.0006333333333333333
Autumn Term,202021,Local Authority,E92000001,England,E12000007,London,E09000007,Camden,Special,100,99,29,0.99,0.29
Autumn Term,202021,Local Authority,E92000001,England,E12000007,London,E09000008,Croydon,Primary,30000,922,14,0.030733333333333335,0.00046666666666666666
Autumn Term,202021,Local Authority,E92000001,England,E12000007,London,E09000008,Croydon,Secondary,30000,1000,24,0.03333333333333333,0.0008
Autumn Term,202021,Local Authority,E92000001,England,E12000007,London,E09000008,Croydon,Special,30000,877,16,0.029233333333333333,0.0005333333333333334
Autumn Term,202021,Local Authority,E92000001,England,E12000007,London,E09000009,Ealing,Primary,30000,949,16,0.03163333333333333,0.0005333333333333334
Autumn Term,202021,Local Authority,E92000001,England,E12000007,London,E09000009,Ealing,Secondary,30000,902,20,0.030066666666666665,0.0006666666666666666
Autumn Term,202021,Local Authority,E92000001,England,E12000007,London,E09000009,Ealing,Special,30000,954,24,0.0318,0.0008
Autumn Term,202021,Local Authority,E92000001,England,E12000007,London,E09000010,Enfield,Primary,30000,1000,19,0.03333333333333333,0.0006333333333333333
Autumn Term,202021,Local Authority,E92000001,England,E12000007,London,E09000010,Enfield,Secondary,30000,878,20,0.029266666666666667,0.0006666666666666666
Autumn Term,202021,Local Authority,E92000001,England,E12000007,London,E09000010,Enfield,Special,30000,775,18,0.025833333333333333,0.0006
Autumn Term,202021,Local Authority,E92000001,England,E12000007,London,E09000011,Greenwich,Primary,30000,1000,25,0.03333333333333333,0.0008333333333333334
Autumn Term,202021,Local Authority,E92000001,England,E12000007,London,E09000011,Greenwich,Secondary,30000,853,19,0.028433333333333335,0.0006333333333333333
Autumn Term,202021,Local Authority,E92000001,England,E12000007,London,E09000011,Greenwich,Special,100,99,17,0.99,0.17
Autumn Term,202021,Local Authority,E92000001,England,E12000007,London,E09000012,Hackney,Primary,100,99,26,0.99,0.26
Autumn Term,202021,Local Authority,E92000001,England,E12000007,London,E09000012,Hackney,Secondary,100,99,16,0.99,0.16
Autumn Term,202021,Local Authority,E92000001,England,E12000007,London,E09000012,Hackney,Special,100,99,23,0.99,0.23
Autumn Term,202021,Local Authority,E92000001,England,E12000007,London,E09000013,Hammersmith and Fulham,Primary,30000,878,17,0.029266666666666667,0.0005666666666666667
Autumn Term,202021,Local Authority,E92000001,England,E12000007,London,E09000013,Hammersmith and Fulham,Secondary,100,99,19,0.99,0.19
Autumn Term,202021,Local Authority,E92000001,England,E12000007,London,E09000013,Hammersmith and Fulham,Special,30000,933,19,0.0311,0.0006333333333333333
Autumn Term,202021,Local Authority,E92000001,England,E12000007,London,E09000014,Haringey,Primary,30000,1000,26,0.03333333333333333,0.0008666666666666666
Autumn Term,202021,Local Authority,E92000001,England,E12000007,London,E09000014,Haringey,Secondary,30000,733,18,0.024433333333333335,0.0006
Autumn Term,202021,Local Authority,E92000001,England,E12000007,London,E09000014,Haringey,Special,30000,868,22,0.028933333333333332,0.0007333333333333333
Autumn Term,202021,Local Authority,E92000001,England,E12000007,London,E09000015,Harrow,Primary,30000,864,16,0.0288,0.0005333333333333334
Autumn Term,202021,Local Authority,E92000001,England,E12000007,London,E09000015,Harrow,Secondary,30000,1000,14,0.03333333333333333,0.00046666666666666666
Autumn Term,202021,Local Authority,E92000001,England,E12000007,London,E09000015,Harrow,Special,30000,1000,25,0.03333333333333333,0.0008333333333333334
Autumn Term,202021,Local Authority,E92000001,England,E12000007,London,E09000016,Havering,Primary,100,99,30,0.99,0.3
Autumn Term,202021,Local Authority,E92000001,England,E12000007,London,E09000016,Havering,Secondary,30000,1000,14,0.03333333333333333,0.00046666666666666666
Autumn Term,202021,Local Authority,E92000001,England,E12000007,London,E09000016,Havering,Special,100,99,17,0.99,0.17
Autumn Term,202021,Local Authority,E92000001,England,E12000007,London,E09000017,Hillingdon,Primary,100,99,13,0.99,0.13
Autumn Term,202021,Local Authority,E92000001,England,E12000007,London,E09000017,Hillingdon,Secondary,100,99,25,0.99,0.25
Autumn Term,202021,Local Authority,E92000001,England,E12000007,London,E09000017,Hillingdon,Special,30000,919,19,0.030633333333333332,0.0006333333333333333
Autumn Term,202021,Local Authority,E92000001,England,E12000007,London,E09000018,Hounslow,Primary,30000,1000,17,0.03333333333333333,0.0005666666666666667
Autumn Term,202021,Local Authority,E92000001,England,E12000007,London,E09000018,Hounslow,Secondary,30000,1000,18,0.03333333333333333,0.0006
Autumn Term,202021,Local Authority,E92000001,England,E12000007,London,E09000018,Hounslow,Special,30000,841,18,0.028033333333333334,0.0006
Autumn Term,202021,Local Authority,E92000001,England,E12000007,London,E09000019,Islington,Primary,100,99,28,0.99,0.28
Autumn Term,202021,Local Authority,E92000001,England,E12000007,London,E09000019,Islington,Secondary,100,99,12,0.99,0.12
Autumn Term,202021,Local Authority,E92000001,England,E12000007,London,E09000019,Islington,Special,100,99,17,0.99,0.17
Autumn Term,202021,Local Authority,E92000001,England,E12000007,London,E09000020,Kensington and Chelsea,Primary,30000,1000,25,0.03333333333333333,0.0008333333333333334
Autumn Term,202021,Local Authority,E92000001,England,E12000007,London,E09000020,Kensington and Chelsea,Secondary,100,99,18,0.99,0.18
Autumn Term,202021,Local Authority,E92000001,England,E12000007,London,E09000020,Kensington and Chelsea,Special,30000,1000,24,0.03333333333333333,0.0008
Autumn Term,202021,Local Authority,E92000001,England,E12000007,London,E09000021,Kingston upon Thames,Primary,30000,728,18,0.024266666666666666,0.0006
Autumn Term,202021,Local Authority,E92000001,England,E12000007,London,E09000021,Kingston upon Thames,Secondary,30000,892,22,0.029733333333333334,0.0007333333333333333
Autumn Term,202021,Local Authority,E92000001,England,E12000007,London,E09000021,Kingston upon Thames,Special,100,99,30,0.99,0.3
Autumn Term,202021,Local Authority,E92000001,England,E12000007,London,E09000022,Lambeth,Primary,30000,940,21,0.03133333333333333,0.0007
Autumn Term,202021,Local Authority,E92000001,England,E12000007,London,E09000022,Lambeth,Secondary,30000,974,27,0.032466666666666665,0.0009
Autumn Term,202021,Local Authority,E92000001,England,E12000007,London,E09000022,Lambeth,Special,30000,790,21,0.026333333333333334,0.0007
Autumn Term,202021,Local Authority,E92000001,England,E12000007,London,E09000023,Lewisham,Primary,30000,824,12,0.027466666666666667,0.0004
Autumn Term,202021,Local Authority,E92000001,England,E12000007,London,E09000023,Lewisham,Secondary,100,99,21,0.99,0.21
Autumn Term,202021,Local Authority,E92000001,England,E12000007,London,E09000023,Lewisham,Special,100,99,23,0.99,0.23
Autumn Term,202021,Local Authority,E92000001,England,E12000007,London,E09000024,Merton,Primary,30000,725,22,0.024166666666666666,0.0007333333333333333
Autumn Term,202021,Local Authority,E92000001,England,E12000007,London,E09000024,Merton,Secondary,100,99,16,0.99,0.16
Autumn Term,202021,Local Authority,E92000001,England,E12000007,London,E09000024,Merton,Special,30000,930,20,0.031,0.0006666666666666666
Autumn Term,202021,Local Authority,E92000001,England,E12000007,London,E09000025,Newham,Primary,30000,962,19,0.03206666666666667,0.0006333333333333333
Autumn Term,202021,Local Authority,E92000001,England,E12000007,London,E09000025,Newham,Secondary,100,99,21,0.99,0.21
Autumn Term,202021,Local Authority,E92000001,England,E12000007,London,E09000025,Newham,Special,100,99,22,0.99,0.22
Autumn Term,202021,Local Authority,E92000001,England,E12000007,London,E09000026,Redbridge,Primary,30000,1000,15,0.03333333333333333,0.0005
Autumn Term,202021,Local Authority,E92000001,England,E12000007,London,E09000026,Redbridge,Secondary,100,99,15,0.99,0.15
Autumn Term,202021,Local Authority,E92000001,England,E12000007,London,E09000026,Redbridge,Special,100,99,16,0.99,0.16
Autumn Term,202021,Local Authority,E92000001,England,E12000007,London,E09000027,Richmond upon Thames,Primary,30000,908,25,0.030266666666666667,0.0008333333333333334
Autumn Term,202021,Local Authority,E92000001,England,E12000007,London,E09000027,Richmond upon Thames,Secondary,30000,843,24,0.0281,0.0008
Autumn Term,202021,Local Authority,E92000001,England,E12000007,London,E09000027,Richmond upon Thames,Special,30000,1000,13,0.03333333333333333,0.0004333333333333333
Autumn Term,202021,Local Authority,E92000001,England,E12000007,London,E09000028,Southwark,Primary,30000,953,34,0.031766666666666665,0.0011333333333333334
Autumn Term,202021,Local Authority,E92000001,England,E12000007,London,E09000028,Southwark,Secondary,30000,1000,24,0.03333333333333333,0.0008
Autumn Term,202021,Local Authority,E92000001,England,E12000007,London,E09000028,Southwark,Special,100,99,22,0.99,0.22
Autumn Term,202021,Local Authority,E92000001,England,E12000007,London,E09000029,Sutton,Primary,30000,811,15,0.027033333333333333,0.0005
Autumn Term,202021,Local Authority,E92000001,England,E12000007,London,E09000029,Sutton,Secondary,100,99,19,0.99,0.19
Autumn Term,202021,Local Authority,E92000001,England,E12000007,London,E09000029,Sutton,Special,100,99,23,0.99,0.23
Autumn Term,202021,Local Authority,E92000001,England,E12000007,London,E09000030,Tower Hamlets,Primary,100,99,20,0.99,0.2
Autumn Term,202021,Local Authority,E92000001,England,E12000007,London,E09000030,Tower Hamlets,Secondary,100,99,25,0.99,0.25
Autumn Term,202021,Local Authority,E92000001,England,E12000007,London,E09000030,Tower Hamlets,Special,30000,868,21,0.028933333333333332,0.0007
Autumn Term,202021,Local Authority,E92000001,England,E12000007,London,E09000031,Waltham Forest,Primary,100,99,13,0.99,0.13
Autumn Term,202021,Local Authority,E92000001,England,E12000007,London,E09000031,Waltham Forest,Secondary,30000,922,17,0.030733333333333335,0.0005666666666666667
Autumn Term,202021,Local Authority,E92000001,England,E12000007,London,E09000031,Waltham Forest,Special,30000,1000,20,0.03333333333333333,0.0006666666666666666
Autumn Term,202021,Local Authority,E92000001,England,E12000007,London,E09000032,Wandsworth,Primary,100,99,13,0.99,0.13
Autumn Term,202021,Local Authority,E92000001,England,E12000007,London,E09000032,Wandsworth,Secondary,100,99,15,0.99,0.15
Autumn Term,202021,Local Authority,E92000001,England,E12000007,London,E09000032,Wandsworth,Special,30000,909,13,0.0303,0.0004333333333333333
Autumn Term,202021,Local Authority,E92000001,England,E12000007,London,E09000033,Westminster,Primary,100,99,31,0.99,0.31
Autumn Term,202021,Local Authority,E92000001,England,E12000007,London,E09000033,Westminster,Secondary,100,99,12,0.99,0.12
Autumn Term,202021,Local Authority,E92000001,England,E12000007,London,E09000033,Westminster,Special,30000,1000,31,0.03333333333333333,0.0010333333333333334
Autumn Term,202021,Local Authority,E92000001,England,E12000006,East of England,E10000001,Bedfordshire,Primary,30000,817,12,0.02723333333333333,0.0004
Autumn Term,202021,Local Authority,E92000001,England,E12000006,East of England,E10000001,Bedfordshire,Secondary,30000,971,23,0.03236666666666667,0.0007666666666666667
Autumn Term,202021,Local Authority,E92000001,England,E12000006,East of England,E10000001,Bedfordshire,Special,100,99,21,0.99,0.21
Autumn Term,202021,Local Authority,E92000001,England,E12000008,South East,E10000002,Buckinghamshire,Primary,100,99,22,0.99,0.22
Autumn Term,202021,Local Authority,E92000001,England,E12000008,South East,E10000002,Buckinghamshire,Secondary,30000,1000,15,0.03333333333333333,0.0005
Autumn Term,202021,Local Authority,E92000001,England,E12000008,South East,E10000002,Buckinghamshire,Special,30000,798,25,0.0266,0.0008333333333333334
Autumn Term,202021,Local Authority,E92000001,England,E12000006,East of England,E10000003,Cambridgeshire,Primary,30000,839,19,0.027966666666666667,0.0006333333333333333
Autumn Term,202021,Local Authority,E92000001,England,E12000006,East of England,E10000003,Cambridgeshire,Secondary,100,99,15,0.99,0.15
Autumn Term,202021,Local Authority,E92000001,England,E12000006,East of England,E10000003,Cambridgeshire,Special,30000,1000,17,0.03333333333333333,0.0005666666666666667
Autumn Term,202021,Local Authority,E92000001,England,E12000002,North West,E10000004,Cheshire,Primary,30000,1000,22,0.03333333333333333,0.0007333333333333333
Autumn Term,202021,Local Authority,E92000001,England,E12000002,North West,E10000004,Cheshire,Secondary,30000,938,24,0.031266666666666665,0.0008
Autumn Term,202021,Local Authority,E92000001,England,E12000002,North West,E10000004,Cheshire,Special,30000,1000,17,0.03333333333333333,0.0005666666666666667
Autumn Term,202021,Local Authority,E92000001,England,E12000009,South West,E10000005,Cornwall and Isles of Scilly,Primary,30000,951,19,0.0317,0.0006333333333333333
Autumn Term,202021,Local Authority,E92000001,England,E12000009,South West,E10000005,Cornwall and Isles of Scilly,Secondary,30000,1000,21,0.03333333333333333,0.0007
Autumn Term,202021,Local Authority,E92000001,England,E12000009,South West,E10000005,Cornwall and Isles of Scilly,Special,100,99,21,0.99,0.21
Autumn Term,202021,Local Authority,E92000001,England,E12000002,North West,E10000006,Cumbria,Primary,30000,1000,20,0.03333333333333333,0.0006666666666666666
Autumn Term,202021,Local Authority,E92000001,England,E12000002,North West,E10000006,Cumbria,Secondary,100,99,22,0.99,0.22
Autumn Term,202021,Local Authority,E92000001,England,E12000002,North West,E10000006,Cumbria,Special,30000,840,21,0.028,0.0007
Autumn Term,202021,Local Authority,E92000001,England,E12000004,East Midlands,E10000007,Derbyshire,Primary,30000,769,18,0.025633333333333334,0.0006
Autumn Term,202021,Local Authority,E92000001,England,E12000004,East Midlands,E10000007,Derbyshire,Secondary,30000,951,17,0.0317,0.0005666666666666667
Autumn Term,202021,Local Authority,E92000001,England,E12000004,East Midlands,E10000007,Derbyshire,Special,100,99,21,0.99,0.21
Autumn Term,202021,Local Authority,E92000001,England,E12000009,South West,E10000008,Devon,Primary,30000,825,17,0.0275,0.0005666666666666667
Autumn Term,202021,Local Authority,E92000001,England,E12000009,South West,E10000008,Devon,Secondary,100,99,24,0.99,0.24
Autumn Term,202021,Local Authority,E92000001,England,E12000009,South West,E10000008,Devon,Special,100,99,22,0.99,0.22
Autumn Term,202021,Local Authority,E92000001,England,E12000009,South West,E10000009,Dorset,Primary,30000,915,12,0.0305,0.0004
Autumn Term,202021,Local Authority,E92000001,England,E12000009,South West,E10000009,Dorset,Secondary,30000,919,21,0.030633333333333332,0.0007
Autumn Term,202021,Local Authority,E92000001,England,E12000009,South West,E10000009,Dorset,Special,30000,924,27,0.0308,0.0009
Autumn Term,202021,Local Authority,E92000001,England,E12000001,North East,E10000010,Durham,Primary,30000,929,24,0.030966666666666667,0.0008
Autumn Term,202021,Local Authority,E92000001,England,E12000001,North East,E10000010,Durham,Secondary,30000,1000,19,0.03333333333333333,0.0006333333333333333
Autumn Term,202021,Local Authority,E92000001,England,E12000001,North East,E10000010,Durham,Special,30000,829,21,0.027633333333333333,0.0007
Autumn Term,202021,Local Authority,E92000001,England,E12000008,South East,E10000011,East Sussex,Primary,30000,987,21,0.0329,0.0007
Autumn Term,202021,Local Authority,E92000001,England,E12000008,South East,E10000011,East Sussex,Secondary,100,99,17,0.99,0.17
Autumn Term,202021,Local Authority,E92000001,England,E12000008,South East,E10000011,East Sussex,Special,100,99,20,0.99,0.2
Autumn Term,202021,Local Authority,E92000001,England,E12000006,East of England,E10000012,Essex,Primary,30000,1000,29,0.03333333333333333,0.0009666666666666667
Autumn Term,202021,Local Authority,E92000001,England,E12000006,East of England,E10000012,Essex,Secondary,30000,739,31,0.024633333333333333,0.0010333333333333334
Autumn Term,202021,Local Authority,E92000001,England,E12000006,East of England,E10000012,Essex,Special,30000,1000,22,0.03333333333333333,0.0007333333333333333
Autumn Term,202021,Local Authority,E92000001,England,E12000009,South West,E10000013,Gloucestershire,Primary,100,99,21,0.99,0.21
Autumn Term,202021,Local Authority,E92000001,England,E12000009,South West,E10000013,Gloucestershire,Secondary,30000,1000,18,0.03333333333333333,0.0006
Autumn Term,202021,Local Authority,E92000001,England,E12000009,South West,E10000013,Gloucestershire,Special,30000,738,18,0.0246,0.0006
Autumn Term,202021,Local Authority,E92000001,England,E12000008,South East,E10000014,Hampshire,Primary,100,99,11,0.99,0.11
Autumn Term,202021,Local Authority,E92000001,England,E12000008,South East,E10000014,Hampshire,Secondary,30000,983,16,0.032766666666666666,0.0005333333333333334
Autumn Term,202021,Local Authority,E92000001,England,E12000008,South East,E10000014,Hampshire,Special,100,99,22,0.99,0.22
Autumn Term,202021,Local Authority,E92000001,England,E12000006,East of England,E10000015,Hertfordshire,Primary,100,99,25,0.99,0.25
Autumn Term,202021,Local Authority,E92000001,England,E12000006,East of England,E10000015,Hertfordshire,Secondary,100,99,20,0.99,0.2
Autumn Term,202021,Local Authority,E92000001,England,E12000006,East of England,E10000015,Hertfordshire,Special,30000,725,16,0.024166666666666666,0.0005333333333333334
Autumn Term,202021,Local Authority,E92000001,England,E12000008,South East,E10000016,Kent,Primary,30000,952,22,0.031733333333333336,0.0007333333333333333
Autumn Term,202021,Local Authority,E92000001,England,E12000008,South East,E10000016,Kent,Secondary,100,99,16,0.99,0.16
Autumn Term,202021,Local Authority,E92000001,England,E12000008,South East,E10000016,Kent,Special,100,99,14,0.99,0.14
Autumn Term,202021,Local Authority,E92000001,England,E12000002,North West,E10000017,Lancashire,Primary,30000,810,19,0.027,0.0006333333333333333
Autumn Term,202021,Local Authority,E92000001,England,E12000002,North West,E10000017,Lancashire,Secondary,30000,891,17,0.0297,0.0005666666666666667
Autumn Term,202021,Local Authority,E92000001,England,E12000002,North West,E10000017,Lancashire,Special,30000,1000,18,0.03333333333333333,0.0006
Autumn Term,202021,Local Authority,E92000001,England,E12000004,East Midlands,E10000018,Leicestershire,Primary,30000,926,14,0.030866666666666667,0.00046666666666666666
Autumn Term,202021,Local Authority,E92000001,England,E12000004,East Midlands,E10000018,Leicestershire,Secondary,30000,926,24,0.030866666666666667,0.0008
Autumn Term,202021,Local Authority,E92000001,England,E12000004,East Midlands,E10000018,Leicestershire,Special,100,99,19,0.99,0.19
Autumn Term,202021,Local Authority,E92000001,England,E12000004,East Midlands,E10000019,Lincolnshire,Primary,30000,884,16,0.029466666666666665,0.0005333333333333334
Autumn Term,202021,Local Authority,E92000001,England,E12000004,East Midlands,E10000019,Lincolnshire,Secondary,30000,821,17,0.027366666666666668,0.0005666666666666667
Autumn Term,202021,Local Authority,E92000001,England,E12000004,East Midlands,E10000019,Lincolnshire,Special,100,99,13,0.99,0.13
Autumn Term,202021,Local Authority,E92000001,England,E12000006,East of England,E10000020,Norfolk,Primary,100,99,18,0.99,0.18
Autumn Term,202021,Local Authority,E92000001,England,E12000006,East of England,E10000020,Norfolk,Secondary,30000,833,14,0.027766666666666665,0.00046666666666666666
Autumn Term,202021,Local Authority,E92000001,England,E12000006,East of England,E10000020,Norfolk,Special,30000,1000,15,0.03333333333333333,0.0005
Autumn Term,202021,Local Authority,E92000001,England,E12000004,East Midlands,E10000021,Northamptonshire,Primary,30000,1000,26,0.03333333333333333,0.0008666666666666666
Autumn Term,202021,Local Authority,E92000001,England,E12000004,East Midlands,E10000021,Northamptonshire,Secondary,30000,952,19,0.031733333333333336,0.0006333333333333333
Autumn Term,202021,Local Authority,E92000001,England,E12000004,East Midlands,E10000021,Northamptonshire,Special,100,99,15,0.99,0.15
Autumn Term,202021,Local Authority,E92000001,England,E12000001,North East,E10000022,Northumberland,Primary,100,99,22,0.99,0.22
Autumn Term,202021,Local Authority,E92000001,England,E12000001,North East,E10000022,Northumberland,Secondary,100,99,16,0.99,0.16
Autumn Term,202021,Local Authority,E92000001,England,E12000001,North East,E10000022,Northumberland,Special,30000,847,20,0.028233333333333333,0.0006666666666666666
Autumn Term,202021,Local Authority,E92000001,England,E12000003,Yorkshire and The Humber,E10000023,North Yorkshire,Primary,30000,787,21,0.026233333333333334,0.0007
Autumn Term,202021,Local Authority,E92000001,England,E12000003,Yorkshire and The Humber,E10000023,North Yorkshire,Secondary,30000,790,23,0.026333333333333334,0.0007666666666666667
Autumn Term,202021,Local Authority,E92000001,England,E12000003,Yorkshire and The Humber,E10000023,North Yorkshire,Special,100,99,14,0.99,0.14
Autumn Term,202021,Local Authority,E92000001,England,E12000004,East Midlands,E10000024,Nottinghamshire,Primary,100,99,16,0.99,0.16
Autumn Term,202021,Local Authority,E92000001,England,E12000004,East Midlands,E10000024,Nottinghamshire,Secondary,30000,869,22,0.02896666666666667,0.0007333333333333333
Autumn Term,202021,Local Authority,E92000001,England,E12000004,East Midlands,E10000024,Nottinghamshire,Special,100,99,21,0.99,0.21
Autumn Term,202021,Local Authority,E92000001,England,E12000008,South East,E10000025,Oxfordshire,Primary,30000,716,19,0.023866666666666668,0.0006333333333333333
Autumn Term,202021,Local Authority,E92000001,England,E12000008,South East,E10000025,Oxfordshire,Secondary,100,99,27,0.99,0.27
Autumn Term,202021,Local Authority,E92000001,England,E12000008,South East,E10000025,Oxfordshire,Special,30000,785,16,0.026166666666666668,0.0005333333333333334
Autumn Term,202021,Local Authority,E92000001,England,E12000005,West Midlands,E10000026,Shropshire,Primary,30000,1000,11,0.03333333333333333,0.00036666666666666667
Autumn Term,202021,Local Authority,E92000001,England,E12000005,West Midlands,E10000026,Shropshire,Secondary,100,99,23,0.99,0.23
Autumn Term,202021,Local Authority,E92000001,England,E12000005,West Midlands,E10000026,Shropshire,Special,30000,1000,15,0.03333333333333333,0.0005
Autumn Term,202021,Local Authority,E92000001,England,E12000009,South West,E10000027,Somerset,Primary,30000,944,19,0.031466666666666664,0.0006333333333333333
Autumn Term,202021,Local Authority,E92000001,England,E12000009,South West,E10000027,Somerset,Secondary,30000,835,17,0.027833333333333335,0.0005666666666666667
Autumn Term,202021,Local Authority,E92000001,England,E12000009,South West,E10000027,Somerset,Special,30000,1000,24,0.03333333333333333,0.0008
Autumn Term,202021,Local Authority,E92000001,England,E12000005,West Midlands,E10000028,Staffordshire,Primary,30000,820,17,0.027333333333333334,0.0005666666666666667
Autumn Term,202021,Local Authority,E92000001,England,E12000005,West Midlands,E10000028,Staffordshire,Secondary,100,99,16,0.99,0.16
Autumn Term,202021,Local Authority,E92000001,England,E12000005,West Midlands,E10000028,Staffordshire,Special,30000,1000,21,0.03333333333333333,0.0007
Autumn Term,202021,Local Authority,E92000001,England,E12000006,East of England,E10000029,Suffolk,Primary,30000,963,14,0.0321,0.00046666666666666666
Autumn Term,202021,Local Authority,E92000001,England,E12000006,East of England,E10000029,Suffolk,Secondary,30000,802,15,0.026733333333333335,0.0005
Autumn Term,202021,Local Authority,E92000001,England,E12000006,East of England,E10000029,Suffolk,Special,100,99,21,0.99,0.21
Autumn Term,202021,Local Authority,E92000001,England,E12000008,South East,E10000030,Surrey,Primary,30000,1000,21,0.03333333333333333,0.0007
Autumn Term,202021,Local Authority,E92000001,England,E12000008,South East,E10000030,Surrey,Secondary,100,99,20,0.99,0.2
Autumn Term,202021,Local Authority,E92000001,England,E12000008,South East,E10000030,Surrey,Special,30000,980,20,0.03266666666666666,0.0006666666666666666
Autumn Term,202021,Local Authority,E92000001,England,E12000005,West Midlands,E10000031,Warwickshire,Primary,100,99,18,0.99,0.18
Autumn Term,202021,Local Authority,E92000001,England,E12000005,West Midlands,E10000031,Warwickshire,Secondary,30000,927,18,0.0309,0.0006
Autumn Term,202021,Local Authority,E92000001,England,E12000005,West Midlands,E10000031,Warwickshire,Special,100,99,21,0.99,0.21
Autumn Term,202021,Local Authority,E92000001,England,E12000008,South East,E10000032,West Sussex,Primary,30000,1000,23,0.03333333333333333,0.0007666666666666667
Autumn Term,202021,Local Authority,E92000001,England,E12000008,South East,E10000032,West Sussex,Secondary,100,99,28,0.99,0.28
Autumn Term,202021,Local Authority,E92000001,England,E12000008,South East,E10000032,West Sussex,Special,30000,878,20,0.029266666666666667,0.0006666666666666666
Autumn Term,202021,Local Authority,E92000001,England,E12000009,South West,E10000033,Wiltshire,Primary,100,99,31,0.99,0.31
Autumn Term,202021,Local Authority,E92000001,England,E12000009,South West,E10000033,Wiltshire,Secondary,30000,919,23,0.030633333333333332,0.0007666666666666667
Autumn Term,202021,Local Authority,E92000001,England,E12000009,South West,E10000033,Wiltshire,Special,30000,986,21,0.03286666666666667,0.0007
Autumn Term,202021,Local Authority,E92000001,England,E12000005,West Midlands,E10000034,Worcestershire,Primary,100,99,14,0.99,0.14
Autumn Term,202021,Local Authority,E92000001,England,E12000005,West Midlands,E10000034,Worcestershire,Secondary,30000,784,13,0.026133333333333335,0.0004333333333333333
Autumn Term,202021,Local Authority,E92000001,England,E12000005,West Midlands,E10000034,Worcestershire,Special,100,99,28,0.99,0.28
Autumn Term,202122,Local Authority,E92000001,England,E12000001,North East,E06000001,Hartlepool,Primary,100,99,14,0.99,0.14
Autumn Term,202122,Local Authority,E92000001,England,E12000001,North East,E06000001,Hartlepool,Secondary,30000,881,16,0.029366666666666666,0.0005333333333333334
Autumn Term,202122,Local Authority,E92000001,England,E12000001,North East,E06000001,Hartlepool,Special,30000,1000,22,0.03333333333333333,0.0007333333333333333
Autumn Term,202122,Local Authority,E92000001,England,E12000001,North East,E06000002,Middlesbrough,Primary,100,99,20,0.99,0.2
Autumn Term,202122,Local Authority,E92000001,England,E12000001,North East,E06000002,Middlesbrough,Secondary,100,99,26,0.99,0.26
Autumn Term,202122,Local Authority,E92000001,England,E12000001,North East,E06000002,Middlesbrough,Special,30000,813,21,0.0271,0.0007
Autumn Term,202122,Local Authority,E92000001,England,E12000001,North East,E06000003,Redcar and Cleveland,Primary,100,99,20,0.99,0.2
Autumn Term,202122,Local Authority,E92000001,England,E12000001,North East,E06000003,Redcar and Cleveland,Secondary,30000,971,26,0.03236666666666667,0.0008666666666666666
Autumn Term,202122,Local Authority,E92000001,England,E12000001,North East,E06000003,Redcar and Cleveland,Special,100,99,21,0.99,0.21
Autumn Term,202122,Local Authority,E92000001,England,E12000001,North East,E06000004,Stockton-on-Tees,Primary,30000,1000,25,0.03333333333333333,0.0008333333333333334
Autumn Term,202122,Local Authority,E92000001,England,E12000001,North East,E06000004,Stockton-on-Tees,Secondary,30000,756,16,0.0252,0.0005333333333333334
Autumn Term,202122,Local Authority,E92000001,England,E12000001,North East,E06000004,Stockton-on-Tees,Special,30000,1000,22,0.03333333333333333,0.0007333333333333333
Autumn Term,202122,Local Authority,E92000001,England,E12000001,North East,E06000005,Darlington,Primary,30000,903,23,0.0301,0.0007666666666666667
Autumn Term,202122,Local Authority,E92000001,England,E12000001,North East,E06000005,Darlington,Secondary,100,99,20,0.99,0.2
Autumn Term,202122,Local Authority,E92000001,England,E12000001,North East,E06000005,Darlington,Special,30000,900,27,0.03,0.0009
Autumn Term,202122,Local Authority,E92000001,England,E12000002,North West,E06000006,Halton,Primary,100,99,20,0.99,0.2
Autumn Term,202122,Local Authority,E92000001,England,E12000002,North West,E06000006,Halton,Secondary,100,99,8,0.99,0.08
Autumn Term,202122,Local Authority,E92000001,England,E12000002,North West,E06000006,Halton,Special,100,99,18,0.99,0.18
Autumn Term,202122,Local Authority,E92000001,England,E12000002,North West,E06000007,Warrington,Primary,100,99,13,0.99,0.13
Autumn Term,202122,Local Authority,E92000001,England,E12000002,North West,E06000007,Warrington,Secondary,30000,981,35,0.0327,0.0011666666666666668
Autumn Term,202122,Local Authority,E92000001,England,E12000002,North West,E06000007,Warrington,Special,30000,1000,15,0.03333333333333333,0.0005
Autumn Term,202122,Local Authority,E92000001,England,E12000002,North West,E06000008,Blackburn with Darwen,Primary,30000,1000,21,0.03333333333333333,0.0007
Autumn Term,202122,Local Authority,E92000001,England,E12000002,North West,E06000008,Blackburn with Darwen,Secondary,30000,956,16,0.03186666666666667,0.0005333333333333334
Autumn Term,202122,Local Authority,E92000001,England,E12000002,North West,E06000008,Blackburn with Darwen,Special,100,99,22,0.99,0.22
Autumn Term,202122,Local Authority,E92000001,England,E12000002,North West,E06000009,Blackpool,Primary,30000,851,22,0.028366666666666665,0.0007333333333333333
Autumn Term,202122,Local Authority,E92000001,England,E12000002,North West,E06000009,Blackpool,Secondary,30000,1000,17,0.03333333333333333,0.0005666666666666667
Autumn Term,202122,Local Authority,E92000001,England,E12000002,North West,E06000009,Blackpool,Special,100,99,21,0.99,0.21
Autumn Term,202122,Local Authority,E92000001,England,E12000003,Yorkshire and The Humber,E06000010,"Kingston upon Hull, City of",Primary,30000,951,15,0.0317,0.0005
Autumn Term,202122,Local Authority,E92000001,England,E12000003,Yorkshire and The Humber,E06000010,"Kingston upon Hull, City of",Secondary,30000,1000,29,0.03333333333333333,0.0009666666666666667
Autumn Term,202122,Local Authority,E92000001,England,E12000003,Yorkshire and The Humber,E06000010,"Kingston upon Hull, City of",Special,30000,758,23,0.025266666666666666,0.0007666666666666667
Autumn Term,202122,Local Authority,E92000001,England,E12000003,Yorkshire and The Humber,E06000011,East Riding of Yorkshire,Primary,100,99,10,0.99,0.1
Autumn Term,202122,Local Authority,E92000001,England,E12000003,Yorkshire and The Humber,E06000011,East Riding of Yorkshire,Secondary,100,99,23,0.99,0.23
Autumn Term,202122,Local Authority,E92000001,England,E12000003,Yorkshire and The Humber,E06000011,East Riding of Yorkshire,Special,30000,883,20,0.029433333333333332,0.0006666666666666666
Autumn Term,202122,Local Authority,E92000001,England,E12000003,Yorkshire and The Humber,E06000012,North East Lincolnshire,Primary,30000,738,31,0.0246,0.0010333333333333334
Autumn Term,202122,Local Authority,E92000001,England,E12000003,Yorkshire and The Humber,E06000012,North East Lincolnshire,Secondary,100,99,21,0.99,0.21
Autumn Term,202122,Local Authority,E92000001,England,E12000003,Yorkshire and The Humber,E06000012,North East Lincolnshire,Special,30000,816,29,0.0272,0.0009666666666666667
Autumn Term,202122,Local Authority,E92000001,England,E12000003,Yorkshire and The Humber,E06000013,North Lincolnshire,Primary,100,99,24,0.99,0.24
Autumn Term,202122,Local Authority,E92000001,England,E12000003,Yorkshire and The Humber,E06000013,North Lincolnshire,Secondary,100,99,27,0.99,0.27
Autumn Term,202122,Local Authority,E92000001,England,E12000003,Yorkshire and The Humber,E06000013,North Lincolnshire,Special,30000,1000,10,0.03333333333333333,0.0003333333333333333
Autumn Term,202122,Local Authority,E92000001,England,E12000003,Yorkshire and The Humber,E06000014,York,Primary,30000,780,18,0.026,0.0006
Autumn Term,202122,Local Authority,E92000001,England,E12000003,Yorkshire and The Humber,E06000014,York,Secondary,30000,826,20,0.027533333333333333,0.0006666666666666666
Autumn Term,202122,Local Authority,E92000001,England,E12000003,Yorkshire and The Humber,E06000014,York,Special,30000,803,12,0.026766666666666668,0.0004
Autumn Term,202122,Local Authority,E92000001,England,E12000004,East Midlands,E06000015,Derby,Primary,30000,970,15,0.03233333333333333,0.0005
Autumn Term,202122,Local Authority,E92000001,England,E12000004,East Midlands,E06000015,Derby,Secondary,30000,1000,22,0.03333333333333333,0.0007333333333333333
Autumn Term,202122,Local Authority,E92000001,England,E12000004,East Midlands,E06000015,Derby,Special,30000,909,28,0.0303,0.0009333333333333333
Autumn Term,202122,Local Authority,E92000001,England,E12000004,East Midlands,E06000016,Leicester,Primary,100,99,19,0.99,0.19
Autumn Term,202122,Local Authority,E92000001,England,E12000004,East Midlands,E06000016,Leicester,Secondary,30000,838,19,0.027933333333333334,0.0006333333333333333
Autumn Term,202122,Local Authority,E92000001,England,E12000004,East Midlands,E06000016,Leicester,Special,30000,1000,21,0.03333333333333333,0.0007
Autumn Term,202122,Local Authority,E92000001,England,E12000004,East Midlands,E06000017,Rutland,Primary,100,99,17,0.99,0.17
Autumn Term,202122,Local Authority,E92000001,England,E12000004,East Midlands,E06000017,Rutland,Secondary,100,99,22,0.99,0.22
Autumn Term,202122,Local Authority,E92000001,England,E12000004,East Midlands,E06000017,Rutland,Special,30000,995,18,0.033166666666666664,0.0006
Autumn Term,202122,Local Authority,E92000001,England,E12000004,East Midlands,E06000018,Nottingham,Primary,30000,1000,19,0.03333333333333333,0.0006333333333333333
Autumn Term,202122,Local Authority,E92000001,England,E12000004,East Midlands,E06000018,Nottingham,Secondary,100,99,16,0.99,0.16
Autumn Term,202122,Local Authority,E92000001,England,E12000004,East Midlands,E06000018,Nottingham,Special,30000,802,18,0.026733333333333335,0.0006
Autumn Term,202122,Local Authority,E92000001,England,E12000005,West Midlands,E06000019,"Herefordshire, County of",Primary,100,99,22,0.99,0.22
Autumn Term,202122,Local Authority,E92000001,England,E12000005,West Midlands,E06000019,"Herefordshire, County of",Secondary,100,99,20,0.99,0.2
Autumn Term,202122,Local Authority,E92000001,England,E12000005,West Midlands,E06000019,"Herefordshire, County of",Special,30000,772,18,0.025733333333333334,0.0006
Autumn Term,202122,Local Authority,E92000001,England,E12000005,West Midlands,E06000020,Telford and Wrekin,Primary,30000,858,18,0.0286,0.0006
Autumn Term,202122,Local Authority,E92000001,England,E12000005,West Midlands,E06000020,Telford and Wrekin,Secondary,100,99,17,0.99,0.17
Autumn Term,202122,Local Authority,E92000001,England,E12000005,West Midlands,E06000020,Telford and Wrekin,Special,30000,868,21,0.028933333333333332,0.0007
Autumn Term,202122,Local Authority,E92000001,England,E12000005,West Midlands,E06000021,Stoke-on-Trent,Primary,100,99,17,0.99,0.17
Autumn Term,202122,Local Authority,E92000001,England,E12000005,West Midlands,E06000021,Stoke-on-Trent,Secondary,100,99,17,0.99,0.17
Autumn Term,202122,Local Authority,E92000001,England,E12000005,West Midlands,E06000021,Stoke-on-Trent,Special,30000,906,16,0.0302,0.0005333333333333334
Autumn Term,202122,Local Authority,E92000001,England,E12000009,South West,E06000022,Bath and North East Somerset,Primary,100,99,12,0.99,0.12
Autumn Term,202122,Local Authority,E92000001,England,E12000009,South West,E06000022,Bath and North East Somerset,Secondary,100,99,15,0.99,0.15
Autumn Term,202122,Local Authority,E92000001,England,E12000009,South West,E06000022,Bath and North East Somerset,Special,100,99,21,0.99,0.21
Autumn Term,202122,Local Authority,E92000001,England,E12000009,South West,E06000023,"Bristol, City of",Primary,100,99,26,0.99,0.26
Autumn Term,202122,Local Authority,E92000001,England,E12000009,South West,E06000023,"Bristol, City of",Secondary,100,99,28,0.99,0.28
Autumn Term,202122,Local Authority,E92000001,England,E12000009,South West,E06000023,"Bristol, City of",Special,30000,1000,24,0.03333333333333333,0.0008
Autumn Term,202122,Local Authority,E92000001,England,E12000009,South West,E06000024,North Somerset,Primary,100,99,18,0.99,0.18
Autumn Term,202122,Local Authority,E92000001,England,E12000009,South West,E06000024,North Somerset,Secondary,30000,1000,24,0.03333333333333333,0.0008
Autumn Term,202122,Local Authority,E92000001,England,E12000009,South West,E06000024,North Somerset,Special,100,99,24,0.99,0.24
Autumn Term,202122,Local Authority,E92000001,England,E12000009,South West,E06000025,South Gloucestershire,Primary,30000,875,24,0.029166666666666667,0.0008
Autumn Term,202122,Local Authority,E92000001,England,E12000009,South West,E06000025,South Gloucestershire,Secondary,30000,1000,15,0.03333333333333333,0.0005
Autumn Term,202122,Local Authority,E92000001,England,E12000009,South West,E06000025,South Gloucestershire,Special,100,99,26,0.99,0.26
Autumn Term,202122,Local Authority,E92000001,England,E12000009,South West,E06000026,Plymouth,Primary,30000,922,16,0.030733333333333335,0.0005333333333333334
Autumn Term,202122,Local Authority,E92000001,England,E12000009,South West,E06000026,Plymouth,Secondary,30000,971,18,0.03236666666666667,0.0006
Autumn Term,202122,Local Authority,E92000001,England,E12000009,South West,E06000026,Plymouth,Special,30000,820,15,0.027333333333333334,0.0005
Autumn Term,202122,Local Authority,E92000001,England,E12000009,South West,E06000027,Torbay,Primary,30000,985,29,0.03283333333333333,0.0009666666666666667
Autumn Term,202122,Local Authority,E92000001,England,E12000009,South West,E06000027,Torbay,Secondary,100,99,19,0.99,0.19
Autumn Term,202122,Local Authority,E92000001,England,E12000009,South West,E06000027,Torbay,Special,30000,947,19,0.031566666666666666,0.0006333333333333333
Autumn Term,202122,Local Authority,E92000001,England,E12000009,South West,E06000028,Bournemouth,Primary,100,99,25,0.99,0.25
Autumn Term,202122,Local Authority,E92000001,England,E12000009,South West,E06000028,Bournemouth,Secondary,30000,975,22,0.0325,0.0007333333333333333
Autumn Term,202122,Local Authority,E92000001,England,E12000009,South West,E06000028,Bournemouth,Special,30000,952,25,0.031733333333333336,0.0008333333333333334
Autumn Term,202122,Local Authority,E92000001,England,E12000009,South West,E06000029,Poole,Primary,100,99,20,0.99,0.2
Autumn Term,202122,Local Authority,E92000001,England,E12000009,South West,E06000029,Poole,Secondary,30000,729,16,0.0243,0.0005333333333333334
Autumn Term,202122,Local Authority,E92000001,England,E12000009,South West,E06000029,Poole,Special,30000,1000,22,0.03333333333333333,0.0007333333333333333
Autumn Term,202122,Local Authority,E92000001,England,E12000009,South West,E06000030,Swindon,Primary,100,99,29,0.99,0.29
Autumn Term,202122,Local Authority,E92000001,England,E12000009,South West,E06000030,Swindon,Secondary,100,99,19,0.99,0.19
Autumn Term,202122,Local Authority,E92000001,England,E12000009,South West,E06000030,Swindon,Special,30000,757,16,0.025233333333333333,0.0005333333333333334
Autumn Term,202122,Local Authority,E92000001,England,E12000006,East of England,E06000031,Peterborough,Primary,30000,923,23,0.030766666666666668,0.0007666666666666667
Autumn Term,202122,Local Authority,E92000001,England,E12000006,East of England,E06000031,Peterborough,Secondary,100,99,25,0.99,0.25
Autumn Term,202122,Local Authority,E92000001,England,E12000006,East of England,E06000031,Peterborough,Special,100,99,22,0.99,0.22
Autumn Term,202122,Local Authority,E92000001,England,E12000006,East of England,E06000032,Luton,Primary,30000,1000,20,0.03333333333333333,0.0006666666666666666
Autumn Term,202122,Local Authority,E92000001,England,E12000006,East of England,E06000032,Luton,Secondary,30000,1000,22,0.03333333333333333,0.0007333333333333333
Autumn Term,202122,Local Authority,E92000001,England,E12000006,East of England,E06000032,Luton,Special,100,99,18,0.99,0.18
Autumn Term,202122,Local Authority,E92000001,England,E12000006,East of England,E06000033,Southend-on-Sea,Primary,100,99,26,0.99,0.26
Autumn Term,202122,Local Authority,E92000001,England,E12000006,East of England,E06000033,Southend-on-Sea,Secondary,30000,870,13,0.029,0.0004333333333333333
Autumn Term,202122,Local Authority,E92000001,England,E12000006,East of England,E06000033,Southend-on-Sea,Special,30000,1000,20,0.03333333333333333,0.0006666666666666666
Autumn Term,202122,Local Authority,E92000001,England,E12000006,East of England,E06000034,Thurrock,Primary,30000,767,20,0.025566666666666668,0.0006666666666666666
Autumn Term,202122,Local Authority,E92000001,England,E12000006,East of England,E06000034,Thurrock,Secondary,100,99,17,0.99,0.17
Autumn Term,202122,Local Authority,E92000001,England,E12000006,East of England,E06000034,Thurrock,Special,30000,1000,21,0.03333333333333333,0.0007
Autumn Term,202122,Local Authority,E92000001,England,E12000008,South East,E06000035,Medway,Primary,100,99,16,0.99,0.16
Autumn Term,202122,Local Authority,E92000001,England,E12000008,South East,E06000035,Medway,Secondary,100,99,16,0.99,0.16
Autumn Term,202122,Local Authority,E92000001,England,E12000008,South East,E06000035,Medway,Special,100,99,24,0.99,0.24
Autumn Term,202122,Local Authority,E92000001,England,E12000008,South East,E06000036,Bracknell Forest,Primary,100,99,22,0.99,0.22
Autumn Term,202122,Local Authority,E92000001,England,E12000008,South East,E06000036,Bracknell Forest,Secondary,100,99,16,0.99,0.16
Autumn Term,202122,Local Authority,E92000001,England,E12000008,South East,E06000036,Bracknell Forest,Special,100,99,18,0.99,0.18
Autumn Term,202122,Local Authority,E92000001,England,E12000008,South East,E06000037,West Berkshire,Primary,30000,774,20,0.0258,0.0006666666666666666
Autumn Term,202122,Local Authority,E92000001,England,E12000008,South East,E06000037,West Berkshire,Secondary,30000,1000,19,0.03333333333333333,0.0006333333333333333
Autumn Term,202122,Local Authority,E92000001,England,E12000008,South East,E06000037,West Berkshire,Special,30000,1000,16,0.03333333333333333,0.0005333333333333334
Autumn Term,202122,Local Authority,E92000001,England,E12000008,South East,E06000038,Reading,Primary,30000,875,22,0.029166666666666667,0.0007333333333333333
Autumn Term,202122,Local Authority,E92000001,England,E12000008,South East,E06000038,Reading,Secondary,30000,1000,20,0.03333333333333333,0.0006666666666666666
Autumn Term,202122,Local Authority,E92000001,England,E12000008,South East,E06000038,Reading,Special,100,99,24,0.99,0.24
Autumn Term,202122,Local Authority,E92000001,England,E12000008,South East,E06000039,Slough,Primary,100,99,20,0.99,0.2
Autumn Term,202122,Local Authority,E92000001,England,E12000008,South East,E06000039,Slough,Secondary,30000,942,20,0.0314,0.0006666666666666666
Autumn Term,202122,Local Authority,E92000001,England,E12000008,South East,E06000039,Slough,Special,30000,838,25,0.027933333333333334,0.0008333333333333334
Autumn Term,202122,Local Authority,E92000001,England,E12000008,South East,E06000040,Windsor and Maidenhead,Primary,100,99,19,0.99,0.19
Autumn Term,202122,Local Authority,E92000001,England,E12000008,South East,E06000040,Windsor and Maidenhead,Secondary,100,99,13,0.99,0.13
Autumn Term,202122,Local Authority,E92000001,England,E12000008,South East,E06000040,Windsor and Maidenhead,Special,30000,1000,17,0.03333333333333333,0.0005666666666666667
Autumn Term,202122,Local Authority,E92000001,England,E12000008,South East,E06000041,Wokingham,Primary,30000,1000,19,0.03333333333333333,0.0006333333333333333
Autumn Term,202122,Local Authority,E92000001,England,E12000008,South East,E06000041,Wokingham,Secondary,30000,763,20,0.025433333333333332,0.0006666666666666666
Autumn Term,202122,Local Authority,E92000001,England,E12000008,South East,E06000041,Wokingham,Special,30000,959,13,0.031966666666666664,0.0004333333333333333
Autumn Term,202122,Local Authority,E92000001,England,E12000008,South East,E06000042,Milton Keynes,Primary,30000,995,21,0.033166666666666664,0.0007
Autumn Term,202122,Local Authority,E92000001,England,E12000008,South East,E06000042,Milton Keynes,Secondary,100,99,25,0.99,0.25
Autumn Term,202122,Local Authority,E92000001,England,E12000008,South East,E06000042,Milton Keynes,Special,30000,1000,26,0.03333333333333333,0.0008666666666666666
Autumn Term,202122,Local Authority,E92000001,England,E12000008,South East,E06000043,Brighton and Hove,Primary,30000,993,19,0.0331,0.0006333333333333333
Autumn Term,202122,Local Authority,E92000001,England,E12000008,South East,E06000043,Brighton and Hove,Secondary,30000,726,25,0.0242,0.0008333333333333334
Autumn Term,202122,Local Authority,E92000001,England,E12000008,South East,E06000043,Brighton and Hove,Special,30000,875,24,0.029166666666666667,0.0008
Autumn Term,202122,Local Authority,E92000001,England,E12000008,South East,E06000044,Portsmouth,Primary,100,99,12,0.99,0.12
Autumn Term,202122,Local Authority,E92000001,England,E12000008,South East,E06000044,Portsmouth,Secondary,30000,973,19,0.032433333333333335,0.0006333333333333333
Autumn Term,202122,Local Authority,E92000001,England,E12000008,South East,E06000044,Portsmouth,Special,100,99,24,0.99,0.24
Autumn Term,202122,Local Authority,E92000001,England,E12000008,South East,E06000045,Southampton,Primary,30000,1000,15,0.03333333333333333,0.0005
Autumn Term,202122,Local Authority,E92000001,England,E12000008,South East,E06000045,Southampton,Secondary,30000,897,31,0.0299,0.0010333333333333334
Autumn Term,202122,Local Authority,E92000001,England,E12000008,South East,E06000045,Southampton,Special,30000,836,19,0.027866666666666668,0.0006333333333333333
Autumn Term,202122,Local Authority,E92000001,England,E12000008,South East,E06000046,Isle of Wight,Primary,100,99,22,0.99,0.22
Autumn Term,202122,Local Authority,E92000001,England,E12000008,South East,E06000046,Isle of Wight,Secondary,30000,781,24,0.026033333333333332,0.0008
Autumn Term,202122,Local Authority,E92000001,England,E12000008,South East,E06000046,Isle of Wight,Special,30000,886,21,0.029533333333333335,0.0007
Autumn Term,202122,Local Authority,E92000001,England,E12000001,North East,E06000047,County Durham,Primary,30000,877,24,0.029233333333333333,0.0008
Autumn Term,202122,Local Authority,E92000001,England,E12000001,North East,E06000047,County Durham,Secondary,30000,656,15,0.021866666666666666,0.0005
Autumn Term,202122,Local Authority,E92000001,England,E12000001,North East,E06000047,County Durham,Special,100,99,25,0.99,0.25
Autumn Term,202122,Local Authority,E92000001,England,E12000001,North East,E06000048,Northumberland,Primary,100,99,32,0.99,0.32
Autumn Term,202122,Local Authority,E92000001,England,E12000001,North East,E06000048,Northumberland,Secondary,100,99,28,0.99,0.28
Autumn Term,202122,Local Authority,E92000001,England,E12000001,North East,E06000048,Northumberland,Special,30000,1000,34,0.03333333333333333,0.0011333333333333334
Autumn Term,202122,Local Authority,E92000001,England,E12000002,North West,E06000049,Cheshire East,Primary,30000,757,18,0.025233333333333333,0.0006
Autumn Term,202122,Local Authority,E92000001,England,E12000002,North West,E06000049,Cheshire East,Secondary,30000,1000,23,0.03333333333333333,0.0007666666666666667
Autumn Term,202122,Local Authority,E92000001,England,E12000002,North West,E06000049,Cheshire East,Special,100,99,16,0.99,0.16
Autumn Term,202122,Local Authority,E92000001,England,E12000002,North West,E06000050,Cheshire West and Chester,Primary,100,99,18,0.99,0.18
Autumn Term,202122,Local Authority,E92000001,England,E12000002,North West,E06000050,Cheshire West and Chester,Secondary,100,99,23,0.99,0.23
Autumn Term,202122,Local Authority,E92000001,England,E12000002,North West,E06000050,Cheshire West and Chester,Special,30000,836,23,0.027866666666666668,0.0007666666666666667
Autumn Term,202122,Local Authority,E92000001,England,E12000005,West Midlands,E06000051,Shropshire,Primary,100,99,23,0.99,0.23
Autumn Term,202122,Local Authority,E92000001,England,E12000005,West Midlands,E06000051,Shropshire,Secondary,30000,598,14,0.019933333333333334,0.00046666666666666666
Autumn Term,202122,Local Authority,E92000001,England,E12000005,West Midlands,E06000051,Shropshire,Special,30000,955,21,0.03183333333333333,0.0007
Autumn Term,202122,Local Authority,E92000001,England,E12000009,South West,E06000052,Cornwall,Primary,30000,876,17,0.0292,0.0005666666666666667
Autumn Term,202122,Local Authority,E92000001,England,E12000009,South West,E06000052,Cornwall,Secondary,100,99,21,0.99,0.21
Autumn Term,202122,Local Authority,E92000001,England,E12000009,South West,E06000052,Cornwall,Special,100,99,21,0.99,0.21
Autumn Term,202122,Local Authority,E92000001,England,E12000009,South West,E06000053,Isles of Scilly,Primary,30000,949,11,0.03163333333333333,0.00036666666666666667
Autumn Term,202122,Local Authority,E92000001,England,E12000009,South West,E06000053,Isles of Scilly,Secondary,30000,1000,25,0.03333333333333333,0.0008333333333333334
Autumn Term,202122,Local Authority,E92000001,England,E12000009,South West,E06000053,Isles of Scilly,Special,30000,1000,26,0.03333333333333333,0.0008666666666666666
Autumn Term,202122,Local Authority,E92000001,England,E12000009,South West,E06000054,Wiltshire,Primary,100,99,20,0.99,0.2
Autumn Term,202122,Local Authority,E92000001,England,E12000009,South West,E06000054,Wiltshire,Secondary,100,99,23,0.99,0.23
Autumn Term,202122,Local Authority,E92000001,England,E12000009,South West,E06000054,Wiltshire,Special,30000,752,25,0.025066666666666668,0.0008333333333333334
Autumn Term,202122,Local Authority,E92000001,England,E12000006,East of England,E06000055,Bedford,Primary,100,99,25,0.99,0.25
Autumn Term,202122,Local Authority,E92000001,England,E12000006,East of England,E06000055,Bedford,Secondary,30000,984,15,0.0328,0.0005
Autumn Term,202122,Local Authority,E92000001,England,E12000006,East of England,E06000055,Bedford,Special,30000,942,17,0.0314,0.0005666666666666667
Autumn Term,202122,Local Authority,E92000001,England,E12000006,East of England,E06000056,Central Bedfordshire,Primary,100,99,15,0.99,0.15
Autumn Term,202122,Local Authority,E92000001,England,E12000006,East of England,E06000056,Central Bedfordshire,Secondary,30000,1000,22,0.03333333333333333,0.0007333333333333333
Autumn Term,202122,Local Authority,E92000001,England,E12000006,East of England,E06000056,Central Bedfordshire,Special,100,99,24,0.99,0.24
Autumn Term,202122,Local Authority,E92000001,England,E12000001,North East,E06000057,Northumberland,Primary,30000,1000,22,0.03333333333333333,0.0007333333333333333
Autumn Term,202122,Local Authority,E92000001,England,E12000001,North East,E06000057,Northumberland,Secondary,30000,742,16,0.024733333333333333,0.0005333333333333334
Autumn Term,202122,Local Authority,E92000001,England,E12000001,North East,E06000057,Northumberland,Special,100,99,23,0.99,0.23
Autumn Term,202122,Local Authority,E92000001,England,E12000009,South West,E06000058,"Bournemouth, Christchurch and Poole",Primary,30000,910,17,0.030333333333333334,0.0005666666666666667
Autumn Term,202122,Local Authority,E92000001,England,E12000009,South West,E06000058,"Bournemouth, Christchurch and Poole",Secondary,100,99,15,0.99,0.15
Autumn Term,202122,Local Authority,E92000001,England,E12000009,South West,E06000058,"Bournemouth, Christchurch and Poole",Special,100,99,17,0.99,0.17
Autumn Term,202122,Local Authority,E92000001,England,E12000009,South West,E06000059,Dorset,Primary,30000,818,24,0.027266666666666668,0.0008
Autumn Term,202122,Local Authority,E92000001,England,E12000009,South West,E06000059,Dorset,Secondary,30000,982,24,0.032733333333333337,0.0008
Autumn Term,202122,Local Authority,E92000001,England,E12000009,South West,E06000059,Dorset,Special,30000,1000,22,0.03333333333333333,0.0007333333333333333
Autumn Term,202122,Local Authority,E92000001,England,E12000008,South East,E06000060,Buckinghamshire,Primary,30000,1000,24,0.03333333333333333,0.0008
Autumn Term,202122,Local Authority,E92000001,England,E12000008,South East,E06000060,Buckinghamshire,Secondary,30000,903,6,0.0301,0.0002
Autumn Term,202122,Local Authority,E92000001,England,E12000008,South East,E06000060,Buckinghamshire,Special,30000,1000,21,0.03333333333333333,0.0007
Autumn Term,202122,Local Authority,E92000001,England,E12000004,East Midlands,E06000061,North Northamptonshire,Primary,30000,1000,20,0.03333333333333333,0.0006666666666666666
Autumn Term,202122,Local Authority,E92000001,England,E12000004,East Midlands,E06000061,North Northamptonshire,Secondary,30000,857,21,0.028566666666666667,0.0007
Autumn Term,202122,Local Authority,E92000001,England,E12000004,East Midlands,E06000061,North Northamptonshire,Special,30000,1000,18,0.03333333333333333,0.0006
Autumn Term,202122,Local Authority,E92000001,England,E12000004,East Midlands,E06000062,West Northamptonshire,Primary,100,99,27,0.99,0.27
Autumn Term,202122,Local Authority,E92000001,England,E12000004,East Midlands,E06000062,West Northamptonshire,Secondary,30000,918,18,0.0306,0.0006
Autumn Term,202122,Local Authority,E92000001,England,E12000004,East Midlands,E06000062,West Northamptonshire,Special,30000,852,21,0.0284,0.0007
Autumn Term,202122,Local Authority,E92000001,England,E12000002,North West,E06000063,Cumberland,Primary,30000,635,21,0.021166666666666667,0.0007
Autumn Term,202122,Local Authority,E92000001,England,E12000002,North West,E06000063,Cumberland,Secondary,100,99,16,0.99,0.16
Autumn Term,202122,Local Authority,E92000001,England,E12000002,North West,E06000063,Cumberland,Special,100,99,19,0.99,0.19
Autumn Term,202122,Local Authority,E92000001,England,E12000002,North West,E06000064,Westmorland and Furness,Primary,100,99,28,0.99,0.28
Autumn Term,202122,Local Authority,E92000001,England,E12000002,North West,E06000064,Westmorland and Furness,Secondary,30000,866,19,0.028866666666666665,0.0006333333333333333
Autumn Term,202122,Local Authority,E92000001,England,E12000002,North West,E06000064,Westmorland and Furness,Special,30000,752,25,0.025066666666666668,0.0008333333333333334
Autumn Term,202122,Local Authority,E92000001,England,E12000003,Yorkshire and The Humber,E06000065,North Yorkshire,Primary,30000,945,15,0.0315,0.0005
Autumn Term,202122,Local Authority,E92000001,England,E12000003,Yorkshire and The Humber,E06000065,North Yorkshire,Secondary,30000,879,15,0.0293,0.0005
Autumn Term,202122,Local Authority,E92000001,England,E12000003,Yorkshire and The Humber,E06000065,North Yorkshire,Special,100,99,22,0.99,0.22
Autumn Term,202122,Local Authority,E92000001,England,E12000009,South West,E06000066,Somerset,Primary,30000,856,20,0.028533333333333334,0.0006666666666666666
Autumn Term,202122,Local Authority,E92000001,England,E12000009,South West,E06000066,Somerset,Secondary,100,99,25,0.99,0.25
Autumn Term,202122,Local Authority,E92000001,England,E12000009,South West,E06000066,Somerset,Special,30000,998,18,0.03326666666666667,0.0006
Autumn Term,202122,Local Authority,E92000001,England,E12000002,North West,E08000001,Bolton,Primary,30000,962,19,0.03206666666666667,0.0006333333333333333
Autumn Term,202122,Local Authority,E92000001,England,E12000002,North West,E08000001,Bolton,Secondary,30000,817,20,0.02723333333333333,0.0006666666666666666
Autumn Term,202122,Local Authority,E92000001,England,E12000002,North West,E08000001,Bolton,Special,100,99,25,0.99,0.25
Autumn Term,202122,Local Authority,E92000001,England,E12000002,North West,E08000002,Bury,Primary,30000,1000,22,0.03333333333333333,0.0007333333333333333
Autumn Term,202122,Local Authority,E92000001,England,E12000002,North West,E08000002,Bury,Secondary,30000,946,20,0.03153333333333333,0.0006666666666666666
Autumn Term,202122,Local Authority,E92000001,England,E12000002,North West,E08000002,Bury,Special,100,99,18,0.99,0.18
Autumn Term,202122,Local Authority,E92000001,England,E12000002,North West,E08000003,Manchester,Primary,100,99,23,0.99,0.23
Autumn Term,202122,Local Authority,E92000001,England,E12000002,North West,E08000003,Manchester,Secondary,100,99,20,0.99,0.2
Autumn Term,202122,Local Authority,E92000001,England,E12000002,North West,E08000003,Manchester,Special,30000,1000,21,0.03333333333333333,0.0007
Autumn Term,202122,Local Authority,E92000001,England,E12000002,North West,E08000004,Oldham,Primary,100,99,20,0.99,0.2
Autumn Term,202122,Local Authority,E92000001,England,E12000002,North West,E08000004,Oldham,Secondary,30000,1000,20,0.03333333333333333,0.0006666666666666666
Autumn Term,202122,Local Authority,E92000001,England,E12000002,North West,E08000004,Oldham,Special,100,99,20,0.99,0.2
Autumn Term,202122,Local Authority,E92000001,England,E12000002,North West,E08000005,Rochdale,Primary,30000,828,24,0.0276,0.0008
Autumn Term,202122,Local Authority,E92000001,England,E12000002,North West,E08000005,Rochdale,Secondary,30000,1000,24,0.03333333333333333,0.0008
Autumn Term,202122,Local Authority,E92000001,England,E12000002,North West,E08000005,Rochdale,Special,30000,840,22,0.028,0.0007333333333333333
Autumn Term,202122,Local Authority,E92000001,England,E12000002,North West,E08000006,Salford,Primary,100,99,20,0.99,0.2
Autumn Term,202122,Local Authority,E92000001,England,E12000002,North West,E08000006,Salford,Secondary,30000,1000,11,0.03333333333333333,0.00036666666666666667
Autumn Term,202122,Local Authority,E92000001,England,E12000002,North West,E08000006,Salford,Special,30000,863,28,0.028766666666666666,0.0009333333333333333
Autumn Term,202122,Local Authority,E92000001,England,E12000002,North West,E08000007,Stockport,Primary,100,99,25,0.99,0.25
Autumn Term,202122,Local Authority,E92000001,England,E12000002,North West,E08000007,Stockport,Secondary,30000,1000,15,0.03333333333333333,0.0005
Autumn Term,202122,Local Authority,E92000001,England,E12000002,North West,E08000007,Stockport,Special,100,99,18,0.99,0.18
Autumn Term,202122,Local Authority,E92000001,England,E12000002,North West,E08000008,Tameside,Primary,30000,952,19,0.031733333333333336,0.0006333333333333333
Autumn Term,202122,Local Authority,E92000001,England,E12000002,North West,E08000008,Tameside,Secondary,100,99,24,0.99,0.24
Autumn Term,202122,Local Authority,E92000001,England,E12000002,North West,E08000008,Tameside,Special,30000,1000,28,0.03333333333333333,0.0009333333333333333
Autumn Term,202122,Local Authority,E92000001,England,E12000002,North West,E08000009,Trafford,Primary,30000,880,26,0.029333333333333333,0.0008666666666666666
Autumn Term,202122,Local Authority,E92000001,England,E12000002,North West,E08000009,Trafford,Secondary,30000,929,20,0.030966666666666667,0.0006666666666666666
Autumn Term,202122,Local Authority,E92000001,England,E12000002,North West,E08000009,Trafford,Special,30000,1000,20,0.03333333333333333,0.0006666666666666666
Autumn Term,202122,Local Authority,E92000001,England,E12000002,North West,E08000010,Wigan,Primary,30000,1000,16,0.03333333333333333,0.0005333333333333334
Autumn Term,202122,Local Authority,E92000001,England,E12000002,North West,E08000010,Wigan,Secondary,100,99,21,0.99,0.21
Autumn Term,202122,Local Authority,E92000001,England,E12000002,North West,E08000010,Wigan,Special,30000,1000,20,0.03333333333333333,0.0006666666666666666
Autumn Term,202122,Local Authority,E92000001,England,E12000002,North West,E08000011,Knowsley,Primary,100,99,20,0.99,0.2
Autumn Term,202122,Local Authority,E92000001,England,E12000002,North West,E08000011,Knowsley,Secondary,100,99,22,0.99,0.22
Autumn Term,202122,Local Authority,E92000001,England,E12000002,North West,E08000011,Knowsley,Special,30000,611,19,0.02036666666666667,0.0006333333333333333
Autumn Term,202122,Local Authority,E92000001,England,E12000002,North West,E08000012,Liverpool,Primary,100,99,16,0.99,0.16
Autumn Term,202122,Local Authority,E92000001,England,E12000002,North West,E08000012,Liverpool,Secondary,30000,1000,23,0.03333333333333333,0.0007666666666666667
Autumn Term,202122,Local Authority,E92000001,England,E12000002,North West,E08000012,Liverpool,Special,30000,769,21,0.025633333333333334,0.0007
Autumn Term,202122,Local Authority,E92000001,England,E12000002,North West,E08000013,St. Helens,Primary,30000,752,19,0.025066666666666668,0.0006333333333333333
Autumn Term,202122,Local Authority,E92000001,England,E12000002,North West,E08000013,St. Helens,Secondary,100,99,24,0.99,0.24
Autumn Term,202122,Local Authority,E92000001,England,E12000002,North West,E08000013,St. Helens,Special,100,99,26,0.99,0.26
Autumn Term,202122,Local Authority,E92000001,England,E12000002,North West,E08000014,Sefton,Primary,30000,966,12,0.0322,0.0004
Autumn Term,202122,Local Authority,E92000001,England,E12000002,North West,E08000014,Sefton,Secondary,100,99,15,0.99,0.15
Autumn Term,202122,Local Authority,E92000001,England,E12000002,North West,E08000014,Sefton,Special,30000,824,7,0.027466666666666667,0.00023333333333333333
Autumn Term,202122,Local Authority,E92000001,England,E12000002,North West,E08000015,Wirral,Primary,30000,747,14,0.0249,0.00046666666666666666
Autumn Term,202122,Local Authority,E92000001,England,E12000002,North West,E08000015,Wirral,Secondary,30000,864,28,0.0288,0.0009333333333333333
Autumn Term,202122,Local Authority,E92000001,England,E12000002,North West,E08000015,Wirral,Special,100,99,19,0.99,0.19
Autumn Term,202122,Local Authority,E92000001,England,E12000003,Yorkshire and The Humber,E08000016,Barnsley,Primary,30000,903,18,0.0301,0.0006
Autumn Term,202122,Local Authority,E92000001,England,E12000003,Yorkshire and The Humber,E08000016,Barnsley,Secondary,100,99,19,0.99,0.19
Autumn Term,202122,Local Authority,E92000001,England,E12000003,Yorkshire and The Humber,E08000016,Barnsley,Special,30000,753,21,0.0251,0.0007
Autumn Term,202122,Local Authority,E92000001,England,E12000003,Yorkshire and The Humber,E08000017,Doncaster,Primary,100,99,13,0.99,0.13
Autumn Term,202122,Local Authority,E92000001,England,E12000003,Yorkshire and The Humber,E08000017,Doncaster,Secondary,100,99,16,0.99,0.16
Autumn Term,202122,Local Authority,E92000001,England,E12000003,Yorkshire and The Humber,E08000017,Doncaster,Special,30000,843,23,0.0281,0.0007666666666666667
Autumn Term,202122,Local Authority,E92000001,England,E12000003,Yorkshire and The Humber,E08000018,Rotherham,Primary,30000,887,22,0.029566666666666668,0.0007333333333333333
Autumn Term,202122,Local Authority,E92000001,England,E12000003,Yorkshire and The Humber,E08000018,Rotherham,Secondary,30000,1000,22,0.03333333333333333,0.0007333333333333333
Autumn Term,202122,Local Authority,E92000001,England,E12000003,Yorkshire and The Humber,E08000018,Rotherham,Special,30000,900,21,0.03,0.0007
Autumn Term,202122,Local Authority,E92000001,England,E12000003,Yorkshire and The Humber,E08000019,Sheffield,Primary,100,99,16,0.99,0.16
Autumn Term,202122,Local Authority,E92000001,England,E12000003,Yorkshire and The Humber,E08000019,Sheffield,Secondary,30000,932,15,0.031066666666666666,0.0005
Autumn Term,202122,Local Authority,E92000001,England,E12000003,Yorkshire and The Humber,E08000019,Sheffield,Special,30000,900,26,0.03,0.0008666666666666666
Autumn Term,202122,Local Authority,E92000001,England,E12000001,North East,E08000020,Gateshead,Primary,30000,1000,21,0.03333333333333333,0.0007
Autumn Term,202122,Local Authority,E92000001,England,E12000001,North East,E08000020,Gateshead,Secondary,100,99,22,0.99,0.22
Autumn Term,202122,Local Authority,E92000001,England,E12000001,North East,E08000020,Gateshead,Special,100,99,20,0.99,0.2
Autumn Term,202122,Local Authority,E92000001,England,E12000001,North East,E08000021,Newcastle upon Tyne,Primary,30000,828,15,0.0276,0.0005
Autumn Term,202122,Local Authority,E92000001,England,E12000001,North East,E08000021,Newcastle upon Tyne,Secondary,100,99,21,0.99,0.21
Autumn Term,202122,Local Authority,E92000001,England,E12000001,North East,E08000021,Newcastle upon Tyne,Special,30000,1000,18,0.03333333333333333,0.0006
Autumn Term,202122,Local Authority,E92000001,England,E12000001,North East,E08000022,North Tyneside,Primary,100,99,24,0.99,0.24
Autumn Term,202122,Local Authority,E92000001,England,E12000001,North East,E08000022,North Tyneside,Secondary,100,99,19,0.99,0.19
Autumn Term,202122,Local Authority,E92000001,England,E12000001,North East,E08000022,North Tyneside,Special,100,99,19,0.99,0.19
Autumn Term,202122,Local Authority,E92000001,England,E12000001,North East,E08000023,South Tyneside,Primary,30000,817,19,0.02723333333333333,0.0006333333333333333
Autumn Term,202122,Local Authority,E92000001,England,E12000001,North East,E08000023,South Tyneside,Secondary,30000,916,16,0.030533333333333332,0.0005333333333333334
Autumn Term,202122,Local Authority,E92000001,England,E12000001,North East,E08000023,South Tyneside,Special,30000,994,21,0.033133333333333334,0.0007
Autumn Term,202122,Local Authority,E92000001,England,E12000001,North East,E08000024,Sunderland,Primary,30000,808,27,0.026933333333333333,0.0009
Autumn Term,202122,Local Authority,E92000001,England,E12000001,North East,E08000024,Sunderland,Secondary,100,99,19,0.99,0.19
Autumn Term,202122,Local Authority,E92000001,England,E12000001,North East,E08000024,Sunderland,Special,30000,930,20,0.031,0.0006666666666666666
Autumn Term,202122,Local Authority,E92000001,England,E12000005,West Midlands,E08000025,Birmingham,Primary,30000,749,20,0.024966666666666668,0.0006666666666666666
Autumn Term,202122,Local Authority,E92000001,England,E12000005,West Midlands,E08000025,Birmingham,Secondary,100,99,21,0.99,0.21
Autumn Term,202122,Local Authority,E92000001,England,E12000005,West Midlands,E08000025,Birmingham,Special,100,99,17,0.99,0.17
Autumn Term,202122,Local Authority,E92000001,England,E12000005,West Midlands,E08000026,Coventry,Primary,30000,857,16,0.028566666666666667,0.0005333333333333334
Autumn Term,202122,Local Authority,E92000001,England,E12000005,West Midlands,E08000026,Coventry,Secondary,100,99,27,0.99,0.27
Autumn Term,202122,Local Authority,E92000001,England,E12000005,West Midlands,E08000026,Coventry,Special,30000,1000,20,0.03333333333333333,0.0006666666666666666
Autumn Term,202122,Local Authority,E92000001,England,E12000005,West Midlands,E08000027,Dudley,Primary,30000,991,20,0.03303333333333333,0.0006666666666666666
Autumn Term,202122,Local Authority,E92000001,England,E12000005,West Midlands,E08000027,Dudley,Secondary,30000,890,16,0.029666666666666668,0.0005333333333333334
Autumn Term,202122,Local Authority,E92000001,England,E12000005,West Midlands,E08000027,Dudley,Special,100,99,19,0.99,0.19
Autumn Term,202122,Local Authority,E92000001,England,E12000005,West Midlands,E08000028,Sandwell,Primary,100,99,15,0.99,0.15
Autumn Term,202122,Local Authority,E92000001,England,E12000005,West Midlands,E08000028,Sandwell,Secondary,100,99,20,0.99,0.2
Autumn Term,202122,Local Authority,E92000001,England,E12000005,West Midlands,E08000028,Sandwell,Special,30000,1000,24,0.03333333333333333,0.0008
Autumn Term,202122,Local Authority,E92000001,England,E12000005,West Midlands,E08000029,Solihull,Primary,30000,1000,17,0.03333333333333333,0.0005666666666666667
Autumn Term,202122,Local Authority,E92000001,England,E12000005,West Midlands,E08000029,Solihull,Secondary,100,99,18,0.99,0.18
Autumn Term,202122,Local Authority,E92000001,England,E12000005,West Midlands,E08000029,Solihull,Special,30000,803,23,0.026766666666666668,0.0007666666666666667
Autumn Term,202122,Local Authority,E92000001,England,E12000005,West Midlands,E08000030,Walsall,Primary,30000,1000,23,0.03333333333333333,0.0007666666666666667
Autumn Term,202122,Local Authority,E92000001,England,E12000005,West Midlands,E08000030,Walsall,Secondary,30000,832,20,0.027733333333333332,0.0006666666666666666
Autumn Term,202122,Local Authority,E92000001,England,E12000005,West Midlands,E08000030,Walsall,Special,30000,802,25,0.026733333333333335,0.0008333333333333334
Autumn Term,202122,Local Authority,E92000001,England,E12000005,West Midlands,E08000031,Wolverhampton,Primary,30000,874,21,0.029133333333333334,0.0007
Autumn Term,202122,Local Authority,E92000001,England,E12000005,West Midlands,E08000031,Wolverhampton,Secondary,30000,1000,21,0.03333333333333333,0.0007
Autumn Term,202122,Local Authority,E92000001,England,E12000005,West Midlands,E08000031,Wolverhampton,Special,30000,935,12,0.031166666666666665,0.0004
Autumn Term,202122,Local Authority,E92000001,England,E12000003,Yorkshire and The Humber,E08000032,Bradford,Primary,100,99,19,0.99,0.19
Autumn Term,202122,Local Authority,E92000001,England,E12000003,Yorkshire and The Humber,E08000032,Bradford,Secondary,30000,778,28,0.025933333333333333,0.0009333333333333333
Autumn Term,202122,Local Authority,E92000001,England,E12000003,Yorkshire and The Humber,E08000032,Bradford,Special,30000,1000,26,0.03333333333333333,0.0008666666666666666
Autumn Term,202122,Local Authority,E92000001,England,E12000003,Yorkshire and The Humber,E08000033,Calderdale,Primary,30000,1000,22,0.03333333333333333,0.0007333333333333333
Autumn Term,202122,Local Authority,E92000001,England,E12000003,Yorkshire and The Humber,E08000033,Calderdale,Secondary,100,99,25,0.99,0.25
Autumn Term,202122,Local Authority,E92000001,England,E12000003,Yorkshire and The Humber,E08000033,Calderdale,Special,100,99,16,0.99,0.16
Autumn Term,202122,Local Authority,E92000001,England,E12000003,Yorkshire and The Humber,E08000034,Kirklees,Primary,100,99,18,0.99,0.18
Autumn Term,202122,Local Authority,E92000001,England,E12000003,Yorkshire and The Humber,E08000034,Kirklees,Secondary,30000,949,16,0.03163333333333333,0.0005333333333333334
Autumn Term,202122,Local Authority,E92000001,England,E12000003,Yorkshire and The Humber,E08000034,Kirklees,Special,100,99,26,0.99,0.26
Autumn Term,202122,Local Authority,E92000001,England,E12000003,Yorkshire and The Humber,E08000035,Leeds,Primary,30000,1000,18,0.03333333333333333,0.0006
Autumn Term,202122,Local Authority,E92000001,England,E12000003,Yorkshire and The Humber,E08000035,Leeds,Secondary,100,99,21,0.99,0.21
Autumn Term,202122,Local Authority,E92000001,England,E12000003,Yorkshire and The Humber,E08000035,Leeds,Special,100,99,15,0.99,0.15
Autumn Term,202122,Local Authority,E92000001,England,E12000003,Yorkshire and The Humber,E08000036,Wakefield,Primary,100,99,19,0.99,0.19
Autumn Term,202122,Local Authority,E92000001,England,E12000003,Yorkshire and The Humber,E08000036,Wakefield,Secondary,100,99,20,0.99,0.2
Autumn Term,202122,Local Authority,E92000001,England,E12000003,Yorkshire and The Humber,E08000036,Wakefield,Special,100,99,25,0.99,0.25
Autumn Term,202122,Local Authority,E92000001,England,E12000001,North East,E08000037,Gateshead,Primary,30000,1000,24,0.03333333333333333,0.0008
Autumn Term,202122,Local Authority,E92000001,England,E12000001,North East,E08000037,Gateshead,Secondary,30000,865,30,0.028833333333333332,0.001
Autumn Term,202122,Local Authority,E92000001,England,E12000001,North East,E08000037,Gateshead,Special,100,99,12,0.99,0.12
Autumn Term,202122,Local Authority,E92000001,England,E12000003,Yorkshire and The Humber,E08000038,Barnsley,Primary,30000,1000,18,0.03333333333333333,0.0006
Autumn Term,202122,Local Authority,E92000001,England,E12000003,Yorkshire and The Humber,E08000038,Barnsley,Secondary,100,99,29,0.99,0.29
Autumn Term,202122,Local Authority,E92000001,England,E12000003,Yorkshire and The Humber,E08000038,Barnsley,Special,30000,1000,17,0.03333333333333333,0.0005666666666666667
Autumn Term,202122,Local Authority,E92000001,England,E12000003,Yorkshire and The Humber,E08000039,Sheffield,Primary,30000,966,18,0.0322,0.0006
Autumn Term,202122,Local Authority,E92000001,England,E12000003,Yorkshire and The Humber,E08000039,Sheffield,Secondary,30000,1000,20,0.03333333333333333,0.0006666666666666666
Autumn Term,202122,Local Authority,E92000001,England,E12000003,Yorkshire and The Humber,E08000039,Sheffield,Special,30000,811,27,0.027033333333333333,0.0009
Autumn Term,202122,Local Authority,E92000001,England,E12000007,London,E09000001,City of London,Primary,30000,1000,23,0.03333333333333333,0.0007666666666666667
Autumn Term,202122,Local Authority,E92000001,England,E12000007,London,E09000001,City of London,Secondary,100,99,17,0.99,0.17
Autumn Term,202122,Local Authority,E92000001,England,E12000007,London,E09000001,City of London,Special,30000,925,20,0.030833333333333334,0.0006666666666666666
Autumn Term,202122,Local Authority,E92000001,England,E12000007,London,E09000002,Barking and Dagenham,Primary,100,99,17,0.99,0.17
Autumn Term,202122,Local Authority,E92000001,England,E12000007,London,E09000002,Barking and Dagenham,Secondary,30000,967,15,0.032233333333333336,0.0005
Autumn Term,202122,Local Authority,E92000001,England,E12000007,London,E09000002,Barking and Dagenham,Special,30000,873,21,0.0291,0.0007
Autumn Term,202122,Local Authority,E92000001,England,E12000007,London,E09000003,Barnet,Primary,100,99,22,0.99,0.22
Autumn Term,202122,Local Authority,E92000001,England,E12000007,London,E09000003,Barnet,Secondary,30000,1000,25,0.03333333333333333,0.0008333333333333334
Autumn Term,202122,Local Authority,E92000001,England,E12000007,London,E09000003,Barnet,Special,100,99,17,0.99,0.17
Autumn Term,202122,Local Authority,E92000001,England,E12000007,London,E09000004,Bexley,Primary,30000,1000,23,0.03333333333333333,0.0007666666666666667
Autumn Term,202122,Local Authority,E92000001,England,E12000007,London,E09000004,Bexley,Secondary,30000,902,19,0.030066666666666665,0.0006333333333333333
Autumn Term,202122,Local Authority,E92000001,England,E12000007,London,E09000004,Bexley,Special,30000,1000,13,0.03333333333333333,0.0004333333333333333
Autumn Term,202122,Local Authority,E92000001,England,E12000007,London,E09000005,Brent,Primary,30000,931,21,0.031033333333333333,0.0007
Autumn Term,202122,Local Authority,E92000001,England,E12000007,London,E09000005,Brent,Secondary,30000,1000,17,0.03333333333333333,0.0005666666666666667
Autumn Term,202122,Local Authority,E92000001,England,E12000007,London,E09000005,Brent,Special,100,99,23,0.99,0.23
Autumn Term,202122,Local Authority,E92000001,England,E12000007,London,E09000006,Bromley,Primary,30000,927,13,0.0309,0.0004333333333333333
Autumn Term,202122,Local Authority,E92000001,England,E12000007,London,E09000006,Bromley,Secondary,30000,828,22,0.0276,0.0007333333333333333
Autumn Term,202122,Local Authority,E92000001,England,E12000007,London,E09000006,Bromley,Special,30000,1000,25,0.03333333333333333,0.0008333333333333334
Autumn Term,202122,Local Authority,E92000001,England,E12000007,London,E09000007,Camden,Primary,30000,998,28,0.03326666666666667,0.0009333333333333333
Autumn Term,202122,Local Authority,E92000001,England,E12000007,London,E09000007,Camden,Secondary,30000,934,12,0.031133333333333332,0.0004
Autumn Term,202122,Local Authority,E92000001,England,E12000007,London,E09000007,Camden,Special,30000,964,17,0.03213333333333333,0.0005666666666666667
Autumn Term,202122,Local Authority,E92000001,England,E12000007,London,E09000008,Croydon,Primary,100,99,21,0.99,0.21
Autumn Term,202122,Local Authority,E92000001,England,E12000007,London,E09000008,Croydon,Secondary,100,99,24,0.99,0.24
Autumn Term,202122,Local Authority,E92000001,England,E12000007,London,E09000008,Croydon,Special,30000,895,18,0.029833333333333333,0.0006
Autumn Term,202122,Local Authority,E92000001,England,E12000007,London,E09000009,Ealing,Primary,100,99,19,0.99,0.19
Autumn Term,202122,Local Authority,E92000001,England,E12000007,London,E09000009,Ealing,Secondary,30000,1000,11,0.03333333333333333,0.00036666666666666667
Autumn Term,202122,Local Authority,E92000001,England,E12000007,London,E09000009,Ealing,Special,30000,856,27,0.028533333333333334,0.0009
Autumn Term,202122,Local Authority,E92000001,England,E12000007,London,E09000010,Enfield,Primary,100,99,11,0.99,0.11
Autumn Term,202122,Local Authority,E92000001,England,E12000007,London,E09000010,Enfield,Secondary,30000,805,18,0.026833333333333334,0.0006
Autumn Term,202122,Local Authority,E92000001,England,E12000007,London,E09000010,Enfield,Special,30000,928,22,0.030933333333333334,0.0007333333333333333
Autumn Term,202122,Local Authority,E92000001,England,E12000007,London,E09000011,Greenwich,Primary,100,99,16,0.99,0.16
Autumn Term,202122,Local Authority,E92000001,England,E12000007,London,E09000011,Greenwich,Secondary,30000,925,25,0.030833333333333334,0.0008333333333333334
Autumn Term,202122,Local Authority,E92000001,England,E12000007,London,E09000011,Greenwich,Special,100,99,20,0.99,0.2
Autumn Term,202122,Local Authority,E92000001,England,E12000007,London,E09000012,Hackney,Primary,100,99,16,0.99,0.16
Autumn Term,202122,Local Authority,E92000001,England,E12000007,London,E09000012,Hackney,Secondary,30000,859,11,0.028633333333333334,0.00036666666666666667
Autumn Term,202122,Local Authority,E92000001,England,E12000007,London,E09000012,Hackney,Special,30000,1000,21,0.03333333333333333,0.0007
Autumn Term,202122,Local Authority,E92000001,England,E12000007,London,E09000013,Hammersmith and Fulham,Primary,30000,900,24,0.03,0.0008
Autumn Term,202122,Local Authority,E92000001,England,E12000007,London,E09000013,Hammersmith and Fulham,Secondary,30000,1000,28,0.03333333333333333,0.0009333333333333333
Autumn Term,202122,Local Authority,E92000001,England,E12000007,London,E09000013,Hammersmith and Fulham,Special,100,99,14,0.99,0.14
Autumn Term,202122,Local Authority,E92000001,England,E12000007,London,E09000014,Haringey,Primary,30000,858,17,0.0286,0.0005666666666666667
Autumn Term,202122,Local Authority,E92000001,England,E12000007,London,E09000014,Haringey,Secondary,100,99,21,0.99,0.21
Autumn Term,202122,Local Authority,E92000001,England,E12000007,London,E09000014,Haringey,Special,100,99,27,0.99,0.27
Autumn Term,202122,Local Authority,E92000001,England,E12000007,London,E09000015,Harrow,Primary,100,99,23,0.99,0.23
Autumn Term,202122,Local Authority,E92000001,England,E12000007,London,E09000015,Harrow,Secondary,30000,946,21,0.03153333333333333,0.0007
Autumn Term,202122,Local Authority,E92000001,England,E12000007,London,E09000015,Harrow,Special,30000,752,18,0.025066666666666668,0.0006
Autumn Term,202122,Local Authority,E92000001,England,E12000007,London,E09000016,Havering,Primary,100,99,14,0.99,0.14
Autumn Term,202122,Local Authority,E92000001,England,E12000007,London,E09000016,Havering,Secondary,30000,1000,17,0.03333333333333333,0.0005666666666666667
Autumn Term,202122,Local Authority,E92000001,England,E12000007,London,E09000016,Havering,Special,30000,1000,19,0.03333333333333333,0.0006333333333333333
Autumn Term,202122,Local Authority,E92000001,England,E12000007,London,E09000017,Hillingdon,Primary,100,99,26,0.99,0.26
Autumn Term,202122,Local Authority,E92000001,England,E12000007,London,E09000017,Hillingdon,Secondary,100,99,26,0.99,0.26
Autumn Term,202122,Local Authority,E92000001,England,E12000007,London,E09000017,Hillingdon,Special,30000,728,16,0.024266666666666666,0.0005333333333333334
Autumn Term,202122,Local Authority,E92000001,England,E12000007,London,E09000018,Hounslow,Primary,30000,894,17,0.0298,0.0005666666666666667
Autumn Term,202122,Local Authority,E92000001,England,E12000007,London,E09000018,Hounslow,Secondary,30000,1000,21,0.03333333333333333,0.0007
Autumn Term,202122,Local Authority,E92000001,England,E12000007,London,E09000018,Hounslow,Special,100,99,20,0.99,0.2
Autumn Term,202122,Local Authority,E92000001,England,E12000007,London,E09000019,Islington,Primary,30000,1000,19,0.03333333333333333,0.0006333333333333333
Autumn Term,202122,Local Authority,E92000001,England,E12000007,London,E09000019,Islington,Secondary,100,99,22,0.99,0.22
Autumn Term,202122,Local Authority,E92000001,England,E12000007,London,E09000019,Islington,Special,30000,845,29,0.028166666666666666,0.0009666666666666667
Autumn Term,202122,Local Authority,E92000001,England,E12000007,London,E09000020,Kensington and Chelsea,Primary,30000,1000,16,0.03333333333333333,0.0005333333333333334
Autumn Term,202122,Local Authority,E92000001,England,E12000007,London,E09000020,Kensington and Chelsea,Secondary,30000,780,16,0.026,0.0005333333333333334
Autumn Term,202122,Local Authority,E92000001,England,E12000007,London,E09000020,Kensington and Chelsea,Special,30000,925,20,0.030833333333333334,0.0006666666666666666
Autumn Term,202122,Local Authority,E92000001,England,E12000007,London,E09000021,Kingston upon Thames,Primary,100,99,26,0.99,0.26
Autumn Term,202122,Local Authority,E92000001,England,E12000007,London,E09000021,Kingston upon Thames,Secondary,30000,1000,18,0.03333333333333333,0.0006
Autumn Term,202122,Local Authority,E92000001,England,E12000007,London,E09000021,Kingston upon Thames,Special,100,99,21,0.99,0.21
Autumn Term,202122,Local Authority,E92000001,England,E12000007,London,E09000022,Lambeth,Primary,30000,1000,24,0.03333333333333333,0.0008
Autumn Term,202122,Local Authority,E92000001,England,E12000007,London,E09000022,Lambeth,Secondary,30000,877,12,0.029233333333333333,0.0004
Autumn Term,202122,Local Authority,E92000001,England,E12000007,London,E09000022,Lambeth,Special,30000,779,15,0.025966666666666666,0.0005
Autumn Term,202122,Local Authority,E92000001,England,E12000007,London,E09000023,Lewisham,Primary,30000,870,21,0.029,0.0007
Autumn Term,202122,Local Authority,E92000001,England,E12000007,London,E09000023,Lewisham,Secondary,30000,973,18,0.032433333333333335,0.0006
Autumn Term,202122,Local Authority,E92000001,England,E12000007,London,E09000023,Lewisham,Special,30000,996,22,0.0332,0.0007333333333333333
Autumn Term,202122,Local Authority,E92000001,England,E12000007,London,E09000024,Merton,Primary,100,99,24,0.99,0.24
Autumn Term,202122,Local Authority,E92000001,England,E12000007,London,E09000024,Merton,Secondary,100,99,29,0.99,0.29
Autumn Term,202122,Local Authority,E92000001,England,E12000007,London,E09000024,Merton,Special,100,99,18,0.99,0.18
Autumn Term,202122,Local Authority,E92000001,England,E12000007,London,E09000025,Newham,Primary,30000,1000,27,0.03333333333333333,0.0009
Autumn Term,202122,Local Authority,E92000001,England,E12000007,London,E09000025,Newham,Secondary,30000,774,13,0.0258,0.0004333333333333333
Autumn Term,202122,Local Authority,E92000001,England,E12000007,London,E09000025,Newham,Special,30000,940,24,0.03133333333333333,0.0008
Autumn Term,202122,Local Authority,E92000001,England,E12000007,London,E09000026,Redbridge,Primary,30000,908,17,0.030266666666666667,0.0005666666666666667
Autumn Term,202122,Local Authority,E92000001,England,E12000007,London,E09000026,Redbridge,Secondary,100,99,20,0.99,0.2
Autumn Term,202122,Local Authority,E92000001,England,E12000007,London,E09000026,Redbridge,Special,100,99,22,0.99,0.22
Autumn Term,202122,Local Authority,E92000001,England,E12000007,London,E09000027,Richmond upon Thames,Primary,30000,1000,21,0.03333333333333333,0.0007
Autumn Term,202122,Local Authority,E92000001,England,E12000007,London,E09000027,Richmond upon Thames,Secondary,100,99,27,0.99,0.27
Autumn Term,202122,Local Authority,E92000001,England,E12000007,London,E09000027,Richmond upon Thames,Special,30000,1000,23,0.03333333333333333,0.0007666666666666667
Autumn Term,202122,Local Authority,E92000001,England,E12000007,London,E09000028,Southwark,Primary,30000,1000,17,0.03333333333333333,0.0005666666666666667
Autumn Term,202122,Local Authority,E92000001,England,E12000007,London,E09000028,Southwark,Secondary,30000,935,18,0.031166666666666665,0.0006
Autumn Term,202122,Local Authority,E92000001,England,E12000007,London,E09000028,Southwark,Special,30000,884,18,0.029466666666666665,0.0006
Autumn Term,202122,Local Authority,E92000001,England,E12000007,London,E09000029,Sutton,Primary,100,99,15,0.99,0.15
Autumn Term,202122,Local Authority,E92000001,England,E12000007,London,E09000029,Sutton,Secondary,100,99,28,0.99,0.28
Autumn Term,202122,Local Authority,E92000001,England,E12000007,London,E09000029,Sutton,Special,30000,1000,20,0.03333333333333333,0.0006666666666666666
Autumn Term,202122,Local Authority,E92000001,England,E12000007,London,E09000030,Tower Hamlets,Primary,30000,746,19,0.024866666666666665,0.0006333333333333333
Autumn Term,202122,Local Authority,E92000001,England,E12000007,London,E09000030,Tower Hamlets,Secondary,100,99,15,0.99,0.15
Autumn Term,202122,Local Authority,E92000001,England,E12000007,London,E09000030,Tower Hamlets,Special,30000,1000,22,0.03333333333333333,0.0007333333333333333
Autumn Term,202122,Local Authority,E92000001,England,E12000007,London,E09000031,Waltham Forest,Primary,100,99,17,0.99,0.17
Autumn Term,202122,Local Authority,E92000001,England,E12000007,London,E09000031,Waltham Forest,Secondary,30000,1000,25,0.03333333333333333,0.0008333333333333334
Autumn Term,202122,Local Authority,E92000001,England,E12000007,London,E09000031,Waltham Forest,Special,100,99,19,0.99,0.19
Autumn Term,202122,Local Authority,E92000001,England,E12000007,London,E09000032,Wandsworth,Primary,100,99,14,0.99,0.14
Autumn Term,202122,Local Authority,E92000001,England,E12000007,London,E09000032,Wandsworth,Secondary,30000,715,15,0.023833333333333335,0.0005
Autumn Term,202122,Local Authority,E92000001,England,E12000007,London,E09000032,Wandsworth,Special,30000,886,16,0.029533333333333335,0.0005333333333333334
Autumn Term,202122,Local Authority,E92000001,England,E12000007,London,E09000033,Westminster,Primary,30000,1000,18,0.03333333333333333,0.0006
Autumn Term,202122,Local Authority,E92000001,England,E12000007,London,E09000033,Westminster,Secondary,100,99,23,0.99,0.23
Autumn Term,202122,Local Authority,E92000001,England,E12000007,London,E09000033,Westminster,Special,100,99,11,0.99,0.11
Autumn Term,202122,Local Authority,E92000001,England,E12000006,East of England,E10000001,Bedfordshire,Primary,30000,865,18,0.028833333333333332,0.0006
Autumn Term,202122,Local Authority,E92000001,England,E12000006,East of England,E10000001,Bedfordshire,Secondary,30000,794,21,0.026466666666666666,0.0007
Autumn Term,202122,Local Authority,E92000001,England,E12000006,East of England,E10000001,Bedfordshire,Special,100,99,20,0.99,0.2
Autumn Term,202122,Local Authority,E92000001,England,E12000008,South East,E10000002,Buckinghamshire,Primary,30000,1000,18,0.03333333333333333,0.0006
Autumn Term,202122,Local Authority,E92000001,England,E12000008,South East,E10000002,Buckinghamshire,Secondary,100,99,20,0.99,0.2
Autumn Term,202122,Local Authority,E92000001,England,E12000008,South East,E10000002,Buckinghamshire,Special,30000,1000,16,0.03333333333333333,0.0005333333333333334
Autumn Term,202122,Local Authority,E92000001,England,E12000006,East of England,E10000003,Cambridgeshire,Primary,30000,956,24,0.03186666666666667,0.0008
Autumn Term,202122,Local Authority,E92000001,England,E12000006,East of England,E10000003,Cambridgeshire,Secondary,30000,953,22,0.031766666666666665,0.0007333333333333333
Autumn Term,202122,Local Authority,E92000001,England,E12000006,East of England,E10000003,Cambridgeshire,Special,30000,835,21,0.027833333333333335,0.0007
Autumn Term,202122,Local Authority,E92000001,England,E12000002,North West,E10000004,Cheshire,Primary,100,99,17,0.99,0.17
Autumn Term,202122,Local Authority,E92000001,England,E12000002,North West,E10000004,Cheshire,Secondary,30000,1000,16,0.03333333333333333,0.0005333333333333334
Autumn Term,202122,Local Authority,E92000001,England,E12000002,North West,E10000004,Cheshire,Special,100,99,27,0.99,0.27
Autumn Term,202122,Local Authority,E92000001,England,E12000009,South West,E10000005,Cornwall and Isles of Scilly,Primary,30000,1000,24,0.03333333333333333,0.0008
Autumn Term,202122,Local Authority,E92000001,England,E12000009,South West,E10000005,Cornwall and Isles of Scilly,Secondary,100,99,16,0.99,0.16
Autumn Term,202122,Local Authority,E92000001,England,E12000009,South West,E10000005,Cornwall and Isles of Scilly,Special,100,99,21,0.99,0.21
Autumn Term,202122,Local Authority,E92000001,England,E12000002,North West,E10000006,Cumbria,Primary,30000,834,19,0.0278,0.0006333333333333333
Autumn Term,202122,Local Authority,E92000001,England,E12000002,North West,E10000006,Cumbria,Secondary,30000,867,17,0.0289,0.0005666666666666667
Autumn Term,202122,Local Authority,E92000001,England,E12000002,North West,E10000006,Cumbria,Special,100,99,18,0.99,0.18
Autumn Term,202122,Local Authority,E92000001,England,E12000004,East Midlands,E10000007,Derbyshire,Primary,30000,918,19,0.0306,0.0006333333333333333
Autumn Term,202122,Local Authority,E92000001,England,E12000004,East Midlands,E10000007,Derbyshire,Secondary,30000,704,26,0.023466666666666667,0.0008666666666666666
Autumn Term,202122,Local Authority,E92000001,England,E12000004,East Midlands,E10000007,Derbyshire,Special,30000,1000,28,0.03333333333333333,0.0009333333333333333
Autumn Term,202122,Local Authority,E92000001,England,E12000009,South West,E10000008,Devon,Primary,30000,1000,19,0.03333333333333333,0.0006333333333333333
Autumn Term,202122,Local Authority,E92000001,England,E12000009,South West,E10000008,Devon,Secondary,30000,1000,22,0.03333333333333333,0.0007333333333333333
Autumn Term,202122,Local Authority,E92000001,England,E12000009,South West,E10000008,Devon,Special,30000,776,22,0.025866666666666666,0.0007333333333333333
Autumn Term,202122,Local Authority,E92000001,England,E12000009,South West,E10000009,Dorset,Primary,100,99,18,0.99,0.18
Autumn Term,202122,Local Authority,E92000001,England,E12000009,South West,E10000009,Dorset,Secondary,30000,986,20,0.03286666666666667,0.0006666666666666666
Autumn Term,202122,Local Authority,E92000001,England,E12000009,South West,E10000009,Dorset,Special,100,99,25,0.99,0.25
Autumn Term,202122,Local Authority,E92000001,England,E12000001,North East,E10000010,Durham,Primary,30000,965,18,0.03216666666666667,0.0006
Autumn Term,202122,Local Authority,E92000001,England,E12000001,North East,E10000010,Durham,Secondary,100,99,24,0.99,0.24
Autumn Term,202122,Local Authority,E92000001,England,E12000001,North East,E10000010,Durham,Special,30000,809,22,0.026966666666666667,0.0007333333333333333
Autumn Term,202122,Local Authority,E92000001,England,E12000008,South East,E10000011,East Sussex,Primary,30000,936,21,0.0312,0.0007
Autumn Term,202122,Local Authority,E92000001,England,E12000008,South East,E10000011,East Sussex,Secondary,100,99,21,0.99,0.21
Autumn Term,202122,Local Authority,E92000001,England,E12000008,South East,E10000011,East Sussex,Special,100,99,25,0.99,0.25
Autumn Term,202122,Local Authority,E92000001,England,E12000006,East of England,E10000012,Essex,Primary,30000,1000,21,0.03333333333333333,0.0007
Autumn Term,202122,Local Authority,E92000001,England,E12000006,East of England,E10000012,Essex,Secondary,30000,765,20,0.0255,0.0006666666666666666
Autumn Term,202122,Local Authority,E92000001,England,E12000006,East of England,E10000012,Essex,Special,30000,877,25,0.029233333333333333,0.0008333333333333334
Autumn Term,202122,Local Authority,E92000001,England,E12000009,South West,E10000013,Gloucestershire,Primary,30000,931,18,0.031033333333333333,0.0006
Autumn Term,202122,Local Authority,E92000001,England,E12000009,South West,E10000013,Gloucestershire,Secondary,30000,947,21,0.031566666666666666,0.0007
Autumn Term,202122,Local Authority,E92000001,England,E12000009,South West,E10000013,Gloucestershire,Special,100,99,15,0.99,0.15
Autumn Term,202122,Local Authority,E92000001,England,E12000008,South East,E10000014,Hampshire,Primary,30000,1000,21,0.03333333333333333,0.0007
Autumn Term,202122,Local Authority,E92000001,England,E12000008,South East,E10000014,Hampshire,Secondary,100,99,22,0.99,0.22
Autumn Term,202122,Local Authority,E92000001,England,E12000008,South East,E10000014,Hampshire,Special,100,99,21,0.99,0.21
Autumn Term,202122,Local Authority,E92000001,England,E12000006,East of England,E10000015,Hertfordshire,Primary,100,99,22,0.99,0.22
Autumn Term,202122,Local Authority,E92000001,England,E12000006,East of England,E10000015,Hertfordshire,Secondary,30000,949,14,0.03163333333333333,0.00046666666666666666
Autumn Term,202122,Local Authority,E92000001,England,E12000006,East of England,E10000015,Hertfordshire,Special,100,99,18,0.99,0.18
Autumn Term,202122,Local Authority,E92000001,England,E12000008,South East,E10000016,Kent,Primary,30000,961,17,0.03203333333333333,0.0005666666666666667
Autumn Term,202122,Local Authority,E92000001,England,E12000008,South East,E10000016,Kent,Secondary,30000,1000,20,0.03333333333333333,0.0006666666666666666
Autumn Term,202122,Local Authority,E92000001,England,E12000008,South East,E10000016,Kent,Special,30000,994,25,0.033133333333333334,0.0008333333333333334
Autumn Term,202122,Local Authority,E92000001,England,E12000002,North West,E10000017,Lancashire,Primary,30000,998,20,0.03326666666666667,0.0006666666666666666
Autumn Term,202122,Local Authority,E92000001,England,E12000002,North West,E10000017,Lancashire,Secondary,30000,940,15,0.03133333333333333,0.0005
Autumn Term,202122,Local Authority,E92000001,England,E12000002,North West,E10000017,Lancashire,Special,30000,1000,20,0.03333333333333333,0.0006666666666666666
Autumn Term,202122,Local Authority,E92000001,England,E12000004,East Midlands,E10000018,Leicestershire,Primary,30000,964,24,0.03213333333333333,0.0008
Autumn Term,202122,Local Authority,E92000001,England,E12000004,East Midlands,E10000018,Leicestershire,Secondary,30000,1000,27,0.03333333333333333,0.0009
Autumn Term,202122,Local Authority,E92000001,England,E12000004,East Midlands,E10000018,Leicestershire,Special,100,99,20,0.99,0.2
Autumn Term,202122,Local Authority,E92000001,England,E12000004,East Midlands,E10000019,Lincolnshire,Primary,30000,815,23,0.027166666666666665,0.0007666666666666667
Autumn Term,202122,Local Authority,E92000001,England,E12000004,East Midlands,E10000019,Lincolnshire,Secondary,30000,1000,19,0.03333333333333333,0.0006333333333333333
Autumn Term,202122,Local Authority,E92000001,England,E12000004,East Midlands,E10000019,Lincolnshire,Special,100,99,18,0.99,0.18
Autumn Term,202122,Local Authority,E92000001,England,E12000006,East of England,E10000020,Norfolk,Primary,30000,823,16,0.027433333333333334,0.0005333333333333334
Autumn Term,202122,Local Authority,E92000001,England,E12000006,East of England,E10000020,Norfolk,Secondary,100,99,21,0.99,0.21
Autumn Term,202122,Local Authority,E92000001,England,E12000006,East of England,E10000020,Norfolk,Special,30000,907,21,0.030233333333333334,0.0007
Autumn Term,202122,Local Authority,E92000001,England,E12000004,East Midlands,E10000021,Northamptonshire,Primary,30000,1000,22,0.03333333333333333,0.0007333333333333333
Autumn Term,202122,Local Authority,E92000001,England,E12000004,East Midlands,E10000021,Northamptonshire,Secondary,30000,926,25,0.030866666666666667,0.0008333333333333334
Autumn Term,202122,Local Authority,E92000001,England,E12000004,East Midlands,E10000021,Northamptonshire,Special,100,99,22,0.99,0.22
Autumn Term,202122,Local Authority,E92000001,England,E12000001,North East,E10000022,Northumberland,Primary,100,99,20,0.99,0.2
Autumn Term,202122,Local Authority,E92000001,England,E12000001,North East,E10000022,Northumberland,Secondary,30000,812,21,0.027066666666666666,0.0007
Autumn Term,202122,Local Authority,E92000001,England,E12000001,North East,E10000022,Northumberland,Special,30000,912,21,0.0304,0.0007
Autumn Term,202122,Local Authority,E92000001,England,E12000003,Yorkshire and The Humber,E10000023,North Yorkshire,Primary,30000,1000,26,0.03333333333333333,0.0008666666666666666
Autumn Term,202122,Local Authority,E92000001,England,E12000003,Yorkshire and The Humber,E10000023,North Yorkshire,Secondary,30000,781,27,0.026033333333333332,0.0009
Autumn Term,202122,Local Authority,E92000001,England,E12000003,Yorkshire and The Humber,E10000023,North Yorkshire,Special,30000,963,20,0.0321,0.0006666666666666666
Autumn Term,202122,Local Authority,E92000001,England,E12000004,East Midlands,E10000024,Nottinghamshire,Primary,30000,943,23,0.031433333333333334,0.0007666666666666667
Autumn Term,202122,Local Authority,E92000001,England,E12000004,East Midlands,E10000024,Nottinghamshire,Secondary,30000,904,24,0.030133333333333335,0.0008
Autumn Term,202122,Local Authority,E92000001,England,E12000004,East Midlands,E10000024,Nottinghamshire,Special,100,99,16,0.99,0.16
Autumn Term,202122,Local Authority,E92000001,England,E12000008,South East,E10000025,Oxfordshire,Primary,30000,1000,14,0.03333333333333333,0.00046666666666666666
Autumn Term,202122,Local Authority,E92000001,England,E12000008,South East,E10000025,Oxfordshire,Secondary,30000,894,21,0.0298,0.0007
Autumn Term,202122,Local Authority,E92000001,England,E12000008,South East,E10000025,Oxfordshire,Special,30000,1000,16,0.03333333333333333,0.0005333333333333334
Autumn Term,202122,Local Authority,E92000001,England,E12000005,West Midlands,E10000026,Shropshire,Primary,100,99,15,0.99,0.15
Autumn Term,202122,Local Authority,E92000001,England,E12000005,West Midlands,E10000026,Shropshire,Secondary,30000,927,18,0.0309,0.0006
Autumn Term,202122,Local Authority,E92000001,England,E12000005,West Midlands,E10000026,Shropshire,Special,100,99,12,0.99,0.12
Autumn Term,202122,Local Authority,E92000001,England,E12000009,South West,E10000027,Somerset,Primary,100,99,22,0.99,0.22
Autumn Term,202122,Local Authority,E92000001,England,E12000009,South West,E10000027,Somerset,Secondary,30000,946,19,0.03153333333333333,0.0006333333333333333
Autumn Term,202122,Local Authority,E92000001,England,E12000009,South West,E10000027,Somerset,Special,30000,1000,14,0.03333333333333333,0.00046666666666666666
Autumn Term,202122,Local Authority,E92000001,England,E12000005,West Midlands,E10000028,Staffordshire,Primary,30000,855,20,0.0285,0.0006666666666666666
Autumn Term,202122,Local Authority,E92000001,England,E12000005,West Midlands,E10000028,Staffordshire,Secondary,100,99,18,0.99,0.18
Autumn Term,202122,Local Authority,E92000001,England,E12000005,West Midlands,E10000028,Staffordshire,Special,100,99,13,0.99,0.13
Autumn Term,202122,Local Authority,E92000001,England,E12000006,East of England,E10000029,Suffolk,Primary,30000,992,23,0.03306666666666667,0.0007666666666666667
Autumn Term,202122,Local Authority,E92000001,England,E12000006,East of England,E10000029,Suffolk,Secondary,30000,1000,21,0.03333333333333333,0.0007
Autumn Term,202122,Local Authority,E92000001,England,E12000006,East of England,E10000029,Suffolk,Special,100,99,12,0.99,0.12
Autumn Term,202122,Local Authority,E92000001,England,E12000008,South East,E10000030,Surrey,Primary,30000,1000,23,0.03333333333333333,0.0007666666666666667
Autumn Term,202122,Local Authority,E92000001,England,E12000008,South East,E10000030,Surrey,Secondary,30000,684,16,0.0228,0.0005333333333333334
Autumn Term,202122,Local Authority,E92000001,England,E12000008,South East,E10000030,Surrey,Special,30000,846,21,0.0282,0.0007
Autumn Term,202122,Local Authority,E92000001,England,E12000005,West Midlands,E10000031,Warwickshire,Primary,100,99,17,0.99,0.17
Autumn Term,202122,Local Authority,E92000001,England,E12000005,West Midlands,E10000031,Warwickshire,Secondary,30000,938,22,0.031266666666666665,0.0007333333333333333
Autumn Term,202122,Local Authority,E92000001,England,E12000005,West Midlands,E10000031,Warwickshire,Special,30000,966,22,0.0322,0.0007333333333333333
Autumn Term,202122,Local Authority,E92000001,England,E12000008,South East,E10000032,West Sussex,Primary,30000,990,21,0.033,0.0007
Autumn Term,202122,Local Authority,E92000001,England,E12000008,South East,E10000032,West Sussex,Secondary,30000,781,21,0.026033333333333332,0.0007
Autumn Term,202122,Local Authority,E92000001,England,E12000008,South East,E10000032,West Sussex,Special,100,99,22,0.99,0.22
Autumn Term,202122,Local Authority,E92000001,England,E12000009,South West,E10000033,Wiltshire,Primary,30000,1000,31,0.03333333333333333,0.0010333333333333334
Autumn Term,202122,Local Authority,E92000001,England,E12000009,South West,E10000033,Wiltshire,Secondary,30000,1000,18,0.03333333333333333,0.0006
Autumn Term,202122,Local Authority,E92000001,England,E12000009,South West,E10000033,Wiltshire,Special,100,99,18,0.99,0.18
Autumn Term,202122,Local Authority,E92000001,England,E12000005,West Midlands,E10000034,Worcestershire,Primary,30000,1000,21,0.03333333333333333,0.0007
Autumn Term,202122,Local Authority,E92000001,England,E12000005,West Midlands,E10000034,Worcestershire,Secondary,100,99,15,0.99,0.15
Autumn Term,202122,Local Authority,E92000001,England,E12000005,West Midlands,E10000034,Worcestershire,Special,100,99,19,0.99,0.19
Autumn Term,202223,Local Authority,E92000001,England,E12000001,North East,E06000001,Hartlepool,Primary,100,99,23,0.99,0.23
Autumn Term,202223,Local Authority,E92000001,England,E12000001,North East,E06000001,Hartlepool,Secondary,100,99,13,0.99,0.13
Autumn Term,202223,Local Authority,E92000001,England,E12000001,North East,E06000001,Hartlepool,Special,30000,1000,20,0.03333333333333333,0.0006666666666666666
Autumn Term,202223,Local Authority,E92000001,England,E12000001,North East,E06000002,Middlesbrough,Primary,30000,937,22,0.03123333333333333,0.0007333333333333333
Autumn Term,202223,Local Authority,E92000001,England,E12000001,North East,E06000002,Middlesbrough,Secondary,100,99,18,0.99,0.18
Autumn Term,202223,Local Authority,E92000001,England,E12000001,North East,E06000002,Middlesbrough,Special,30000,1000,21,0.03333333333333333,0.0007
Autumn Term,202223,Local Authority,E92000001,England,E12000001,North East,E06000003,Redcar and Cleveland,Primary,100,99,22,0.99,0.22
Autumn Term,202223,Local Authority,E92000001,England,E12000001,North East,E06000003,Redcar and Cleveland,Secondary,30000,829,17,0.027633333333333333,0.0005666666666666667
Autumn Term,202223,Local Authority,E92000001,England,E12000001,North East,E06000003,Redcar and Cleveland,Special,30000,989,32,0.032966666666666665,0.0010666666666666667
Autumn Term,202223,Local Authority,E92000001,England,E12000001,North East,E06000004,Stockton-on-Tees,Primary,100,99,24,0.99,0.24
Autumn Term,202223,Local Authority,E92000001,England,E12000001,North East,E06000004,Stockton-on-Tees,Secondary,100,99,21,0.99,0.21
Autumn Term,202223,Local Authority,E92000001,England,E12000001,North East,E06000004,Stockton-on-Tees,Special,100,99,16,0.99,0.16
Autumn Term,202223,Local Authority,E92000001,England,E12000001,North East,E06000005,Darlington,Primary,30000,931,18,0.031033333333333333,0.0006
Autumn Term,202223,Local Authority,E92000001,England,E12000001,North East,E06000005,Darlington,Secondary,100,99,23,0.99,0.23
Autumn Term,202223,Local Authority,E92000001,England,E12000001,North East,E06000005,Darlington,Special,30000,955,21,0.03183333333333333,0.0007
Autumn Term,202223,Local Authority,E92000001,England,E12000002,North West,E06000006,Halton,Primary,30000,1000,11,0.03333333333333333,0.00036666666666666667
Autumn Term,202223,Local Authority,E92000001,England,E12000002,North West,E06000006,Halton,Secondary,30000,857,21,0.028566666666666667,0.0007
Autumn Term,202223,Local Authority,E92000001,England,E12000002,North West,E06000006,Halton,Special,30000,1000,27,0.03333333333333333,0.0009
Autumn Term,202223,Local Authority,E92000001,England,E12000002,North West,E06000007,Warrington,Primary,100,99,17,0.99,0.17
Autumn Term,202223,Local Authority,E92000001,England,E12000002,North West,E06000007,Warrington,Secondary,30000,795,16,0.0265,0.0005333333333333334
Autumn Term,202223,Local Authority,E92000001,England,E12000002,North West,E06000007,Warrington,Special,30000,1000,22,0.03333333333333333,0.0007333333333333333
Autumn Term,202223,Local Authority,E92000001,England,E12000002,North West,E06000008,Blackburn with Darwen,Primary,30000,1000,22,0.03333333333333333,0.0007333333333333333
Autumn Term,202223,Local Authority,E92000001,England,E12000002,North West,E06000008,Blackburn with Darwen,Secondary,100,99,22,0.99,0.22
Autumn Term,202223,Local Authority,E92000001,England,E12000002,North West,E06000008,Blackburn with Darwen,Special,30000,955,16,0.03183333333333333,0.0005333333333333334
Autumn Term,202223,Local Authority,E92000001,England,E12000002,North West,E06000009,Blackpool,Primary,30000,866,16,0.028866666666666665,0.0005333333333333334
Autumn Term,202223,Local Authority,E92000001,England,E12000002,North West,E06000009,Blackpool,Secondary,100,99,22,0.99,0.22
Autumn Term,202223,Local Authority,E92000001,England,E12000002,North West,E06000009,Blackpool,Special,100,99,24,0.99,0.24
Autumn Term,202223,Local Authority,E92000001,England,E12000003,Yorkshire and The Humber,E06000010,"Kingston upon Hull, City of",Primary,30000,984,24,0.0328,0.0008
Autumn Term,202223,Local Authority,E92000001,England,E12000003,Yorkshire and The Humber,E06000010,"Kingston upon Hull, City of",Secondary,30000,713,18,0.023766666666666665,0.0006
Autumn Term,202223,Local Authority,E92000001,England,E12000003,Yorkshire and The Humber,E06000010,"Kingston upon Hull, City of",Special,30000,1000,28,0.03333333333333333,0.0009333333333333333
Autumn Term,202223,Local Authority,E92000001,England,E12000003,Yorkshire and The Humber,E06000011,East Riding of Yorkshire,Primary,30000,916,7,0.030533333333333332,0.00023333333333333333
Autumn Term,202223,Local Authority,E92000001,England,E12000003,Yorkshire and The Humber,E06000011,East Riding of Yorkshire,Secondary,100,99,20,0.99,0.2
Autumn Term,202223,Local Authority,E92000001,England,E12000003,Yorkshire and The Humber,E06000011,East Riding of Yorkshire,Special,100,99,15,0.99,0.15
Autumn Term,202223,Local Authority,E92000001,England,E12000003,Yorkshire and The Humber,E06000012,North East Lincolnshire,Primary,100,99,11,0.99,0.11
Autumn Term,202223,Local Authority,E92000001,England,E12000003,Yorkshire and The Humber,E06000012,North East Lincolnshire,Secondary,100,99,21,0.99,0.21
Autumn Term,202223,Local Authority,E92000001,England,E12000003,Yorkshire and The Humber,E06000012,North East Lincolnshire,Special,30000,864,18,0.0288,0.0006
Autumn Term,202223,Local Authority,E92000001,England,E12000003,Yorkshire and The Humber,E06000013,North Lincolnshire,Primary,30000,868,17,0.028933333333333332,0.0005666666666666667
Autumn Term,202223,Local Authority,E92000001,England,E12000003,Yorkshire and The Humber,E06000013,North Lincolnshire,Secondary,30000,1000,28,0.03333333333333333,0.0009333333333333333
Autumn Term,202223,Local Authority,E92000001,England,E12000003,Yorkshire and The Humber,E06000013,North Lincolnshire,Special,30000,738,28,0.0246,0.0009333333333333333
Autumn Term,202223,Local Authority,E92000001,England,E12000003,Yorkshire and The Humber,E06000014,York,Primary,30000,926,20,0.030866666666666667,0.0006666666666666666
Autumn Term,202223,Local Authority,E92000001,England,E12000003,Yorkshire and The Humber,E06000014,York,Secondary,30000,900,21,0.03,0.0007
Autumn Term,202223,Local Authority,E92000001,England,E12000003,Yorkshire and The Humber,E06000014,York,Special,30000,958,19,0.031933333333333334,0.0006333333333333333
Autumn Term,202223,Local Authority,E92000001,England,E12000004,East Midlands,E06000015,Derby,Primary,30000,821,20,0.027366666666666668,0.0006666666666666666
Autumn Term,202223,Local Authority,E92000001,England,E12000004,East Midlands,E06000015,Derby,Secondary,100,99,30,0.99,0.3
Autumn Term,202223,Local Authority,E92000001,England,E12000004,East Midlands,E06000015,Derby,Special,30000,977,20,0.03256666666666667,0.0006666666666666666
Autumn Term,202223,Local Authority,E92000001,England,E12000004,East Midlands,E06000016,Leicester,Primary,100,99,28,0.99,0.28
Autumn Term,202223,Local Authority,E92000001,England,E12000004,East Midlands,E06000016,Leicester,Secondary,100,99,13,0.99,0.13
Autumn Term,202223,Local Authority,E92000001,England,E12000004,East Midlands,E06000016,Leicester,Special,30000,1000,21,0.03333333333333333,0.0007
Autumn Term,202223,Local Authority,E92000001,England,E12000004,East Midlands,E06000017,Rutland,Primary,30000,853,23,0.028433333333333335,0.0007666666666666667
Autumn Term,202223,Local Authority,E92000001,England,E12000004,East Midlands,E06000017,Rutland,Secondary,100,99,22,0.99,0.22
Autumn Term,202223,Local Authority,E92000001,England,E12000004,East Midlands,E06000017,Rutland,Special,30000,801,15,0.0267,0.0005
Autumn Term,202223,Local Authority,E92000001,England,E12000004,East Midlands,E06000018,Nottingham,Primary,100,99,18,0.99,0.18
Autumn Term,202223,Local Authority,E92000001,England,E12000004,East Midlands,E06000018,Nottingham,Secondary,30000,799,20,0.026633333333333332,0.0006666666666666666
Autumn Term,202223,Local Authority,E92000001,England,E12000004,East Midlands,E06000018,Nottingham,Special,100,99,23,0.99,0.23
Autumn Term,202223,Local Authority,E92000001,England,E12000005,West Midlands,E06000019,"Herefordshire, County of",Primary,30000,667,20,0.022233333333333334,0.0006666666666666666
Autumn Term,202223,Local Authority,E92000001,England,E12000005,West Midlands,E06000019,"Herefordshire, County of",Secondary,30000,1000,19,0.03333333333333333,0.0006333333333333333
Autumn Term,202223,Local Authority,E92000001,England,E12000005,West Midlands,E06000019,"Herefordshire, County of",Special,100,99,25,0.99,0.25
Autumn Term,202223,Local Authority,E92000001,England,E12000005,West Midlands,E06000020,Telford and Wrekin,Primary,100,99,17,0.99,0.17
Autumn Term,202223,Local Authority,E92000001,England,E12000005,West Midlands,E06000020,Telford and Wrekin,Secondary,30000,996,28,0.0332,0.0009333333333333333
Autumn Term,202223,Local Authority,E92000001,England,E12000005,West Midlands,E06000020,Telford and Wrekin,Special,30000,1000,20,0.03333333333333333,0.0006666666666666666
Autumn Term,202223,Local Authority,E92000001,England,E12000005,West Midlands,E06000021,Stoke-on-Trent,Primary,30000,1000,14,0.03333333333333333,0.00046666666666666666
Autumn Term,202223,Local Authority,E92000001,England,E12000005,West Midlands,E06000021,Stoke-on-Trent,Secondary,30000,1000,20,0.03333333333333333,0.0006666666666666666
Autumn Term,202223,Local Authority,E92000001,England,E12000005,West Midlands,E06000021,Stoke-on-Trent,Special,100,99,25,0.99,0.25
Autumn Term,202223,Local Authority,E92000001,England,E12000009,South West,E06000022,Bath and North East Somerset,Primary,100,99,11,0.99,0.11
Autumn Term,202223,Local Authority,E92000001,England,E12000009,South West,E06000022,Bath and North East Somerset,Secondary,30000,940,13,0.03133333333333333,0.0004333333333333333
Autumn Term,202223,Local Authority,E92000001,England,E12000009,South West,E06000022,Bath and North East Somerset,Special,100,99,26,0.99,0.26
Autumn Term,202223,Local Authority,E92000001,England,E12000009,South West,E06000023,"Bristol, City of",Primary,30000,862,18,0.028733333333333333,0.0006
Autumn Term,202223,Local Authority,E92000001,England,E12000009,South West,E06000023,"Bristol, City of",Secondary,100,99,15,0.99,0.15
Autumn Term,202223,Local Authority,E92000001,England,E12000009,South West,E06000023,"Bristol, City of",Special,30000,1000,20,0.03333333333333333,0.0006666666666666666
Autumn Term,202223,Local Authority,E92000001,England,E12000009,South West,E06000024,North Somerset,Primary,30000,840,19,0.028,0.0006333333333333333
Autumn Term,202223,Local Authority,E92000001,England,E12000009,South West,E06000024,North Somerset,Secondary,30000,983,18,0.032766666666666666,0.0006
Autumn Term,202223,Local Authority,E92000001,England,E12000009,South West,E06000024,North Somerset,Special,30000,696,23,0.0232,0.0007666666666666667
Autumn Term,202223,Local Authority,E92000001,England,E12000009,South West,E06000025,South Gloucestershire,Primary,30000,1000,17,0.03333333333333333,0.0005666666666666667
Autumn Term,202223,Local Authority,E92000001,England,E12000009,South West,E06000025,South Gloucestershire,Secondary,100,99,17,0.99,0.17
Autumn Term,202223,Local Authority,E92000001,England,E12000009,South West,E06000025,South Gloucestershire,Special,30000,849,17,0.0283,0.0005666666666666667
Autumn Term,202223,Local Authority,E92000001,England,E12000009,South West,E06000026,Plymouth,Primary,100,99,18,0.99,0.18
Autumn Term,202223,Local Authority,E92000001,England,E12000009,South West,E06000026,Plymouth,Secondary,30000,875,19,0.029166666666666667,0.0006333333333333333
Autumn Term,202223,Local Authority,E92000001,England,E12000009,South West,E06000026,Plymouth,Special,100,99,11,0.99,0.11
Autumn Term,202223,Local Authority,E92000001,England,E12000009,South West,E06000027,Torbay,Primary,100,99,16,0.99,0.16
Autumn Term,202223,Local Authority,E92000001,England,E12000009,South West,E06000027,Torbay,Secondary,30000,762,16,0.0254,0.0005333333333333334
Autumn Term,202223,Local Authority,E92000001,England,E12000009,South West,E06000027,Torbay,Special,30000,755,20,0.025166666666666667,0.0006666666666666666
Autumn Term,202223,Local Authority,E92000001,England,E12000009,South West,E06000028,Bournemouth,Primary,30000,936,32,0.0312,0.0010666666666666667
Autumn Term,202223,Local Authority,E92000001,England,E12000009,South West,E06000028,Bournemouth,Secondary,100,99,19,0.99,0.19
Autumn Term,202223,Local Authority,E92000001,England,E12000009,South West,E06000028,Bournemouth,Special,30000,946,29,0.03153333333333333,0.0009666666666666667
Autumn Term,202223,Local Authority,E92000001,England,E12000009,South West,E06000029,Poole,Primary,100,99,17,0.99,0.17
Autumn Term,202223,Local Authority,E92000001,England,E12000009,South West,E06000029,Poole,Secondary,100,99,23,0.99,0.23
Autumn Term,202223,Local Authority,E92000001,England,E12000009,South West,E06000029,Poole,Special,100,99,24,0.99,0.24
Autumn Term,202223,Local Authority,E92000001,England,E12000009,South West,E06000030,Swindon,Primary,100,99,24,0.99,0.24
Autumn Term,202223,Local Authority,E92000001,England,E12000009,South West,E06000030,Swindon,Secondary,30000,824,22,0.027466666666666667,0.0007333333333333333
Autumn Term,202223,Local Authority,E92000001,England,E12000009,South West,E06000030,Swindon,Special,30000,1000,27,0.03333333333333333,0.0009
Autumn Term,202223,Local Authority,E92000001,England,E12000006,East of England,E06000031,Peterborough,Primary,30000,931,19,0.031033333333333333,0.0006333333333333333
Autumn Term,202223,Local Authority,E92000001,England,E12000006,East of England,E06000031,Peterborough,Secondary,30000,870,18,0.029,0.0006
Autumn Term,202223,Local Authority,E92000001,England,E12000006,East of England,E06000031,Peterborough,Special,30000,959,22,0.031966666666666664,0.0007333333333333333
Autumn Term,202223,Local Authority,E92000001,England,E12000006,East of England,E06000032,Luton,Primary,100,99,24,0.99,0.24
Autumn Term,202223,Local Authority,E92000001,England,E12000006,East of England,E06000032,Luton,Secondary,100,99,26,0.99,0.26
Autumn Term,202223,Local Authority,E92000001,England,E12000006,East of England,E06000032,Luton,Special,30000,747,19,0.0249,0.0006333333333333333
Autumn Term,202223,Local Authority,E92000001,England,E12000006,East of England,E06000033,Southend-on-Sea,Primary,100,99,18,0.99,0.18
Autumn Term,202223,Local Authority,E92000001,England,E12000006,East of England,E06000033,Southend-on-Sea,Secondary,100,99,19,0.99,0.19
Autumn Term,202223,Local Authority,E92000001,England,E12000006,East of England,E06000033,Southend-on-Sea,Special,30000,960,14,0.032,0.00046666666666666666
Autumn Term,202223,Local Authority,E92000001,England,E12000006,East of England,E06000034,Thurrock,Primary,100,99,20,0.99,0.2
Autumn Term,202223,Local Authority,E92000001,England,E12000006,East of England,E06000034,Thurrock,Secondary,30000,871,15,0.029033333333333335,0.0005
Autumn Term,202223,Local Authority,E92000001,England,E12000006,East of England,E06000034,Thurrock,Special,100,99,17,0.99,0.17
Autumn Term,202223,Local Authority,E92000001,England,E12000008,South East,E06000035,Medway,Primary,30000,907,23,0.030233333333333334,0.0007666666666666667
Autumn Term,202223,Local Authority,E92000001,England,E12000008,South East,E06000035,Medway,Secondary,30000,1000,26,0.03333333333333333,0.0008666666666666666
Autumn Term,202223,Local Authority,E92000001,England,E12000008,South East,E06000035,Medway,Special,30000,885,23,0.0295,0.0007666666666666667
Autumn Term,202223,Local Authority,E92000001,England,E12000008,South East,E06000036,Bracknell Forest,Primary,30000,1000,20,0.03333333333333333,0.0006666666666666666
Autumn Term,202223,Local Authority,E92000001,England,E12000008,South East,E06000036,Bracknell Forest,Secondary,30000,1000,23,0.03333333333333333,0.0007666666666666667
Autumn Term,202223,Local Authority,E92000001,England,E12000008,South East,E06000036,Bracknell Forest,Special,30000,1000,23,0.03333333333333333,0.0007666666666666667
Autumn Term,202223,Local Authority,E92000001,England,E12000008,South East,E06000037,West Berkshire,Primary,30000,898,22,0.029933333333333333,0.0007333333333333333
Autumn Term,202223,Local Authority,E92000001,England,E12000008,South East,E06000037,West Berkshire,Secondary,30000,966,26,0.0322,0.0008666666666666666
Autumn Term,202223,Local Authority,E92000001,England,E12000008,South East,E06000037,West Berkshire,Special,100,99,24,0.99,0.24
Autumn Term,202223,Local Authority,E92000001,England,E12000008,South East,E06000038,Reading,Primary,30000,1000,21,0.03333333333333333,0.0007
Autumn Term,202223,Local Authority,E92000001,England,E12000008,South East,E06000038,Reading,Secondary,30000,889,27,0.029633333333333334,0.0009
Autumn Term,202223,Local Authority,E92000001,England,E12000008,South East,E06000038,Reading,Special,100,99,14,0.99,0.14
Autumn Term,202223,Local Authority,E92000001,England,E12000008,South East,E06000039,Slough,Primary,30000,1000,21,0.03333333333333333,0.0007
Autumn Term,202223,Local Authority,E92000001,England,E12000008,South East,E06000039,Slough,Secondary,30000,842,19,0.028066666666666667,0.0006333333333333333
Autumn Term,202223,Local Authority,E92000001,England,E12000008,South East,E06000039,Slough,Special,100,99,13,0.99,0.13
Autumn Term,202223,Local Authority,E92000001,England,E12000008,South East,E06000040,Windsor and Maidenhead,Primary,30000,1000,18,0.03333333333333333,0.0006
Autumn Term,202223,Local Authority,E92000001,England,E12000008,South East,E06000040,Windsor and Maidenhead,Secondary,30000,904,20,0.030133333333333335,0.0006666666666666666
Autumn Term,202223,Local Authority,E92000001,England,E12000008,South East,E06000040,Windsor and Maidenhead,Special,30000,966,18,0.0322,0.0006
Autumn Term,202223,Local Authority,E92000001,England,E12000008,South East,E06000041,Wokingham,Primary,100,99,18,0.99,0.18
Autumn Term,202223,Local Authority,E92000001,England,E12000008,South East,E06000041,Wokingham,Secondary,30000,1000,17,0.03333333333333333,0.0005666666666666667
Autumn Term,202223,Local Authority,E92000001,England,E12000008,South East,E06000041,Wokingham,Special,30000,874,24,0.029133333333333334,0.0008
Autumn Term,202223,Local Authority,E92000001,England,E12000008,South East,E06000042,Milton Keynes,Primary,30000,909,15,0.0303,0.0005
Autumn Term,202223,Local Authority,E92000001,England,E12000008,South East,E06000042,Milton Keynes,Secondary,100,99,13,0.99,0.13
Autumn Term,202223,Local Authority,E92000001,England,E12000008,South East,E06000042,Milton Keynes,Special,100,99,18,0.99,0.18
Autumn Term,202223,Local Authority,E92000001,England,E12000008,South East,E06000043,Brighton and Hove,Primary,100,99,24,0.99,0.24
Autumn Term,202223,Local Authority,E92000001,England,E12000008,South East,E06000043,Brighton and Hove,Secondary,30000,853,21,0.028433333333333335,0.0007
Autumn Term,202223,Local Authority,E92000001,England,E12000008,South East,E06000043,Brighton and Hove,Special,30000,946,21,0.03153333333333333,0.0007
Autumn Term,202223,Local Authority,E92000001,England,E12000008,South East,E06000044,Portsmouth,Primary,30000,707,18,0.023566666666666666,0.0006
Autumn Term,202223,Local Authority,E92000001,England,E12000008,South East,E06000044,Portsmouth,Secondary,30000,976,16,0.03253333333333333,0.0005333333333333334
Autumn Term,202223,Local Authority,E92000001,England,E12000008,South East,E06000044,Portsmouth,Special,30000,975,17,0.0325,0.0005666666666666667
Autumn Term,202223,Local Authority,E92000001,England,E12000008,South East,E06000045,Southampton,Primary,100,99,13,0.99,0.13
Autumn Term,202223,Local Authority,E92000001,England,E12000008,South East,E06000045,Southampton,Secondary,100,99,15,0.99,0.15
Autumn Term,202223,Local Authority,E92000001,England,E12000008,South East,E06000045,Southampton,Special,100,99,17,0.99,0.17
Autumn Term,202223,Local Authority,E92000001,England,E12000008,South East,E06000046,Isle of Wight,Primary,100,99,21,0.99,0.21
Autumn Term,202223,Local Authority,E92000001,England,E12000008,South East,E06000046,Isle of Wight,Secondary,30000,1000,19,0.03333333333333333,0.0006333333333333333
Autumn Term,202223,Local Authority,E92000001,England,E12000008,South East,E06000046,Isle of Wight,Special,30000,1000,30,0.03333333333333333,0.001
Autumn Term,202223,Local Authority,E92000001,England,E12000001,North East,E06000047,County Durham,Primary,30000,836,19,0.027866666666666668,0.0006333333333333333
Autumn Term,202223,Local Authority,E92000001,England,E12000001,North East,E06000047,County Durham,Secondary,30000,888,22,0.0296,0.0007333333333333333
Autumn Term,202223,Local Authority,E92000001,England,E12000001,North East,E06000047,County Durham,Special,30000,941,23,0.03136666666666667,0.0007666666666666667
Autumn Term,202223,Local Authority,E92000001,England,E12000001,North East,E06000048,Northumberland,Primary,100,99,23,0.99,0.23
Autumn Term,202223,Local Authority,E92000001,England,E12000001,North East,E06000048,Northumberland,Secondary,30000,786,17,0.0262,0.0005666666666666667
Autumn Term,202223,Local Authority,E92000001,England,E12000001,North East,E06000048,Northumberland,Special,30000,1000,24,0.03333333333333333,0.0008
Autumn Term,202223,Local Authority,E92000001,England,E12000002,North West,E06000049,Cheshire East,Primary,30000,675,24,0.0225,0.0008
Autumn Term,202223,Local Authority,E92000001,England,E12000002,North West,E06000049,Cheshire East,Secondary,30000,1000,17,0.03333333333333333,0.0005666666666666667
Autumn Term,202223,Local Authority,E92000001,England,E12000002,North West,E06000049,Cheshire East,Special,30000,867,14,0.0289,0.00046666666666666666
Autumn Term,202223,Local Authority,E92000001,England,E12000002,North West,E06000050,Cheshire West and Chester,Primary,100,99,29,0.99,0.29
Autumn Term,202223,Local Authority,E92000001,England,E12000002,North West,E06000050,Cheshire West and Chester,Secondary,30000,901,29,0.030033333333333332,0.0009666666666666667
Autumn Term,202223,Local Authority,E92000001,England,E12000002,North West,E06000050,Cheshire West and Chester,Special,30000,1000,31,0.03333333333333333,0.0010333333333333334
Autumn Term,202223,Local Authority,E92000001,England,E12000005,West Midlands,E06000051,Shropshire,Primary,30000,883,31,0.029433333333333332,0.0010333333333333334
Autumn Term,202223,Local Authority,E92000001,England,E12000005,West Midlands,E06000051,Shropshire,Secondary,100,99,25,0.99,0.25
Autumn Term,202223,Local Authority,E92000001,England,E12000005,West Midlands,E06000051,Shropshire,Special,30000,1000,25,0.03333333333333333,0.0008333333333333334
Autumn Term,202223,Local Authority,E92000001,England,E12000009,South West,E06000052,Cornwall,Primary,30000,1000,16,0.03333333333333333,0.0005333333333333334
Autumn Term,202223,Local Authority,E92000001,England,E12000009,South West,E06000052,Cornwall,Secondary,100,99,19,0.99,0.19
Autumn Term,202223,Local Authority,E92000001,England,E12000009,South West,E06000052,Cornwall,Special,100,99,23,0.99,0.23
Autumn Term,202223,Local Authority,E92000001,England,E12000009,South West,E06000053,Isles of Scilly,Primary,30000,767,16,0.025566666666666668,0.0005333333333333334
Autumn Term,202223,Local Authority,E92000001,England,E12000009,South West,E06000053,Isles of Scilly,Secondary,100,99,15,0.99,0.15
Autumn Term,202223,Local Authority,E92000001,England,E12000009,South West,E06000053,Isles of Scilly,Special,100,99,22,0.99,0.22
Autumn Term,202223,Local Authority,E92000001,England,E12000009,South West,E06000054,Wiltshire,Primary,100,99,18,0.99,0.18
Autumn Term,202223,Local Authority,E92000001,England,E12000009,South West,E06000054,Wiltshire,Secondary,100,99,25,0.99,0.25
Autumn Term,202223,Local Authority,E92000001,England,E12000009,South West,E06000054,Wiltshire,Special,30000,930,21,0.031,0.0007
Autumn Term,202223,Local Authority,E92000001,England,E12000006,East of England,E06000055,Bedford,Primary,30000,1000,17,0.03333333333333333,0.0005666666666666667
Autumn Term,202223,Local Authority,E92000001,England,E12000006,East of England,E06000055,Bedford,Secondary,30000,928,20,0.030933333333333334,0.0006666666666666666
Autumn Term,202223,Local Authority,E92000001,England,E12000006,East of England,E06000055,Bedford,Special,100,99,24,0.99,0.24
Autumn Term,202223,Local Authority,E92000001,England,E12000006,East of England,E06000056,Central Bedfordshire,Primary,100,99,25,0.99,0.25
Autumn Term,202223,Local Authority,E92000001,England,E12000006,East of England,E06000056,Central Bedfordshire,Secondary,100,99,18,0.99,0.18
Autumn Term,202223,Local Authority,E92000001,England,E12000006,East of England,E06000056,Central Bedfordshire,Special,30000,949,20,0.03163333333333333,0.0006666666666666666
Autumn Term,202223,Local Authority,E92000001,England,E12000001,North East,E06000057,Northumberland,Primary,100,99,27,0.99,0.27
Autumn Term,202223,Local Authority,E92000001,England,E12000001,North East,E06000057,Northumberland,Secondary,30000,1000,18,0.03333333333333333,0.0006
Autumn Term,202223,Local Authority,E92000001,England,E12000001,North East,E06000057,Northumberland,Special,100,99,20,0.99,0.2
Autumn Term,202223,Local Authority,E92000001,England,E12000009,South West,E06000058,"Bournemouth, Christchurch and Poole",Primary,30000,1000,14,0.03333333333333333,0.00046666666666666666
Autumn Term,202223,Local Authority,E92000001,England,E12000009,South West,E06000058,"Bournemouth, Christchurch and Poole",Secondary,30000,1000,18,0.03333333333333333,0.0006
Autumn Term,202223,Local Authority,E92000001,England,E12000009,South West,E06000058,"Bournemouth, Christchurch and Poole",Special,100,99,14,0.99,0.14
Autumn Term,202223,Local Authority,E92000001,England,E12000009,South West,E06000059,Dorset,Primary,30000,840,15,0.028,0.0005
Autumn Term,202223,Local Authority,E92000001,England,E12000009,South West,E06000059,Dorset,Secondary,30000,1000,18,0.03333333333333333,0.0006
Autumn Term,202223,Local Authority,E92000001,England,E12000009,South West,E06000059,Dorset,Special,30000,944,21,0.031466666666666664,0.0007
Autumn Term,202223,Local Authority,E92000001,England,E12000008,South East,E06000060,Buckinghamshire,Primary,100,99,28,0.99,0.28
Autumn Term,202223,Local Authority,E92000001,England,E12000008,South East,E06000060,Buckinghamshire,Secondary,100,99,27,0.99,0.27
Autumn Term,202223,Local Authority,E92000001,England,E12000008,South East,E06000060,Buckinghamshire,Special,30000,771,13,0.0257,0.0004333333333333333
Autumn Term,202223,Local Authority,E92000001,England,E12000004,East Midlands,E06000061,North Northamptonshire,Primary,100,99,21,0.99,0.21
Autumn Term,202223,Local Authority,E92000001,England,E12000004,East Midlands,E06000061,North Northamptonshire,Secondary,30000,970,20,0.03233333333333333,0.0006666666666666666
Autumn Term,202223,Local Authority,E92000001,England,E12000004,East Midlands,E06000061,North Northamptonshire,Special,30000,1000,23,0.03333333333333333,0.0007666666666666667
Autumn Term,202223,Local Authority,E92000001,England,E12000004,East Midlands,E06000062,West Northamptonshire,Primary,30000,1000,19,0.03333333333333333,0.0006333333333333333
Autumn Term,202223,Local Authority,E92000001,England,E12000004,East Midlands,E06000062,West Northamptonshire,Secondary,30000,844,24,0.028133333333333333,0.0008
Autumn Term,202223,Local Authority,E92000001,England,E12000004,East Midlands,E06000062,West Northamptonshire,Special,30000,1000,23,0.03333333333333333,0.0007666666666666667
Autumn Term,202223,Local Authority,E92000001,England,E12000002,North West,E06000063,Cumberland,Primary,100,99,20,0.99,0.2
Autumn Term,202223,Local Authority,E92000001,England,E12000002,North West,E06000063,Cumberland,Secondary,30000,883,18,0.029433333333333332,0.0006
Autumn Term,202223,Local Authority,E92000001,England,E12000002,North West,E06000063,Cumberland,Special,30000,803,19,0.026766666666666668,0.0006333333333333333
Autumn Term,202223,Local Authority,E92000001,England,E12000002,North West,E06000064,Westmorland and Furness,Primary,30000,1000,28,0.03333333333333333,0.0009333333333333333
Autumn Term,202223,Local Authority,E92000001,England,E12000002,North West,E06000064,Westmorland and Furness,Secondary,30000,789,28,0.0263,0.0009333333333333333
Autumn Term,202223,Local Authority,E92000001,England,E12000002,North West,E06000064,Westmorland and Furness,Special,30000,1000,20,0.03333333333333333,0.0006666666666666666
Autumn Term,202223,Local Authority,E92000001,England,E12000003,Yorkshire and The Humber,E06000065,North Yorkshire,Primary,30000,862,14,0.028733333333333333,0.00046666666666666666
Autumn Term,202223,Local Authority,E92000001,England,E12000003,Yorkshire and The Humber,E06000065,North Yorkshire,Secondary,100,99,19,0.99,0.19
Autumn Term,202223,Local Authority,E92000001,England,E12000003,Yorkshire and The Humber,E06000065,North Yorkshire,Special,30000,973,25,0.032433333333333335,0.0008333333333333334
Autumn Term,202223,Local Authority,E92000001,England,E12000009,South West,E06000066,Somerset,Primary,30000,1000,16,0.03333333333333333,0.0005333333333333334
Autumn Term,202223,Local Authority,E92000001,England,E12000009,South West,E06000066,Somerset,Secondary,30000,978,22,0.0326,0.0007333333333333333
Autumn Term,202223,Local Authority,E92000001,England,E12000009,South West,E06000066,Somerset,Special,30000,731,20,0.024366666666666665,0.0006666666666666666
Autumn Term,202223,Local Authority,E92000001,England,E12000002,North West,E08000001,Bolton,Primary,100,99,25,0.99,0.25
Autumn Term,202223,Local Authority,E92000001,England,E12000002,North West,E08000001,Bolton,Secondary,30000,822,16,0.0274,0.0005333333333333334
Autumn Term,202223,Local Authority,E92000001,England,E12000002,North West,E08000001,Bolton,Special,30000,937,20,0.03123333333333333,0.0006666666666666666
Autumn Term,202223,Local Authority,E92000001,England,E12000002,North West,E08000002,Bury,Primary,30000,1000,30,0.03333333333333333,0.001
Autumn Term,202223,Local Authority,E92000001,England,E12000002,North West,E08000002,Bury,Secondary,30000,1000,11,0.03333333333333333,0.00036666666666666667
Autumn Term,202223,Local Authority,E92000001,England,E12000002,North West,E08000002,Bury,Special,100,99,17,0.99,0.17
Autumn Term,202223,Local Authority,E92000001,England,E12000002,North West,E08000003,Manchester,Primary,100,99,19,0.99,0.19
Autumn Term,202223,Local Authority,E92000001,England,E12000002,North West,E08000003,Manchester,Secondary,30000,855,17,0.0285,0.0005666666666666667
Autumn Term,202223,Local Authority,E92000001,England,E12000002,North West,E08000003,Manchester,Special,100,99,13,0.99,0.13
Autumn Term,202223,Local Authority,E92000001,England,E12000002,North West,E08000004,Oldham,Primary,30000,560,22,0.018666666666666668,0.0007333333333333333
Autumn Term,202223,Local Authority,E92000001,England,E12000002,North West,E08000004,Oldham,Secondary,30000,814,20,0.027133333333333332,0.0006666666666666666
Autumn Term,202223,Local Authority,E92000001,England,E12000002,North West,E08000004,Oldham,Special,30000,912,19,0.0304,0.0006333333333333333
Autumn Term,202223,Local Authority,E92000001,England,E12000002,North West,E08000005,Rochdale,Primary,30000,1000,12,0.03333333333333333,0.0004
Autumn Term,202223,Local Authority,E92000001,England,E12000002,North West,E08000005,Rochdale,Secondary,30000,834,20,0.0278,0.0006666666666666666
Autumn Term,202223,Local Authority,E92000001,England,E12000002,North West,E08000005,Rochdale,Special,30000,891,19,0.0297,0.0006333333333333333
Autumn Term,202223,Local Authority,E92000001,England,E12000002,North West,E08000006,Salford,Primary,30000,830,11,0.027666666666666666,0.00036666666666666667
Autumn Term,202223,Local Authority,E92000001,England,E12000002,North West,E08000006,Salford,Secondary,30000,1000,23,0.03333333333333333,0.0007666666666666667
Autumn Term,202223,Local Authority,E92000001,England,E12000002,North West,E08000006,Salford,Special,30000,1000,22,0.03333333333333333,0.0007333333333333333
Autumn Term,202223,Local Authority,E92000001,England,E12000002,North West,E08000007,Stockport,Primary,100,99,16,0.99,0.16
Autumn Term,202223,Local Authority,E92000001,England,E12000002,North West,E08000007,Stockport,Secondary,30000,550,18,0.018333333333333333,0.0006
Autumn Term,202223,Local Authority,E92000001,England,E12000002,North West,E08000007,Stockport,Special,30000,1000,18,0.03333333333333333,0.0006
Autumn Term,202223,Local Authority,E92000001,England,E12000002,North West,E08000008,Tameside,Primary,30000,990,18,0.033,0.0006
Autumn Term,202223,Local Authority,E92000001,England,E12000002,North West,E08000008,Tameside,Secondary,30000,1000,17,0.03333333333333333,0.0005666666666666667
Autumn Term,202223,Local Authority,E92000001,England,E12000002,North West,E08000008,Tameside,Special,100,99,24,0.99,0.24
Autumn Term,202223,Local Authority,E92000001,England,E12000002,North West,E08000009,Trafford,Primary,30000,1000,23,0.03333333333333333,0.0007666666666666667
Autumn Term,202223,Local Authority,E92000001,England,E12000002,North West,E08000009,Trafford,Secondary,100,99,18,0.99,0.18
Autumn Term,202223,Local Authority,E92000001,England,E12000002,North West,E08000009,Trafford,Special,30000,790,18,0.026333333333333334,0.0006
Autumn Term,202223,Local Authority,E92000001,England,E12000002,North West,E08000010,Wigan,Primary,30000,896,23,0.029866666666666666,0.0007666666666666667
Autumn Term,202223,Local Authority,E92000001,England,E12000002,North West,E08000010,Wigan,Secondary,30000,741,19,0.0247,0.0006333333333333333
Autumn Term,202223,Local Authority,E92000001,England,E12000002,North West,E08000010,Wigan,Special,100,99,14,0.99,0.14
Autumn Term,202223,Local Authority,E92000001,England,E12000002,North West,E08000011,Knowsley,Primary,30000,993,15,0.0331,0.0005
Autumn Term,202223,Local Authority,E92000001,England,E12000002,North West,E08000011,Knowsley,Secondary,100,99,18,0.99,0.18
Autumn Term,202223,Local Authority,E92000001,England,E12000002,North West,E08000011,Knowsley,Special,30000,782,25,0.026066666666666665,0.0008333333333333334
Autumn Term,202223,Local Authority,E92000001,England,E12000002,North West,E08000012,Liverpool,Primary,100,99,24,0.99,0.24
Autumn Term,202223,Local Authority,E92000001,England,E12000002,North West,E08000012,Liverpool,Secondary,100,99,21,0.99,0.21
Autumn Term,202223,Local Authority,E92000001,England,E12000002,North West,E08000012,Liverpool,Special,30000,982,19,0.032733333333333337,0.0006333333333333333
Autumn Term,202223,Local Authority,E92000001,England,E12000002,North West,E08000013,St. Helens,Primary,30000,945,18,0.0315,0.0006
Autumn Term,202223,Local Authority,E92000001,England,E12000002,North West,E08000013,St. Helens,Secondary,100,99,21,0.99,0.21
Autumn Term,202223,Local Authority,E92000001,England,E12000002,North West,E08000013,St. Helens,Special,30000,1000,17,0.03333333333333333,0.0005666666666666667
Autumn Term,202223,Local Authority,E92000001,England,E12000002,North West,E08000014,Sefton,Primary,100,99,17,0.99,0.17
Autumn Term,202223,Local Authority,E92000001,England,E12000002,North West,E08000014,Sefton,Secondary,30000,1000,26,0.03333333333333333,0.0008666666666666666
Autumn Term,202223,Local Authority,E92000001,England,E12000002,North West,E08000014,Sefton,Special,30000,1000,31,0.03333333333333333,0.0010333333333333334
Autumn Term,202223,Local Authority,E92000001,England,E12000002,North West,E08000015,Wirral,Primary,100,99,19,0.99,0.19
Autumn Term,202223,Local Authority,E92000001,England,E12000002,North West,E08000015,Wirral,Secondary,30000,849,16,0.0283,0.0005333333333333334
Autumn Term,202223,Local Authority,E92000001,England,E12000002,North West,E08000015,Wirral,Special,100,99,21,0.99,0.21
Autumn Term,202223,Local Authority,E92000001,England,E12000003,Yorkshire and The Humber,E08000016,Barnsley,Primary,30000,959,25,0.031966666666666664,0.0008333333333333334
Autumn Term,202223,Local Authority,E92000001,England,E12000003,Yorkshire and The Humber,E08000016,Barnsley,Secondary,30000,795,18,0.0265,0.0006
Autumn Term,202223,Local Authority,E92000001,England,E12000003,Yorkshire and The Humber,E08000016,Barnsley,Special,30000,887,19,0.029566666666666668,0.0006333333333333333
Autumn Term,202223,Local Authority,E92000001,England,E12000003,Yorkshire and The Humber,E08000017,Doncaster,Primary,100,99,18,0.99,0.18
Autumn Term,202223,Local Authority,E92000001,England,E12000003,Yorkshire and The Humber,E08000017,Doncaster,Secondary,100,99,20,0.99,0.2
Autumn Term,202223,Local Authority,E92000001,England,E12000003,Yorkshire and The Humber,E08000017,Doncaster,Special,30000,815,21,0.027166666666666665,0.0007
Autumn Term,202223,Local Authority,E92000001,England,E12000003,Yorkshire and The Humber,E08000018,Rotherham,Primary,30000,753,22,0.0251,0.0007333333333333333
Autumn Term,202223,Local Authority,E92000001,England,E12000003,Yorkshire and The Humber,E08000018,Rotherham,Secondary,30000,1000,19,0.03333333333333333,0.0006333333333333333
Autumn Term,202223,Local Authority,E92000001,England,E12000003,Yorkshire and The Humber,E08000018,Rotherham,Special,100,99,15,0.99,0.15
Autumn Term,202223,Local Authority,E92000001,England,E12000003,Yorkshire and The Humber,E08000019,Sheffield,Primary,100,99,24,0.99,0.24
Autumn Term,202223,Local Authority,E92000001,England,E12000003,Yorkshire and The Humber,E08000019,Sheffield,Secondary,30000,1000,19,0.03333333333333333,0.0006333333333333333
Autumn Term,202223,Local Authority,E92000001,England,E12000003,Yorkshire and The Humber,E08000019,Sheffield,Special,30000,1000,22,0.03333333333333333,0.0007333333333333333
Autumn Term,202223,Local Authority,E92000001,England,E12000001,North East,E08000020,Gateshead,Primary,30000,1000,30,0.03333333333333333,0.001
Autumn Term,202223,Local Authority,E92000001,England,E12000001,North East,E08000020,Gateshead,Secondary,30000,968,17,0.032266666666666666,0.0005666666666666667
Autumn Term,202223,Local Authority,E92000001,England,E12000001,North East,E08000020,Gateshead,Special,100,99,25,0.99,0.25
Autumn Term,202223,Local Authority,E92000001,England,E12000001,North East,E08000021,Newcastle upon Tyne,Primary,100,99,32,0.99,0.32
Autumn Term,202223,Local Authority,E92000001,England,E12000001,North East,E08000021,Newcastle upon Tyne,Secondary,100,99,21,0.99,0.21
Autumn Term,202223,Local Authority,E92000001,England,E12000001,North East,E08000021,Newcastle upon Tyne,Special,30000,964,22,0.03213333333333333,0.0007333333333333333
Autumn Term,202223,Local Authority,E92000001,England,E12000001,North East,E08000022,North Tyneside,Primary,100,99,7,0.99,0.07
Autumn Term,202223,Local Authority,E92000001,England,E12000001,North East,E08000022,North Tyneside,Secondary,30000,883,27,0.029433333333333332,0.0009
Autumn Term,202223,Local Authority,E92000001,England,E12000001,North East,E08000022,North Tyneside,Special,30000,1000,31,0.03333333333333333,0.0010333333333333334
Autumn Term,202223,Local Authority,E92000001,England,E12000001,North East,E08000023,South Tyneside,Primary,100,99,23,0.99,0.23
Autumn Term,202223,Local Authority,E92000001,England,E12000001,North East,E08000023,South Tyneside,Secondary,30000,949,21,0.03163333333333333,0.0007
Autumn Term,202223,Local Authority,E92000001,England,E12000001,North East,E08000023,South Tyneside,Special,30000,1000,20,0.03333333333333333,0.0006666666666666666
Autumn Term,202223,Local Authority,E92000001,England,E12000001,North East,E08000024,Sunderland,Primary,30000,887,24,0.029566666666666668,0.0008
Autumn Term,202223,Local Authority,E92000001,England,E12000001,North East,E08000024,Sunderland,Secondary,100,99,23,0.99,0.23
Autumn Term,202223,Local Authority,E92000001,England,E12000001,North East,E08000024,Sunderland,Special,100,99,21,0.99,0.21
Autumn Term,202223,Local Authority,E92000001,England,E12000005,West Midlands,E08000025,Birmingham,Primary,100,99,27,0.99,0.27
Autumn Term,202223,Local Authority,E92000001,England,E12000005,West Midlands,E08000025,Birmingham,Secondary,30000,1000,20,0.03333333333333333,0.0006666666666666666
Autumn Term,202223,Local Authority,E92000001,England,E12000005,West Midlands,E08000025,Birmingham,Special,30000,933,12,0.0311,0.0004
Autumn Term,202223,Local Authority,E92000001,England,E12000005,West Midlands,E08000026,Coventry,Primary,100,99,20,0.99,0.2
Autumn Term,202223,Local Authority,E92000001,England,E12000005,West Midlands,E08000026,Coventry,Secondary,100,99,20,0.99,0.2
Autumn Term,202223,Local Authority,E92000001,England,E12000005,West Midlands,E08000026,Coventry,Special,100,99,21,0.99,0.21
Autumn Term,202223,Local Authority,E92000001,England,E12000005,West Midlands,E08000027,Dudley,Primary,100,99,21,0.99,0.21
Autumn Term,202223,Local Authority,E92000001,England,E12000005,West Midlands,E08000027,Dudley,Secondary,30000,890,14,0.029666666666666668,0.00046666666666666666
Autumn Term,202223,Local Authority,E92000001,England,E12000005,West Midlands,E08000027,Dudley,Special,100,99,26,0.99,0.26
Autumn Term,202223,Local Authority,E92000001,England,E12000005,West Midlands,E08000028,Sandwell,Primary,30000,809,34,0.026966666666666667,0.0011333333333333334
Autumn Term,202223,Local Authority,E92000001,England,E12000005,West Midlands,E08000028,Sandwell,Secondary,100,99,27,0.99,0.27
Autumn Term,202223,Local Authority,E92000001,England,E12000005,West Midlands,E08000028,Sandwell,Special,100,99,18,0.99,0.18
Autumn Term,202223,Local Authority,E92000001,England,E12000005,West Midlands,E08000029,Solihull,Primary,30000,982,21,0.032733333333333337,0.0007
Autumn Term,202223,Local Authority,E92000001,England,E12000005,West Midlands,E08000029,Solihull,Secondary,30000,979,27,0.032633333333333334,0.0009
Autumn Term,202223,Local Authority,E92000001,England,E12000005,West Midlands,E08000029,Solihull,Special,100,99,21,0.99,0.21
Autumn Term,202223,Local Authority,E92000001,England,E12000005,West Midlands,E08000030,Walsall,Primary,100,99,20,0.99,0.2
Autumn Term,202223,Local Authority,E92000001,England,E12000005,West Midlands,E08000030,Walsall,Secondary,100,99,15,0.99,0.15
Autumn Term,202223,Local Authority,E92000001,England,E12000005,West Midlands,E08000030,Walsall,Special,30000,926,26,0.030866666666666667,0.0008666666666666666
Autumn Term,202223,Local Authority,E92000001,England,E12000005,West Midlands,E08000031,Wolverhampton,Primary,30000,990,18,0.033,0.0006
Autumn Term,202223,Local Authority,E92000001,England,E12000005,West Midlands,E08000031,Wolverhampton,Secondary,100,99,12,0.99,0.12
Autumn Term,202223,Local Authority,E92000001,England,E12000005,West Midlands,E08000031,Wolverhampton,Special,30000,938,15,0.031266666666666665,0.0005
Autumn Term,202223,Local Authority,E92000001,England,E12000003,Yorkshire and The Humber,E08000032,Bradford,Primary,30000,885,23,0.0295,0.0007666666666666667
Autumn Term,202223,Local Authority,E92000001,England,E12000003,Yorkshire and The Humber,E08000032,Bradford,Secondary,30000,939,15,0.0313,0.0005
Autumn Term,202223,Local Authority,E92000001,England,E12000003,Yorkshire and The Humber,E08000032,Bradford,Special,30000,899,16,0.029966666666666666,0.0005333333333333334
Autumn Term,202223,Local Authority,E92000001,England,E12000003,Yorkshire and The Humber,E08000033,Calderdale,Primary,30000,988,18,0.032933333333333335,0.0006
Autumn Term,202223,Local Authority,E92000001,England,E12000003,Yorkshire and The Humber,E08000033,Calderdale,Secondary,100,99,21,0.99,0.21
Autumn Term,202223,Local Authority,E92000001,England,E12000003,Yorkshire and The Humber,E08000033,Calderdale,Special,30000,1000,25,0.03333333333333333,0.0008333333333333334
Autumn Term,202223,Local Authority,E92000001,England,E12000003,Yorkshire and The Humber,E08000034,Kirklees,Primary,100,99,19,0.99,0.19
Autumn Term,202223,Local Authority,E92000001,England,E12000003,Yorkshire and The Humber,E08000034,Kirklees,Secondary,30000,1000,14,0.03333333333333333,0.00046666666666666666
Autumn Term,202223,Local Authority,E92000001,England,E12000003,Yorkshire and The Humber,E08000034,Kirklees,Special,100,99,21,0.99,0.21
Autumn Term,202223,Local Authority,E92000001,England,E12000003,Yorkshire and The Humber,E08000035,Leeds,Primary,30000,692,22,0.023066666666666666,0.0007333333333333333
Autumn Term,202223,Local Authority,E92000001,England,E12000003,Yorkshire and The Humber,E08000035,Leeds,Secondary,30000,949,20,0.03163333333333333,0.0006666666666666666
Autumn Term,202223,Local Authority,E92000001,England,E12000003,Yorkshire and The Humber,E08000035,Leeds,Special,30000,925,21,0.030833333333333334,0.0007
Autumn Term,202223,Local Authority,E92000001,England,E12000003,Yorkshire and The Humber,E08000036,Wakefield,Primary,30000,894,13,0.0298,0.0004333333333333333
Autumn Term,202223,Local Authority,E92000001,England,E12000003,Yorkshire and The Humber,E08000036,Wakefield,Secondary,100,99,11,0.99,0.11
Autumn Term,202223,Local Authority,E92000001,England,E12000003,Yorkshire and The Humber,E08000036,Wakefield,Special,30000,870,16,0.029,0.0005333333333333334
Autumn Term,202223,Local Authority,E92000001,England,E12000001,North East,E08000037,Gateshead,Primary,100,99,19,0.99,0.19
Autumn Term,202223,Local Authority,E92000001,England,E12000001,North East,E08000037,Gateshead,Secondary,100,99,19,0.99,0.19
Autumn Term,202223,Local Authority,E92000001,England,E12000001,North East,E08000037,Gateshead,Special,100,99,16,0.99,0.16
Autumn Term,202223,Local Authority,E92000001,England,E12000003,Yorkshire and The Humber,E08000038,Barnsley,Primary,30000,704,14,0.023466666666666667,0.00046666666666666666
Autumn Term,202223,Local Authority,E92000001,England,E12000003,Yorkshire and The Humber,E08000038,Barnsley,Secondary,30000,1000,19,0.03333333333333333,0.0006333333333333333
Autumn Term,202223,Local Authority,E92000001,England,E12000003,Yorkshire and The Humber,E08000038,Barnsley,Special,30000,958,19,0.031933333333333334,0.0006333333333333333
Autumn Term,202223,Local Authority,E92000001,England,E12000003,Yorkshire and The Humber,E08000039,Sheffield,Primary,100,99,15,0.99,0.15
Autumn Term,202223,Local Authority,E92000001,England,E12000003,Yorkshire and The Humber,E08000039,Sheffield,Secondary,30000,922,22,0.030733333333333335,0.0007333333333333333
Autumn Term,202223,Local Authority,E92000001,England,E12000003,Yorkshire and The Humber,E08000039,Sheffield,Special,100,99,13,0.99,0.13
Autumn Term,202223,Local Authority,E92000001,England,E12000007,London,E09000001,City of London,Primary,30000,921,18,0.0307,0.0006
Autumn Term,202223,Local Authority,E92000001,England,E12000007,London,E09000001,City of London,Secondary,30000,765,21,0.0255,0.0007
Autumn Term,202223,Local Authority,E92000001,England,E12000007,London,E09000001,City of London,Special,100,99,21,0.99,0.21
Autumn Term,202223,Local Authority,E92000001,England,E12000007,London,E09000002,Barking and Dagenham,Primary,100,99,12,0.99,0.12
Autumn Term,202223,Local Authority,E92000001,England,E12000007,London,E09000002,Barking and Dagenham,Secondary,100,99,21,0.99,0.21
Autumn Term,202223,Local Authority,E92000001,England,E12000007,London,E09000002,Barking and Dagenham,Special,100,99,28,0.99,0.28
Autumn Term,202223,Local Authority,E92000001,England,E12000007,London,E09000003,Barnet,Primary,30000,1000,19,0.03333333333333333,0.0006333333333333333
Autumn Term,202223,Local Authority,E92000001,England,E12000007,London,E09000003,Barnet,Secondary,100,99,17,0.99,0.17
Autumn Term,202223,Local Authority,E92000001,England,E12000007,London,E09000003,Barnet,Special,30000,755,23,0.025166666666666667,0.0007666666666666667
Autumn Term,202223,Local Authority,E92000001,England,E12000007,London,E09000004,Bexley,Primary,100,99,24,0.99,0.24
Autumn Term,202223,Local Authority,E92000001,England,E12000007,London,E09000004,Bexley,Secondary,30000,1000,18,0.03333333333333333,0.0006
Autumn Term,202223,Local Authority,E92000001,England,E12000007,London,E09000004,Bexley,Special,30000,1000,19,0.03333333333333333,0.0006333333333333333
Autumn Term,202223,Local Authority,E92000001,England,E12000007,London,E09000005,Brent,Primary,30000,915,29,0.0305,0.0009666666666666667
Autumn Term,202223,Local Authority,E92000001,England,E12000007,London,E09000005,Brent,Secondary,100,99,23,0.99,0.23
Autumn Term,202223,Local Authority,E92000001,England,E12000007,London,E09000005,Brent,Special,30000,986,14,0.03286666666666667,0.00046666666666666666
Autumn Term,202223,Local Authority,E92000001,England,E12000007,London,E09000006,Bromley,Primary,30000,753,13,0.0251,0.0004333333333333333
Autumn Term,202223,Local Authority,E92000001,England,E12000007,London,E09000006,Bromley,Secondary,100,99,20,0.99,0.2
Autumn Term,202223,Local Authority,E92000001,England,E12000007,London,E09000006,Bromley,Special,100,99,16,0.99,0.16
Autumn Term,202223,Local Authority,E92000001,England,E12000007,London,E09000007,Camden,Primary,100,99,11,0.99,0.11
Autumn Term,202223,Local Authority,E92000001,England,E12000007,London,E09000007,Camden,Secondary,30000,858,16,0.0286,0.0005333333333333334
Autumn Term,202223,Local Authority,E92000001,England,E12000007,London,E09000007,Camden,Special,100,99,19,0.99,0.19
Autumn Term,202223,Local Authority,E92000001,England,E12000007,London,E09000008,Croydon,Primary,100,99,30,0.99,0.3
Autumn Term,202223,Local Authority,E92000001,England,E12000007,London,E09000008,Croydon,Secondary,100,99,19,0.99,0.19
Autumn Term,202223,Local Authority,E92000001,England,E12000007,London,E09000008,Croydon,Special,100,99,13,0.99,0.13
Autumn Term,202223,Local Authority,E92000001,England,E12000007,London,E09000009,Ealing,Primary,30000,751,21,0.025033333333333335,0.0007
Autumn Term,202223,Local Authority,E92000001,England,E12000007,London,E09000009,Ealing,Secondary,30000,969,19,0.0323,0.0006333333333333333
Autumn Term,202223,Local Authority,E92000001,England,E12000007,London,E09000009,Ealing,Special,30000,915,19,0.0305,0.0006333333333333333
Autumn Term,202223,Local Authority,E92000001,England,E12000007,London,E09000010,Enfield,Primary,30000,1000,26,0.03333333333333333,0.0008666666666666666
Autumn Term,202223,Local Authority,E92000001,England,E12000007,London,E09000010,Enfield,Secondary,100,99,18,0.99,0.18
Autumn Term,202223,Local Authority,E92000001,England,E12000007,London,E09000010,Enfield,Special,30000,884,16,0.029466666666666665,0.0005333333333333334
Autumn Term,202223,Local Authority,E92000001,England,E12000007,London,E09000011,Greenwich,Primary,100,99,18,0.99,0.18
Autumn Term,202223,Local Authority,E92000001,England,E12000007,London,E09000011,Greenwich,Secondary,30000,783,18,0.0261,0.0006
Autumn Term,202223,Local Authority,E92000001,England,E12000007,London,E09000011,Greenwich,Special,30000,1000,16,0.03333333333333333,0.0005333333333333334
Autumn Term,202223,Local Authority,E92000001,England,E12000007,London,E09000012,Hackney,Primary,100,99,15,0.99,0.15
Autumn Term,202223,Local Authority,E92000001,England,E12000007,London,E09000012,Hackney,Secondary,30000,1000,27,0.03333333333333333,0.0009
Autumn Term,202223,Local Authority,E92000001,England,E12000007,London,E09000012,Hackney,Special,30000,733,22,0.024433333333333335,0.0007333333333333333
Autumn Term,202223,Local Authority,E92000001,England,E12000007,London,E09000013,Hammersmith and Fulham,Primary,100,99,24,0.99,0.24
Autumn Term,202223,Local Authority,E92000001,England,E12000007,London,E09000013,Hammersmith and Fulham,Secondary,100,99,20,0.99,0.2
Autumn Term,202223,Local Authority,E92000001,England,E12000007,London,E09000013,Hammersmith and Fulham,Special,100,99,23,0.99,0.23
Autumn Term,202223,Local Authority,E92000001,England,E12000007,London,E09000014,Haringey,Primary,100,99,10,0.99,0.1
Autumn Term,202223,Local Authority,E92000001,England,E12000007,London,E09000014,Haringey,Secondary,30000,801,22,0.0267,0.0007333333333333333
Autumn Term,202223,Local Authority,E92000001,England,E12000007,London,E09000014,Haringey,Special,30000,950,19,0.03166666666666667,0.0006333333333333333
Autumn Term,202223,Local Authority,E92000001,England,E12000007,London,E09000015,Harrow,Primary,30000,824,23,0.027466666666666667,0.0007666666666666667
Autumn Term,202223,Local Authority,E92000001,England,E12000007,London,E09000015,Harrow,Secondary,30000,773,12,0.025766666666666667,0.0004
Autumn Term,202223,Local Authority,E92000001,England,E12000007,London,E09000015,Harrow,Special,30000,891,20,0.0297,0.0006666666666666666
Autumn Term,202223,Local Authority,E92000001,England,E12000007,London,E09000016,Havering,Primary,30000,1000,26,0.03333333333333333,0.0008666666666666666
Autumn Term,202223,Local Authority,E92000001,England,E12000007,London,E09000016,Havering,Secondary,100,99,16,0.99,0.16
Autumn Term,202223,Local Authority,E92000001,England,E12000007,London,E09000016,Havering,Special,30000,990,17,0.033,0.0005666666666666667
Autumn Term,202223,Local Authority,E92000001,England,E12000007,London,E09000017,Hillingdon,Primary,30000,1000,18,0.03333333333333333,0.0006
Autumn Term,202223,Local Authority,E92000001,England,E12000007,London,E09000017,Hillingdon,Secondary,100,99,16,0.99,0.16
Autumn Term,202223,Local Authority,E92000001,England,E12000007,London,E09000017,Hillingdon,Special,30000,756,22,0.0252,0.0007333333333333333
Autumn Term,202223,Local Authority,E92000001,England,E12000007,London,E09000018,Hounslow,Primary,30000,835,30,0.027833333333333335,0.001
Autumn Term,202223,Local Authority,E92000001,England,E12000007,London,E09000018,Hounslow,Secondary,100,99,24,0.99,0.24
Autumn Term,202223,Local Authority,E92000001,England,E12000007,London,E09000018,Hounslow,Special,100,99,18,0.99,0.18
Autumn Term,202223,Local Authority,E92000001,England,E12000007,London,E09000019,Islington,Primary,30000,831,22,0.0277,0.0007333333333333333
Autumn Term,202223,Local Authority,E92000001,England,E12000007,London,E09000019,Islington,Secondary,100,99,18,0.99,0.18
Autumn Term,202223,Local Authority,E92000001,England,E12000007,London,E09000019,Islington,Special,100,99,25,0.99,0.25
Autumn Term,202223,Local Authority,E92000001,England,E12000007,London,E09000020,Kensington and Chelsea,Primary,30000,882,16,0.0294,0.0005333333333333334
Autumn Term,202223,Local Authority,E92000001,England,E12000007,London,E09000020,Kensington and Chelsea,Secondary,30000,899,25,0.029966666666666666,0.0008333333333333334
Autumn Term,202223,Local Authority,E92000001,England,E12000007,London,E09000020,Kensington and Chelsea,Special,30000,871,20,0.029033333333333335,0.0006666666666666666
Autumn Term,202223,Local Authority,E92000001,England,E12000007,London,E09000021,Kingston upon Thames,Primary,30000,1000,21,0.03333333333333333,0.0007
Autumn Term,202223,Local Authority,E92000001,England,E12000007,London,E09000021,Kingston upon Thames,Secondary,100,99,17,0.99,0.17
Autumn Term,202223,Local Authority,E92000001,England,E12000007,London,E09000021,Kingston upon Thames,Special,30000,860,22,0.028666666666666667,0.0007333333333333333
Autumn Term,202223,Local Authority,E92000001,England,E12000007,London,E09000022,Lambeth,Primary,30000,874,25,0.029133333333333334,0.0008333333333333334
Autumn Term,202223,Local Authority,E92000001,England,E12000007,London,E09000022,Lambeth,Secondary,100,99,25,0.99,0.25
Autumn Term,202223,Local Authority,E92000001,England,E12000007,London,E09000022,Lambeth,Special,100,99,16,0.99,0.16
Autumn Term,202223,Local Authority,E92000001,England,E12000007,London,E09000023,Lewisham,Primary,100,99,24,0.99,0.24
Autumn Term,202223,Local Authority,E92000001,England,E12000007,London,E09000023,Lewisham,Secondary,30000,1000,17,0.03333333333333333,0.0005666666666666667
Autumn Term,202223,Local Authority,E92000001,England,E12000007,London,E09000023,Lewisham,Special,30000,1000,24,0.03333333333333333,0.0008
Autumn Term,202223,Local Authority,E92000001,England,E12000007,London,E09000024,Merton,Primary,100,99,21,0.99,0.21
Autumn Term,202223,Local Authority,E92000001,England,E12000007,London,E09000024,Merton,Secondary,100,99,28,0.99,0.28
Autumn Term,202223,Local Authority,E92000001,England,E12000007,London,E09000024,Merton,Special,30000,905,20,0.030166666666666668,0.0006666666666666666
Autumn Term,202223,Local Authority,E92000001,England,E12000007,London,E09000025,Newham,Primary,100,99,19,0.99,0.19
Autumn Term,202223,Local Authority,E92000001,England,E12000007,London,E09000025,Newham,Secondary,30000,1000,17,0.03333333333333333,0.0005666666666666667
Autumn Term,202223,Local Authority,E92000001,England,E12000007,London,E09000025,Newham,Special,30000,805,28,0.026833333333333334,0.0009333333333333333
Autumn Term,202223,Local Authority,E92000001,England,E12000007,London,E09000026,Redbridge,Primary,30000,883,19,0.029433333333333332,0.0006333333333333333
Autumn Term,202223,Local Authority,E92000001,England,E12000007,London,E09000026,Redbridge,Secondary,30000,1000,19,0.03333333333333333,0.0006333333333333333
Autumn Term,202223,Local Authority,E92000001,England,E12000007,London,E09000026,Redbridge,Special,30000,1000,23,0.03333333333333333,0.0007666666666666667
Autumn Term,202223,Local Authority,E92000001,England,E12000007,London,E09000027,Richmond upon Thames,Primary,30000,991,19,0.03303333333333333,0.0006333333333333333
Autumn Term,202223,Local Authority,E92000001,England,E12000007,London,E09000027,Richmond upon Thames,Secondary,30000,1000,9,0.03333333333333333,0.0003
Autumn Term,202223,Local Authority,E92000001,England,E12000007,London,E09000027,Richmond upon Thames,Special,100,99,17,0.99,0.17
Autumn Term,202223,Local Authority,E92000001,England,E12000007,London,E09000028,Southwark,Primary,100,99,22,0.99,0.22
Autumn Term,202223,Local Authority,E92000001,England,E12000007,London,E09000028,Southwark,Secondary,30000,807,22,0.0269,0.0007333333333333333
Autumn Term,202223,Local Authority,E92000001,England,E12000007,London,E09000028,Southwark,Special,30000,792,14,0.0264,0.00046666666666666666
Autumn Term,202223,Local Authority,E92000001,England,E12000007,London,E09000029,Sutton,Primary,100,99,18,0.99,0.18
Autumn Term,202223,Local Authority,E92000001,England,E12000007,London,E09000029,Sutton,Secondary,30000,917,18,0.030566666666666666,0.0006
Autumn Term,202223,Local Authority,E92000001,England,E12000007,London,E09000029,Sutton,Special,30000,921,24,0.0307,0.0008
Autumn Term,202223,Local Authority,E92000001,England,E12000007,London,E09000030,Tower Hamlets,Primary,30000,932,17,0.031066666666666666,0.0005666666666666667
Autumn Term,202223,Local Authority,E92000001,England,E12000007,London,E09000030,Tower Hamlets,Secondary,100,99,22,0.99,0.22
Autumn Term,202223,Local Authority,E92000001,England,E12000007,London,E09000030,Tower Hamlets,Special,100,99,19,0.99,0.19
Autumn Term,202223,Local Authority,E92000001,England,E12000007,London,E09000031,Waltham Forest,Primary,100,99,25,0.99,0.25
Autumn Term,202223,Local Authority,E92000001,England,E12000007,London,E09000031,Waltham Forest,Secondary,30000,1000,16,0.03333333333333333,0.0005333333333333334
Autumn Term,202223,Local Authority,E92000001,England,E12000007,London,E09000031,Waltham Forest,Special,100,99,32,0.99,0.32
Autumn Term,202223,Local Authority,E92000001,England,E12000007,London,E09000032,Wandsworth,Primary,30000,1000,20,0.03333333333333333,0.0006666666666666666
Autumn Term,202223,Local Authority,E92000001,England,E12000007,London,E09000032,Wandsworth,Secondary,100,99,13,0.99,0.13
Autumn Term,202223,Local Authority,E92000001,England,E12000007,London,E09000032,Wandsworth,Special,30000,977,18,0.03256666666666667,0.0006
Autumn Term,202223,Local Authority,E92000001,England,E12000007,London,E09000033,Westminster,Primary,30000,876,24,0.0292,0.0008
Autumn Term,202223,Local Authority,E92000001,England,E12000007,London,E09000033,Westminster,Secondary,30000,914,16,0.030466666666666666,0.0005333333333333334
Autumn Term,202223,Local Authority,E92000001,England,E12000007,London,E09000033,Westminster,Special,100,99,20,0.99,0.2
Autumn Term,202223,Local Authority,E92000001,England,E12000006,East of England,E10000001,Bedfordshire,Primary,30000,898,23,0.029933333333333333,0.0007666666666666667
Autumn Term,202223,Local Authority,E92000001,England,E12000006,East of England,E10000001,Bedfordshire,Secondary,30000,896,27,0.029866666666666666,0.0009
Autumn Term,202223,Local Authority,E92000001,England,E12000006,East of England,E10000001,Bedfordshire,Special,100,99,26,0.99,0.26
Autumn Term,202223,Local Authority,E92000001,England,E12000008,South East,E10000002,Buckinghamshire,Primary,100,99,25,0.99,0.25
Autumn Term,202223,Local Authority,E92000001,England,E12000008,South East,E10000002,Buckinghamshire,Secondary,30000,1000,18,0.03333333333333333,0.0006
Autumn Term,202223,Local Authority,E92000001,England,E12000008,South East,E10000002,Buckinghamshire,Special,100,99,11,0.99,0.11
Autumn Term,202223,Local Authority,E92000001,England,E12000006,East of England,E10000003,Cambridgeshire,Primary,30000,1000,25,0.03333333333333333,0.0008333333333333334
Autumn Term,202223,Local Authority,E92000001,England,E12000006,East of England,E10000003,Cambridgeshire,Secondary,100,99,16,0.99,0.16
Autumn Term,202223,Local Authority,E92000001,England,E12000006,East of England,E10000003,Cambridgeshire,Special,30000,1000,19,0.03333333333333333,0.0006333333333333333
Autumn Term,202223,Local Authority,E92000001,England,E12000002,North West,E10000004,Cheshire,Primary,30000,871,19,0.029033333333333335,0.0006333333333333333
Autumn Term,202223,Local Authority,E92000001,England,E12000002,North West,E10000004,Cheshire,Secondary,100,99,20,0.99,0.2
Autumn Term,202223,Local Authority,E92000001,England,E12000002,North West,E10000004,Cheshire,Special,30000,862,23,0.028733333333333333,0.0007666666666666667
Autumn Term,202223,Local Authority,E92000001,England,E12000009,South West,E10000005,Cornwall and Isles of Scilly,Primary,30000,797,18,0.026566666666666666,0.0006
Autumn Term,202223,Local Authority,E92000001,England,E12000009,South West,E10000005,Cornwall and Isles of Scilly,Secondary,30000,1000,20,0.03333333333333333,0.0006666666666666666
Autumn Term,202223,Local Authority,E92000001,England,E12000009,South West,E10000005,Cornwall and Isles of Scilly,Special,100,99,23,0.99,0.23
Autumn Term,202223,Local Authority,E92000001,England,E12000002,North West,E10000006,Cumbria,Primary,30000,925,31,0.030833333333333334,0.0010333333333333334
Autumn Term,202223,Local Authority,E92000001,England,E12000002,North West,E10000006,Cumbria,Secondary,100,99,20,0.99,0.2
Autumn Term,202223,Local Authority,E92000001,England,E12000002,North West,E10000006,Cumbria,Special,100,99,17,0.99,0.17
Autumn Term,202223,Local Authority,E92000001,England,E12000004,East Midlands,E10000007,Derbyshire,Primary,30000,1000,20,0.03333333333333333,0.0006666666666666666
Autumn Term,202223,Local Authority,E92000001,England,E12000004,East Midlands,E10000007,Derbyshire,Secondary,100,99,21,0.99,0.21
Autumn Term,202223,Local Authority,E92000001,England,E12000004,East Midlands,E10000007,Derbyshire,Special,30000,1000,24,0.03333333333333333,0.0008
Autumn Term,202223,Local Authority,E92000001,England,E12000009,South West,E10000008,Devon,Primary,30000,1000,22,0.03333333333333333,0.0007333333333333333
Autumn Term,202223,Local Authority,E92000001,England,E12000009,South West,E10000008,Devon,Secondary,100,99,24,0.99,0.24
Autumn Term,202223,Local Authority,E92000001,England,E12000009,South West,E10000008,Devon,Special,30000,777,21,0.0259,0.0007
Autumn Term,202223,Local Authority,E92000001,England,E12000009,South West,E10000009,Dorset,Primary,30000,1000,21,0.03333333333333333,0.0007
Autumn Term,202223,Local Authority,E92000001,England,E12000009,South West,E10000009,Dorset,Secondary,30000,768,20,0.0256,0.0006666666666666666
Autumn Term,202223,Local Authority,E92000001,England,E12000009,South West,E10000009,Dorset,Special,30000,717,23,0.0239,0.0007666666666666667
Autumn Term,202223,Local Authority,E92000001,England,E12000001,North East,E10000010,Durham,Primary,100,99,26,0.99,0.26
Autumn Term,202223,Local Authority,E92000001,England,E12000001,North East,E10000010,Durham,Secondary,100,99,23,0.99,0.23
Autumn Term,202223,Local Authority,E92000001,England,E12000001,North East,E10000010,Durham,Special,100,99,25,0.99,0.25
Autumn Term,202223,Local Authority,E92000001,England,E12000008,South East,E10000011,East Sussex,Primary,100,99,18,0.99,0.18
Autumn Term,202223,Local Authority,E92000001,England,E12000008,South East,E10000011,East Sussex,Secondary,30000,911,19,0.030366666666666667,0.0006333333333333333
Autumn Term,202223,Local Authority,E92000001,England,E12000008,South East,E10000011,East Sussex,Special,30000,1000,21,0.03333333333333333,0.0007
Autumn Term,202223,Local Authority,E92000001,England,E12000006,East of England,E10000012,Essex,Primary,30000,979,17,0.032633333333333334,0.0005666666666666667
Autumn Term,202223,Local Authority,E92000001,England,E12000006,East of England,E10000012,Essex,Secondary,30000,1000,19,0.03333333333333333,0.0006333333333333333
Autumn Term,202223,Local Authority,E92000001,England,E12000006,East of England,E10000012,Essex,Special,100,99,25,0.99,0.25
Autumn Term,202223,Local Authority,E92000001,England,E12000009,South West,E10000013,Gloucestershire,Primary,30000,720,22,0.024,0.0007333333333333333
Autumn Term,202223,Local Authority,E92000001,England,E12000009,South West,E10000013,Gloucestershire,Secondary,30000,884,20,0.029466666666666665,0.0006666666666666666
Autumn Term,202223,Local Authority,E92000001,England,E12000009,South West,E10000013,Gloucestershire,Special,30000,1000,26,0.03333333333333333,0.0008666666666666666
Autumn Term,202223,Local Authority,E92000001,England,E12000008,South East,E10000014,Hampshire,Primary,30000,776,18,0.025866666666666666,0.0006
Autumn Term,202223,Local Authority,E92000001,England,E12000008,South East,E10000014,Hampshire,Secondary,30000,884,22,0.029466666666666665,0.0007333333333333333
Autumn Term,202223,Local Authority,E92000001,England,E12000008,South East,E10000014,Hampshire,Special,100,99,17,0.99,0.17
Autumn Term,202223,Local Authority,E92000001,England,E12000006,East of England,E10000015,Hertfordshire,Primary,30000,955,18,0.03183333333333333,0.0006
Autumn Term,202223,Local Authority,E92000001,England,E12000006,East of England,E10000015,Hertfordshire,Secondary,30000,880,17,0.029333333333333333,0.0005666666666666667
Autumn Term,202223,Local Authority,E92000001,England,E12000006,East of England,E10000015,Hertfordshire,Special,100,99,21,0.99,0.21
Autumn Term,202223,Local Authority,E92000001,England,E12000008,South East,E10000016,Kent,Primary,30000,959,19,0.031966666666666664,0.0006333333333333333
Autumn Term,202223,Local Authority,E92000001,England,E12000008,South East,E10000016,Kent,Secondary,100,99,20,0.99,0.2
Autumn Term,202223,Local Authority,E92000001,England,E12000008,South East,E10000016,Kent,Special,30000,877,22,0.029233333333333333,0.0007333333333333333
Autumn Term,202223,Local Authority,E92000001,England,E12000002,North West,E10000017,Lancashire,Primary,100,99,29,0.99,0.29
Autumn Term,202223,Local Authority,E92000001,England,E12000002,North West,E10000017,Lancashire,Secondary,30000,1000,19,0.03333333333333333,0.0006333333333333333
Autumn Term,202223,Local Authority,E92000001,England,E12000002,North West,E10000017,Lancashire,Special,30000,837,15,0.0279,0.0005
Autumn Term,202223,Local Authority,E92000001,England,E12000004,East Midlands,E10000018,Leicestershire,Primary,30000,868,18,0.028933333333333332,0.0006
Autumn Term,202223,Local Authority,E92000001,England,E12000004,East Midlands,E10000018,Leicestershire,Secondary,100,99,21,0.99,0.21
Autumn Term,202223,Local Authority,E92000001,England,E12000004,East Midlands,E10000018,Leicestershire,Special,100,99,21,0.99,0.21
Autumn Term,202223,Local Authority,E92000001,England,E12000004,East Midlands,E10000019,Lincolnshire,Primary,100,99,16,0.99,0.16
Autumn Term,202223,Local Authority,E92000001,England,E12000004,East Midlands,E10000019,Lincolnshire,Secondary,30000,907,11,0.030233333333333334,0.00036666666666666667
Autumn Term,202223,Local Authority,E92000001,England,E12000004,East Midlands,E10000019,Lincolnshire,Special,30000,954,22,0.0318,0.0007333333333333333
Autumn Term,202223,Local Authority,E92000001,England,E12000006,East of England,E10000020,Norfolk,Primary,100,99,24,0.99,0.24
Autumn Term,202223,Local Authority,E92000001,England,E12000006,East of England,E10000020,Norfolk,Secondary,30000,835,21,0.027833333333333335,0.0007
Autumn Term,202223,Local Authority,E92000001,England,E12000006,East of England,E10000020,Norfolk,Special,30000,800,27,0.02666666666666667,0.0009
Autumn Term,202223,Local Authority,E92000001,England,E12000004,East Midlands,E10000021,Northamptonshire,Primary,100,99,24,0.99,0.24
Autumn Term,202223,Local Authority,E92000001,England,E12000004,East Midlands,E10000021,Northamptonshire,Secondary,100,99,18,0.99,0.18
Autumn Term,202223,Local Authority,E92000001,England,E12000004,East Midlands,E10000021,Northamptonshire,Special,30000,849,21,0.0283,0.0007
Autumn Term,202223,Local Authority,E92000001,England,E12000001,North East,E10000022,Northumberland,Primary,30000,1000,23,0.03333333333333333,0.0007666666666666667
Autumn Term,202223,Local Authority,E92000001,England,E12000001,North East,E10000022,Northumberland,Secondary,30000,675,14,0.0225,0.00046666666666666666
Autumn Term,202223,Local Authority,E92000001,England,E12000001,North East,E10000022,Northumberland,Special,100,99,29,0.99,0.29
Autumn Term,202223,Local Authority,E92000001,England,E12000003,Yorkshire and The Humber,E10000023,North Yorkshire,Primary,30000,960,23,0.032,0.0007666666666666667
Autumn Term,202223,Local Authority,E92000001,England,E12000003,Yorkshire and The Humber,E10000023,North Yorkshire,Secondary,100,99,17,0.99,0.17
Autumn Term,202223,Local Authority,E92000001,England,E12000003,Yorkshire and The Humber,E10000023,North Yorkshire,Special,100,99,18,0.99,0.18
Autumn Term,202223,Local Authority,E92000001,England,E12000004,East Midlands,E10000024,Nottinghamshire,Primary,30000,1000,23,0.03333333333333333,0.0007666666666666667
Autumn Term,202223,Local Authority,E92000001,England,E12000004,East Midlands,E10000024,Nottinghamshire,Secondary,30000,910,13,0.030333333333333334,0.0004333333333333333
Autumn Term,202223,Local Authority,E92000001,England,E12000004,East Midlands,E10000024,Nottinghamshire,Special,100,99,21,0.99,0.21
Autumn Term,202223,Local Authority,E92000001,England,E12000008,South East,E10000025,Oxfordshire,Primary,30000,852,30,0.0284,0.001
Autumn Term,202223,Local Authority,E92000001,England,E12000008,South East,E10000025,Oxfordshire,Secondary,100,99,23,0.99,0.23
Autumn Term,202223,Local Authority,E92000001,England,E12000008,South East,E10000025,Oxfordshire,Special,100,99,18,0.99,0.18
Autumn Term,202223,Local Authority,E92000001,England,E12000005,West Midlands,E10000026,Shropshire,Primary,100,99,14,0.99,0.14
Autumn Term,202223,Local Authority,E92000001,England,E12000005,West Midlands,E10000026,Shropshire,Secondary,100,99,18,0.99,0.18
Autumn Term,202223,Local Authority,E92000001,England,E12000005,West Midlands,E10000026,Shropshire,Special,100,99,20,0.99,0.2
Autumn Term,202223,Local Authority,E92000001,England,E12000009,South West,E10000027,Somerset,Primary,30000,1000,16,0.03333333333333333,0.0005333333333333334
Autumn Term,202223,Local Authority,E92000001,England,E12000009,South West,E10000027,Somerset,Secondary,30000,1000,23,0.03333333333333333,0.0007666666666666667
Autumn Term,202223,Local Authority,E92000001,England,E12000009,South West,E10000027,Somerset,Special,30000,873,17,0.0291,0.0005666666666666667
Autumn Term,202223,Local Authority,E92000001,England,E12000005,West Midlands,E10000028,Staffordshire,Primary,100,99,14,0.99,0.14
Autumn Term,202223,Local Authority,E92000001,England,E12000005,West Midlands,E10000028,Staffordshire,Secondary,30000,973,24,0.032433333333333335,0.0008
Autumn Term,202223,Local Authority,E92000001,England,E12000005,West Midlands,E10000028,Staffordshire,Special,30000,822,23,0.0274,0.0007666666666666667
Autumn Term,202223,Local Authority,E92000001,England,E12000006,East of England,E10000029,Suffolk,Primary,30000,922,22,0.030733333333333335,0.0007333333333333333
Autumn Term,202223,Local Authority,E92000001,England,E12000006,East of England,E10000029,Suffolk,Secondary,30000,1000,15,0.03333333333333333,0.0005
Autumn Term,202223,Local Authority,E92000001,England,E12000006,East of England,E10000029,Suffolk,Special,30000,1000,21,0.03333333333333333,0.0007
Autumn Term,202223,Local Authority,E92000001,England,E12000008,South East,E10000030,Surrey,Primary,30000,945,23,0.0315,0.0007666666666666667
Autumn Term,202223,Local Authority,E92000001,England,E12000008,South East,E10000030,Surrey,Secondary,100,99,18,0.99,0.18
Autumn Term,202223,Local Authority,E92000001,England,E12000008,South East,E10000030,Surrey,Special,30000,1000,12,0.03333333333333333,0.0004
Autumn Term,202223,Local Authority,E92000001,England,E12000005,West Midlands,E10000031,Warwickshire,Primary,30000,1000,28,0.03333333333333333,0.0009333333333333333
Autumn Term,202223,Local Authority,E92000001,England,E12000005,West Midlands,E10000031,Warwickshire,Secondary,100,99,25,0.99,0.25
Autumn Term,202223,Local Authority,E92000001,England,E12000005,West Midlands,E10000031,Warwickshire,Special,100,99,15,0.99,0.15
Autumn Term,202223,Local Authority,E92000001,England,E12000008,South East,E10000032,West Sussex,Primary,30000,1000,28,0.03333333333333333,0.0009333333333333333
Autumn Term,202223,Local Authority,E92000001,England,E12000008,South East,E10000032,West Sussex,Secondary,100,99,18,0.99,0.18
Autumn Term,202223,Local Authority,E92000001,England,E12000008,South East,E10000032,West Sussex,Special,30000,971,15,0.03236666666666667,0.0005
Autumn Term,202223,Local Authority,E92000001,England,E12000009,South West,E10000033,Wiltshire,Primary,100,99,26,0.99,0.26
Autumn Term,202223,Local Authority,E92000001,England,E12000009,South West,E10000033,Wiltshire,Secondary,100,99,17,0.99,0.17
Autumn Term,202223,Local Authority,E92000001,England,E12000009,South West,E10000033,Wiltshire,Special,100,99,17,0.99,0.17
Autumn Term,202223,Local Authority,E92000001,England,E12000005,West Midlands,E10000034,Worcestershire,Primary,30000,861,22,0.0287,0.0007333333333333333
Autumn Term,202223,Local Authority,E92000001,England,E12000005,West Midlands,E10000034,Worcestershire,Secondary,30000,846,22,0.0282,0.0007333333333333333
Autumn Term,202223,Local Authority,E92000001,England,E12000005,West Midlands,E10000034,Worcestershire,Special,100,99,21,0.99,0.21
Autumn Term,202324,Local Authority,E92000001,England,E12000001,North East,E06000001,Hartlepool,Primary,100,99,15,0.99,0.15
Autumn Term,202324,Local Authority,E92000001,England,E12000001,North East,E06000001,Hartlepool,Secondary,30000,997,23,0.03323333333333333,0.0007666666666666667
Autumn Term,202324,Local Authority,E92000001,England,E12000001,North East,E06000001,Hartlepool,Special,30000,1000,28,0.03333333333333333,0.0009333333333333333
Autumn Term,202324,Local Authority,E92000001,England,E12000001,North East,E06000002,Middlesbrough,Primary,100,99,25,0.99,0.25
Autumn Term,202324,Local Authority,E92000001,England,E12000001,North East,E06000002,Middlesbrough,Secondary,30000,1000,25,0.03333333333333333,0.0008333333333333334
Autumn Term,202324,Local Authority,E92000001,England,E12000001,North East,E06000002,Middlesbrough,Special,30000,711,14,0.0237,0.00046666666666666666
Autumn Term,202324,Local Authority,E92000001,England,E12000001,North East,E06000003,Redcar and Cleveland,Primary,30000,871,25,0.029033333333333335,0.0008333333333333334
Autumn Term,202324,Local Authority,E92000001,England,E12000001,North East,E06000003,Redcar and Cleveland,Secondary,100,99,21,0.99,0.21
Autumn Term,202324,Local Authority,E92000001,England,E12000001,North East,E06000003,Redcar and Cleveland,Special,30000,923,25,0.030766666666666668,0.0008333333333333334
Autumn Term,202324,Local Authority,E92000001,England,E12000001,North East,E06000004,Stockton-on-Tees,Primary,30000,1000,21,0.03333333333333333,0.0007
Autumn Term,202324,Local Authority,E92000001,England,E12000001,North East,E06000004,Stockton-on-Tees,Secondary,100,99,18,0.99,0.18
Autumn Term,202324,Local Authority,E92000001,England,E12000001,North East,E06000004,Stockton-on-Tees,Special,100,99,21,0.99,0.21
Autumn Term,202324,Local Authority,E92000001,England,E12000001,North East,E06000005,Darlington,Primary,30000,943,19,0.031433333333333334,0.0006333333333333333
Autumn Term,202324,Local Authority,E92000001,England,E12000001,North East,E06000005,Darlington,Secondary,100,99,22,0.99,0.22
Autumn Term,202324,Local Authority,E92000001,England,E12000001,North East,E06000005,Darlington,Special,100,99,21,0.99,0.21
Autumn Term,202324,Local Authority,E92000001,England,E12000002,North West,E06000006,Halton,Primary,30000,1000,17,0.03333333333333333,0.0005666666666666667
Autumn Term,202324,Local Authority,E92000001,England,E12000002,North West,E06000006,Halton,Secondary,30000,1000,17,0.03333333333333333,0.0005666666666666667
Autumn Term,202324,Local Authority,E92000001,England,E12000002,North West,E06000006,Halton,Special,100,99,22,0.99,0.22
Autumn Term,202324,Local Authority,E92000001,England,E12000002,North West,E06000007,Warrington,Primary,30000,1000,23,0.03333333333333333,0.0007666666666666667
Autumn Term,202324,Local Authority,E92000001,England,E12000002,North West,E06000007,Warrington,Secondary,100,99,16,0.99,0.16
Autumn Term,202324,Local Authority,E92000001,England,E12000002,North West,E06000007,Warrington,Special,30000,968,16,0.032266666666666666,0.0005333333333333334
Autumn Term,202324,Local Authority,E92000001,England,E12000002,North West,E06000008,Blackburn with Darwen,Primary,30000,799,15,0.026633333333333332,0.0005
Autumn Term,202324,Local Authority,E92000001,England,E12000002,North West,E06000008,Blackburn with Darwen,Secondary,30000,987,21,0.0329,0.0007
Autumn Term,202324,Local Authority,E92000001,England,E12000002,North West,E06000008,Blackburn with Darwen,Special,100,99,24,0.99,0.24
Autumn Term,202324,Local Authority,E92000001,England,E12000002,North West,E06000009,Blackpool,Primary,30000,1000,23,0.03333333333333333,0.0007666666666666667
Autumn Term,202324,Local Authority,E92000001,England,E12000002,North West,E06000009,Blackpool,Secondary,100,99,18,0.99,0.18
Autumn Term,202324,Local Authority,E92000001,England,E12000002,North West,E06000009,Blackpool,Special,30000,1000,17,0.03333333333333333,0.0005666666666666667
Autumn Term,202324,Local Authority,E92000001,England,E12000003,Yorkshire and The Humber,E06000010,"Kingston upon Hull, City of",Primary,30000,1000,24,0.03333333333333333,0.0008
Autumn Term,202324,Local Authority,E92000001,England,E12000003,Yorkshire and The Humber,E06000010,"Kingston upon Hull, City of",Secondary,30000,719,18,0.023966666666666667,0.0006
Autumn Term,202324,Local Authority,E92000001,England,E12000003,Yorkshire and The Humber,E06000010,"Kingston upon Hull, City of",Special,100,99,23,0.99,0.23
Autumn Term,202324,Local Authority,E92000001,England,E12000003,Yorkshire and The Humber,E06000011,East Riding of Yorkshire,Primary,30000,936,22,0.0312,0.0007333333333333333
Autumn Term,202324,Local Authority,E92000001,England,E12000003,Yorkshire and The Humber,E06000011,East Riding of Yorkshire,Secondary,100,99,13,0.99,0.13
Autumn Term,202324,Local Authority,E92000001,England,E12000003,Yorkshire and The Humber,E06000011,East Riding of Yorkshire,Special,30000,836,24,0.027866666666666668,0.0008
Autumn Term,202324,Local Authority,E92000001,England,E12000003,Yorkshire and The Humber,E06000012,North East Lincolnshire,Primary,30000,929,19,0.030966666666666667,0.0006333333333333333
Autumn Term,202324,Local Authority,E92000001,England,E12000003,Yorkshire and The Humber,E06000012,North East Lincolnshire,Secondary,100,99,20,0.99,0.2
Autumn Term,202324,Local Authority,E92000001,England,E12000003,Yorkshire and The Humber,E06000012,North East Lincolnshire,Special,30000,957,21,0.0319,0.0007
Autumn Term,202324,Local Authority,E92000001,England,E12000003,Yorkshire and The Humber,E06000013,North Lincolnshire,Primary,100,99,20,0.99,0.2
Autumn Term,202324,Local Authority,E92000001,England,E12000003,Yorkshire and The Humber,E06000013,North Lincolnshire,Secondary,30000,1000,19,0.03333333333333333,0.0006333333333333333
Autumn Term,202324,Local Authority,E92000001,England,E12000003,Yorkshire and The Humber,E06000013,North Lincolnshire,Special,100,99,21,0.99,0.21
Autumn Term,202324,Local Authority,E92000001,England,E12000003,Yorkshire and The Humber,E06000014,York,Primary,100,99,20,0.99,0.2
Autumn Term,202324,Local Authority,E92000001,England,E12000003,Yorkshire and The Humber,E06000014,York,Secondary,100,99,19,0.99,0.19
Autumn Term,202324,Local Authority,E92000001,England,E12000003,Yorkshire and The Humber,E06000014,York,Special,100,99,19,0.99,0.19
Autumn Term,202324,Local Authority,E92000001,England,E12000004,East Midlands,E06000015,Derby,Primary,30000,836,27,0.027866666666666668,0.0009
Autumn Term,202324,Local Authority,E92000001,England,E12000004,East Midlands,E06000015,Derby,Secondary,30000,1000,20,0.03333333333333333,0.0006666666666666666
Autumn Term,202324,Local Authority,E92000001,England,E12000004,East Midlands,E06000015,Derby,Special,30000,902,15,0.030066666666666665,0.0005
Autumn Term,202324,Local Authority,E92000001,England,E12000004,East Midlands,E06000016,Leicester,Primary,100,99,22,0.99,0.22
Autumn Term,202324,Local Authority,E92000001,England,E12000004,East Midlands,E06000016,Leicester,Secondary,30000,1000,19,0.03333333333333333,0.0006333333333333333
Autumn Term,202324,Local Authority,E92000001,England,E12000004,East Midlands,E06000016,Leicester,Special,30000,1000,22,0.03333333333333333,0.0007333333333333333
Autumn Term,202324,Local Authority,E92000001,England,E12000004,East Midlands,E06000017,Rutland,Primary,100,99,22,0.99,0.22
Autumn Term,202324,Local Authority,E92000001,England,E12000004,East Midlands,E06000017,Rutland,Secondary,100,99,25,0.99,0.25
Autumn Term,202324,Local Authority,E92000001,England,E12000004,East Midlands,E06000017,Rutland,Special,100,99,19,0.99,0.19
Autumn Term,202324,Local Authority,E92000001,England,E12000004,East Midlands,E06000018,Nottingham,Primary,30000,1000,20,0.03333333333333333,0.0006666666666666666
Autumn Term,202324,Local Authority,E92000001,England,E12000004,East Midlands,E06000018,Nottingham,Secondary,30000,1000,16,0.03333333333333333,0.0005333333333333334
Autumn Term,202324,Local Authority,E92000001,England,E12000004,East Midlands,E06000018,Nottingham,Special,30000,854,24,0.028466666666666668,0.0008
Autumn Term,202324,Local Authority,E92000001,England,E12000005,West Midlands,E06000019,"Herefordshire, County of",Primary,30000,1000,26,0.03333333333333333,0.0008666666666666666
Autumn Term,202324,Local Authority,E92000001,England,E12000005,West Midlands,E06000019,"Herefordshire, County of",Secondary,30000,1000,12,0.03333333333333333,0.0004
Autumn Term,202324,Local Authority,E92000001,England,E12000005,West Midlands,E06000019,"Herefordshire, County of",Special,30000,794,26,0.026466666666666666,0.0008666666666666666
Autumn Term,202324,Local Authority,E92000001,England,E12000005,West Midlands,E06000020,Telford and Wrekin,Primary,100,99,27,0.99,0.27
Autumn Term,202324,Local Authority,E92000001,England,E12000005,West Midlands,E06000020,Telford and Wrekin,Secondary,30000,859,18,0.028633333333333334,0.0006
Autumn Term,202324,Local Authority,E92000001,England,E12000005,West Midlands,E06000020,Telford and Wrekin,Special,30000,913,24,0.030433333333333333,0.0008
Autumn Term,202324,Local Authority,E92000001,England,E12000005,West Midlands,E06000021,Stoke-on-Trent,Primary,30000,926,27,0.030866666666666667,0.0009
Autumn Term,202324,Local Authority,E92000001,England,E12000005,West Midlands,E06000021,Stoke-on-Trent,Secondary,30000,1000,24,0.03333333333333333,0.0008
Autumn Term,202324,Local Authority,E92000001,England,E12000005,West Midlands,E06000021,Stoke-on-Trent,Special,100,99,13,0.99,0.13
Autumn Term,202324,Local Authority,E92000001,England,E12000009,South West,E06000022,Bath and North East Somerset,Primary,30000,896,29,0.029866666666666666,0.0009666666666666667
Autumn Term,202324,Local Authority,E92000001,England,E12000009,South West,E06000022,Bath and North East Somerset,Secondary,100,99,22,0.99,0.22
Autumn Term,202324,Local Authority,E92000001,England,E12000009,South West,E06000022,Bath and North East Somerset,Special,30000,844,26,0.028133333333333333,0.0008666666666666666
Autumn Term,202324,Local Authority,E92000001,England,E12000009,South West,E06000023,"Bristol, City of",Primary,100,99,16,0.99,0.16
Autumn Term,202324,Local Authority,E92000001,England,E12000009,South West,E06000023,"Bristol, City of",Secondary,30000,1000,16,0.03333333333333333,0.0005333333333333334
Autumn Term,202324,Local Authority,E92000001,England,E12000009,South West,E06000023,"Bristol, City of",Special,100,99,15,0.99,0.15
Autumn Term,202324,Local Authority,E92000001,England,E12000009,South West,E06000024,North Somerset,Primary,100,99,19,0.99,0.19
Autumn Term,202324,Local Authority,E92000001,England,E12000009,South West,E06000024,North Somerset,Secondary,100,99,18,0.99,0.18
Autumn Term,202324,Local Authority,E92000001,England,E12000009,South West,E06000024,North Somerset,Special,100,99,19,0.99,0.19
Autumn Term,202324,Local Authority,E92000001,England,E12000009,South West,E06000025,South Gloucestershire,Primary,100,99,21,0.99,0.21
Autumn Term,202324,Local Authority,E92000001,England,E12000009,South West,E06000025,South Gloucestershire,Secondary,100,99,11,0.99,0.11
Autumn Term,202324,Local Authority,E92000001,England,E12000009,South West,E06000025,South Gloucestershire,Special,100,99,12,0.99,0.12
Autumn Term,202324,Local Authority,E92000001,England,E12000009,South West,E06000026,Plymouth,Primary,30000,1000,19,0.03333333333333333,0.0006333333333333333
Autumn Term,202324,Local Authority,E92000001,England,E12000009,South West,E06000026,Plymouth,Secondary,100,99,28,0.99,0.28
Autumn Term,202324,Local Authority,E92000001,England,E12000009,South West,E06000026,Plymouth,Special,100,99,24,0.99,0.24
Autumn Term,202324,Local Authority,E92000001,England,E12000009,South West,E06000027,Torbay,Primary,30000,1000,21,0.03333333333333333,0.0007
Autumn Term,202324,Local Authority,E92000001,England,E12000009,South West,E06000027,Torbay,Secondary,100,99,16,0.99,0.16
Autumn Term,202324,Local Authority,E92000001,England,E12000009,South West,E06000027,Torbay,Special,100,99,20,0.99,0.2
Autumn Term,202324,Local Authority,E92000001,England,E12000009,South West,E06000028,Bournemouth,Primary,100,99,28,0.99,0.28
Autumn Term,202324,Local Authority,E92000001,England,E12000009,South West,E06000028,Bournemouth,Secondary,30000,828,19,0.0276,0.0006333333333333333
Autumn Term,202324,Local Authority,E92000001,England,E12000009,South West,E06000028,Bournemouth,Special,100,99,16,0.99,0.16
Autumn Term,202324,Local Authority,E92000001,England,E12000009,South West,E06000029,Poole,Primary,100,99,12,0.99,0.12
Autumn Term,202324,Local Authority,E92000001,England,E12000009,South West,E06000029,Poole,Secondary,30000,1000,21,0.03333333333333333,0.0007
Autumn Term,202324,Local Authority,E92000001,England,E12000009,South West,E06000029,Poole,Special,100,99,29,0.99,0.29
Autumn Term,202324,Local Authority,E92000001,England,E12000009,South West,E06000030,Swindon,Primary,30000,1000,18,0.03333333333333333,0.0006
Autumn Term,202324,Local Authority,E92000001,England,E12000009,South West,E06000030,Swindon,Secondary,100,99,18,0.99,0.18
Autumn Term,202324,Local Authority,E92000001,England,E12000009,South West,E06000030,Swindon,Special,30000,1000,25,0.03333333333333333,0.0008333333333333334
Autumn Term,202324,Local Authority,E92000001,England,E12000006,East of England,E06000031,Peterborough,Primary,30000,950,23,0.03166666666666667,0.0007666666666666667
Autumn Term,202324,Local Authority,E92000001,England,E12000006,East of England,E06000031,Peterborough,Secondary,100,99,15,0.99,0.15
Autumn Term,202324,Local Authority,E92000001,England,E12000006,East of England,E06000031,Peterborough,Special,30000,1000,21,0.03333333333333333,0.0007
Autumn Term,202324,Local Authority,E92000001,England,E12000006,East of England,E06000032,Luton,Primary,100,99,21,0.99,0.21
Autumn Term,202324,Local Authority,E92000001,England,E12000006,East of England,E06000032,Luton,Secondary,30000,1000,18,0.03333333333333333,0.0006
Autumn Term,202324,Local Authority,E92000001,England,E12000006,East of England,E06000032,Luton,Special,30000,1000,23,0.03333333333333333,0.0007666666666666667
Autumn Term,202324,Local Authority,E92000001,England,E12000006,East of England,E06000033,Southend-on-Sea,Primary,30000,920,23,0.030666666666666665,0.0007666666666666667
Autumn Term,202324,Local Authority,E92000001,England,E12000006,East of England,E06000033,Southend-on-Sea,Secondary,30000,880,14,0.029333333333333333,0.00046666666666666666
Autumn Term,202324,Local Authority,E92000001,England,E12000006,East of England,E06000033,Southend-on-Sea,Special,100,99,22,0.99,0.22
Autumn Term,202324,Local Authority,E92000001,England,E12000006,East of England,E06000034,Thurrock,Primary,30000,1000,19,0.03333333333333333,0.0006333333333333333
Autumn Term,202324,Local Authority,E92000001,England,E12000006,East of England,E06000034,Thurrock,Secondary,100,99,19,0.99,0.19
Autumn Term,202324,Local Authority,E92000001,England,E12000006,East of England,E06000034,Thurrock,Special,100,99,23,0.99,0.23
Autumn Term,202324,Local Authority,E92000001,England,E12000008,South East,E06000035,Medway,Primary,100,99,24,0.99,0.24
Autumn Term,202324,Local Authority,E92000001,England,E12000008,South East,E06000035,Medway,Secondary,30000,887,20,0.029566666666666668,0.0006666666666666666
Autumn Term,202324,Local Authority,E92000001,England,E12000008,South East,E06000035,Medway,Special,30000,964,27,0.03213333333333333,0.0009
Autumn Term,202324,Local Authority,E92000001,England,E12000008,South East,E06000036,Bracknell Forest,Primary,100,99,22,0.99,0.22
Autumn Term,202324,Local Authority,E92000001,England,E12000008,South East,E06000036,Bracknell Forest,Secondary,30000,881,19,0.029366666666666666,0.0006333333333333333
Autumn Term,202324,Local Authority,E92000001,England,E12000008,South East,E06000036,Bracknell Forest,Special,100,99,17,0.99,0.17
Autumn Term,202324,Local Authority,E92000001,England,E12000008,South East,E06000037,West Berkshire,Primary,30000,1000,22,0.03333333333333333,0.0007333333333333333
Autumn Term,202324,Local Authority,E92000001,England,E12000008,South East,E06000037,West Berkshire,Secondary,100,99,21,0.99,0.21
Autumn Term,202324,Local Authority,E92000001,England,E12000008,South East,E06000037,West Berkshire,Special,100,99,17,0.99,0.17
Autumn Term,202324,Local Authority,E92000001,England,E12000008,South East,E06000038,Reading,Primary,30000,995,21,0.033166666666666664,0.0007
Autumn Term,202324,Local Authority,E92000001,England,E12000008,South East,E06000038,Reading,Secondary,30000,811,23,0.027033333333333333,0.0007666666666666667
Autumn Term,202324,Local Authority,E92000001,England,E12000008,South East,E06000038,Reading,Special,100,99,17,0.99,0.17
Autumn Term,202324,Local Authority,E92000001,England,E12000008,South East,E06000039,Slough,Primary,30000,984,18,0.0328,0.0006
Autumn Term,202324,Local Authority,E92000001,England,E12000008,South East,E06000039,Slough,Secondary,30000,980,26,0.03266666666666666,0.0008666666666666666
Autumn Term,202324,Local Authority,E92000001,England,E12000008,South East,E06000039,Slough,Special,100,99,15,0.99,0.15
Autumn Term,202324,Local Authority,E92000001,England,E12000008,South East,E06000040,Windsor and Maidenhead,Primary,30000,898,29,0.029933333333333333,0.0009666666666666667
Autumn Term,202324,Local Authority,E92000001,England,E12000008,South East,E06000040,Windsor and Maidenhead,Secondary,100,99,18,0.99,0.18
Autumn Term,202324,Local Authority,E92000001,England,E12000008,South East,E06000040,Windsor and Maidenhead,Special,100,99,22,0.99,0.22
Autumn Term,202324,Local Authority,E92000001,England,E12000008,South East,E06000041,Wokingham,Primary,100,99,25,0.99,0.25
Autumn Term,202324,Local Authority,E92000001,England,E12000008,South East,E06000041,Wokingham,Secondary,100,99,19,0.99,0.19
Autumn Term,202324,Local Authority,E92000001,England,E12000008,South East,E06000041,Wokingham,Special,100,99,23,0.99,0.23
Autumn Term,202324,Local Authority,E92000001,England,E12000008,South East,E06000042,Milton Keynes,Primary,100,99,21,0.99,0.21
Autumn Term,202324,Local Authority,E92000001,England,E12000008,South East,E06000042,Milton Keynes,Secondary,30000,787,25,0.026233333333333334,0.0008333333333333334
Autumn Term,202324,Local Authority,E92000001,England,E12000008,South East,E06000042,Milton Keynes,Special,30000,843,23,0.0281,0.0007666666666666667
Autumn Term,202324,Local Authority,E92000001,England,E12000008,South East,E06000043,Brighton and Hove,Primary,30000,1000,19,0.03333333333333333,0.0006333333333333333
Autumn Term,202324,Local Authority,E92000001,England,E12000008,South East,E06000043,Brighton and Hove,Secondary,30000,965,8,0.03216666666666667,0.0002666666666666667
Autumn Term,202324,Local Authority,E92000001,England,E12000008,South East,E06000043,Brighton and Hove,Special,30000,852,17,0.0284,0.0005666666666666667
Autumn Term,202324,Local Authority,E92000001,England,E12000008,South East,E06000044,Portsmouth,Primary,100,99,13,0.99,0.13
Autumn Term,202324,Local Authority,E92000001,England,E12000008,South East,E06000044,Portsmouth,Secondary,30000,1000,16,0.03333333333333333,0.0005333333333333334
Autumn Term,202324,Local Authority,E92000001,England,E12000008,South East,E06000044,Portsmouth,Special,30000,1000,21,0.03333333333333333,0.0007
Autumn Term,202324,Local Authority,E92000001,England,E12000008,South East,E06000045,Southampton,Primary,30000,923,15,0.030766666666666668,0.0005
Autumn Term,202324,Local Authority,E92000001,England,E12000008,South East,E06000045,Southampton,Secondary,100,99,12,0.99,0.12
Autumn Term,202324,Local Authority,E92000001,England,E12000008,South East,E06000045,Southampton,Special,100,99,29,0.99,0.29
Autumn Term,202324,Local Authority,E92000001,England,E12000008,South East,E06000046,Isle of Wight,Primary,30000,849,19,0.0283,0.0006333333333333333
Autumn Term,202324,Local Authority,E92000001,England,E12000008,South East,E06000046,Isle of Wight,Secondary,100,99,25,0.99,0.25
Autumn Term,202324,Local Authority,E92000001,England,E12000008,South East,E06000046,Isle of Wight,Special,100,99,25,0.99,0.25
Autumn Term,202324,Local Authority,E92000001,England,E12000001,North East,E06000047,County Durham,Primary,30000,974,24,0.032466666666666665,0.0008
Autumn Term,202324,Local Authority,E92000001,England,E12000001,North East,E06000047,County Durham,Secondary,100,99,22,0.99,0.22
Autumn Term,202324,Local Authority,E92000001,England,E12000001,North East,E06000047,County Durham,Special,100,99,15,0.99,0.15
Autumn Term,202324,Local Authority,E92000001,England,E12000001,North East,E06000048,Northumberland,Primary,30000,949,19,0.03163333333333333,0.0006333333333333333
Autumn Term,202324,Local Authority,E92000001,England,E12000001,North East,E06000048,Northumberland,Secondary,30000,881,18,0.029366666666666666,0.0006
Autumn Term,202324,Local Authority,E92000001,England,E12000001,North East,E06000048,Northumberland,Special,100,99,10,0.99,0.1
Autumn Term,202324,Local Authority,E92000001,England,E12000002,North West,E06000049,Cheshire East,Primary,100,99,21,0.99,0.21
Autumn Term,202324,Local Authority,E92000001,England,E12000002,North West,E06000049,Cheshire East,Secondary,30000,804,17,0.0268,0.0005666666666666667
Autumn Term,202324,Local Authority,E92000001,England,E12000002,North West,E06000049,Cheshire East,Special,100,99,15,0.99,0.15
Autumn Term,202324,Local Authority,E92000001,England,E12000002,North West,E06000050,Cheshire West and Chester,Primary,30000,1000,20,0.03333333333333333,0.0006666666666666666
Autumn Term,202324,Local Authority,E92000001,England,E12000002,North West,E06000050,Cheshire West and Chester,Secondary,100,99,27,0.99,0.27
Autumn Term,202324,Local Authority,E92000001,England,E12000002,North West,E06000050,Cheshire West and Chester,Special,30000,1000,29,0.03333333333333333,0.0009666666666666667
Autumn Term,202324,Local Authority,E92000001,England,E12000005,West Midlands,E06000051,Shropshire,Primary,100,99,18,0.99,0.18
Autumn Term,202324,Local Authority,E92000001,England,E12000005,West Midlands,E06000051,Shropshire,Secondary,30000,1000,18,0.03333333333333333,0.0006
Autumn Term,202324,Local Authority,E92000001,England,E12000005,West Midlands,E06000051,Shropshire,Special,100,99,30,0.99,0.3
Autumn Term,202324,Local Authority,E92000001,England,E12000009,South West,E06000052,Cornwall,Primary,100,99,19,0.99,0.19
Autumn Term,202324,Local Authority,E92000001,England,E12000009,South West,E06000052,Cornwall,Secondary,100,99,20,0.99,0.2
Autumn Term,202324,Local Authority,E92000001,England,E12000009,South West,E06000052,Cornwall,Special,100,99,13,0.99,0.13
Autumn Term,202324,Local Authority,E92000001,England,E12000009,South West,E06000053,Isles of Scilly,Primary,30000,845,27,0.028166666666666666,0.0009
Autumn Term,202324,Local Authority,E92000001,England,E12000009,South West,E06000053,Isles of Scilly,Secondary,30000,1000,16,0.03333333333333333,0.0005333333333333334
Autumn Term,202324,Local Authority,E92000001,England,E12000009,South West,E06000053,Isles of Scilly,Special,100,99,23,0.99,0.23
Autumn Term,202324,Local Authority,E92000001,England,E12000009,South West,E06000054,Wiltshire,Primary,30000,820,26,0.027333333333333334,0.0008666666666666666
Autumn Term,202324,Local Authority,E92000001,England,E12000009,South West,E06000054,Wiltshire,Secondary,100,99,21,0.99,0.21
Autumn Term,202324,Local Authority,E92000001,England,E12000009,South West,E06000054,Wiltshire,Special,30000,1000,19,0.03333333333333333,0.0006333333333333333
Autumn Term,202324,Local Authority,E92000001,England,E12000006,East of England,E06000055,Bedford,Primary,100,99,21,0.99,0.21
Autumn Term,202324,Local Authority,E92000001,England,E12000006,East of England,E06000055,Bedford,Secondary,30000,826,23,0.027533333333333333,0.0007666666666666667
Autumn Term,202324,Local Authority,E92000001,England,E12000006,East of England,E06000055,Bedford,Special,30000,884,24,0.029466666666666665,0.0008
Autumn Term,202324,Local Authority,E92000001,England,E12000006,East of England,E06000056,Central Bedfordshire,Primary,30000,920,22,0.030666666666666665,0.0007333333333333333
Autumn Term,202324,Local Authority,E92000001,England,E12000006,East of England,E06000056,Central Bedfordshire,Secondary,100,99,22,0.99,0.22
Autumn Term,202324,Local Authority,E92000001,England,E12000006,East of England,E06000056,Central Bedfordshire,Special,30000,948,18,0.0316,0.0006
Autumn Term,202324,Local Authority,E92000001,England,E12000001,North East,E06000057,Northumberland,Primary,100,99,29,0.99,0.29
Autumn Term,202324,Local Authority,E92000001,England,E12000001,North East,E06000057,Northumberland,Secondary,30000,957,17,0.0319,0.0005666666666666667
Autumn Term,202324,Local Authority,E92000001,England,E12000001,North East,E06000057,Northumberland,Special,30000,782,29,0.026066666666666665,0.0009666666666666667
Autumn Term,202324,Local Authority,E92000001,England,E12000009,South West,E06000058,"Bournemouth, Christchurch and Poole",Primary,100,99,17,0.99,0.17
Autumn Term,202324,Local Authority,E92000001,England,E12000009,South West,E06000058,"Bournemouth, Christchurch and Poole",Secondary,30000,870,25,0.029,0.0008333333333333334
Autumn Term,202324,Local Authority,E92000001,England,E12000009,South West,E06000058,"Bournemouth, Christchurch and Poole",Special,30000,994,16,0.033133333333333334,0.0005333333333333334
Autumn Term,202324,Local Authority,E92000001,England,E12000009,South West,E06000059,Dorset,Primary,30000,922,22,0.030733333333333335,0.0007333333333333333
Autumn Term,202324,Local Authority,E92000001,England,E12000009,South West,E06000059,Dorset,Secondary,30000,613,24,0.020433333333333335,0.0008
Autumn Term,202324,Local Authority,E92000001,England,E12000009,South West,E06000059,Dorset,Special,30000,1000,13,0.03333333333333333,0.0004333333333333333
Autumn Term,202324,Local Authority,E92000001,England,E12000008,South East,E06000060,Buckinghamshire,Primary,100,99,14,0.99,0.14
Autumn Term,202324,Local Authority,E92000001,England,E12000008,South East,E06000060,Buckinghamshire,Secondary,100,99,16,0.99,0.16
Autumn Term,202324,Local Authority,E92000001,England,E12000008,South East,E06000060,Buckinghamshire,Special,100,99,19,0.99,0.19
Autumn Term,202324,Local Authority,E92000001,England,E12000004,East Midlands,E06000061,North Northamptonshire,Primary,30000,1000,16,0.03333333333333333,0.0005333333333333334
Autumn Term,202324,Local Authority,E92000001,England,E12000004,East Midlands,E06000061,North Northamptonshire,Secondary,100,99,17,0.99,0.17
Autumn Term,202324,Local Authority,E92000001,England,E12000004,East Midlands,E06000061,North Northamptonshire,Special,30000,878,14,0.029266666666666667,0.00046666666666666666
Autumn Term,202324,Local Authority,E92000001,England,E12000004,East Midlands,E06000062,West Northamptonshire,Primary,100,99,24,0.99,0.24
Autumn Term,202324,Local Authority,E92000001,England,E12000004,East Midlands,E06000062,West Northamptonshire,Secondary,30000,994,20,0.033133333333333334,0.0006666666666666666
Autumn Term,202324,Local Authority,E92000001,England,E12000004,East Midlands,E06000062,West Northamptonshire,Special,30000,977,14,0.03256666666666667,0.00046666666666666666
Autumn Term,202324,Local Authority,E92000001,England,E12000002,North West,E06000063,Cumberland,Primary,30000,1000,21,0.03333333333333333,0.0007
Autumn Term,202324,Local Authority,E92000001,England,E12000002,North West,E06000063,Cumberland,Secondary,100,99,26,0.99,0.26
Autumn Term,202324,Local Authority,E92000001,England,E12000002,North West,E06000063,Cumberland,Special,100,99,23,0.99,0.23
Autumn Term,202324,Local Authority,E92000001,England,E12000002,North West,E06000064,Westmorland and Furness,Primary,30000,1000,30,0.03333333333333333,0.001
Autumn Term,202324,Local Authority,E92000001,England,E12000002,North West,E06000064,Westmorland and Furness,Secondary,100,99,20,0.99,0.2
Autumn Term,202324,Local Authority,E92000001,England,E12000002,North West,E06000064,Westmorland and Furness,Special,30000,868,19,0.028933333333333332,0.0006333333333333333
Autumn Term,202324,Local Authority,E92000001,England,E12000003,Yorkshire and The Humber,E06000065,North Yorkshire,Primary,100,99,15,0.99,0.15
Autumn Term,202324,Local Authority,E92000001,England,E12000003,Yorkshire and The Humber,E06000065,North Yorkshire,Secondary,30000,1000,14,0.03333333333333333,0.00046666666666666666
Autumn Term,202324,Local Authority,E92000001,England,E12000003,Yorkshire and The Humber,E06000065,North Yorkshire,Special,30000,1000,18,0.03333333333333333,0.0006
Autumn Term,202324,Local Authority,E92000001,England,E12000009,South West,E06000066,Somerset,Primary,100,99,25,0.99,0.25
Autumn Term,202324,Local Authority,E92000001,England,E12000009,South West,E06000066,Somerset,Secondary,100,99,25,0.99,0.25
Autumn Term,202324,Local Authority,E92000001,England,E12000009,South West,E06000066,Somerset,Special,100,99,26,0.99,0.26
Autumn Term,202324,Local Authority,E92000001,England,E12000002,North West,E08000001,Bolton,Primary,100,99,19,0.99,0.19
Autumn Term,202324,Local Authority,E92000001,England,E12000002,North West,E08000001,Bolton,Secondary,30000,865,18,0.028833333333333332,0.0006
Autumn Term,202324,Local Authority,E92000001,England,E12000002,North West,E08000001,Bolton,Special,30000,1000,29,0.03333333333333333,0.0009666666666666667
Autumn Term,202324,Local Authority,E92000001,England,E12000002,North West,E08000002,Bury,Primary,30000,1000,25,0.03333333333333333,0.0008333333333333334
Autumn Term,202324,Local Authority,E92000001,England,E12000002,North West,E08000002,Bury,Secondary,100,99,19,0.99,0.19
Autumn Term,202324,Local Authority,E92000001,England,E12000002,North West,E08000002,Bury,Special,30000,932,23,0.031066666666666666,0.0007666666666666667
Autumn Term,202324,Local Authority,E92000001,England,E12000002,North West,E08000003,Manchester,Primary,100,99,23,0.99,0.23
Autumn Term,202324,Local Authority,E92000001,England,E12000002,North West,E08000003,Manchester,Secondary,30000,913,23,0.030433333333333333,0.0007666666666666667
Autumn Term,202324,Local Authority,E92000001,England,E12000002,North West,E08000003,Manchester,Special,30000,938,17,0.031266666666666665,0.0005666666666666667
Autumn Term,202324,Local Authority,E92000001,England,E12000002,North West,E08000004,Oldham,Primary,30000,709,19,0.023633333333333333,0.0006333333333333333
Autumn Term,202324,Local Authority,E92000001,England,E12000002,North West,E08000004,Oldham,Secondary,30000,976,9,0.03253333333333333,0.0003
Autumn Term,202324,Local Authority,E92000001,England,E12000002,North West,E08000004,Oldham,Special,30000,846,24,0.0282,0.0008
Autumn Term,202324,Local Authority,E92000001,England,E12000002,North West,E08000005,Rochdale,Primary,30000,928,19,0.030933333333333334,0.0006333333333333333
Autumn Term,202324,Local Authority,E92000001,England,E12000002,North West,E08000005,Rochdale,Secondary,30000,938,27,0.031266666666666665,0.0009
Autumn Term,202324,Local Authority,E92000001,England,E12000002,North West,E08000005,Rochdale,Special,30000,1000,13,0.03333333333333333,0.0004333333333333333
Autumn Term,202324,Local Authority,E92000001,England,E12000002,North West,E08000006,Salford,Primary,30000,825,21,0.0275,0.0007
Autumn Term,202324,Local Authority,E92000001,England,E12000002,North West,E08000006,Salford,Secondary,100,99,12,0.99,0.12
Autumn Term,202324,Local Authority,E92000001,England,E12000002,North West,E08000006,Salford,Special,30000,1000,32,0.03333333333333333,0.0010666666666666667
Autumn Term,202324,Local Authority,E92000001,England,E12000002,North West,E08000007,Stockport,Primary,30000,1000,19,0.03333333333333333,0.0006333333333333333
Autumn Term,202324,Local Authority,E92000001,England,E12000002,North West,E08000007,Stockport,Secondary,30000,795,22,0.0265,0.0007333333333333333
Autumn Term,202324,Local Authority,E92000001,England,E12000002,North West,E08000007,Stockport,Special,100,99,15,0.99,0.15
Autumn Term,202324,Local Authority,E92000001,England,E12000002,North West,E08000008,Tameside,Primary,100,99,22,0.99,0.22
Autumn Term,202324,Local Authority,E92000001,England,E12000002,North West,E08000008,Tameside,Secondary,100,99,23,0.99,0.23
Autumn Term,202324,Local Authority,E92000001,England,E12000002,North West,E08000008,Tameside,Special,30000,892,19,0.029733333333333334,0.0006333333333333333
Autumn Term,202324,Local Authority,E92000001,England,E12000002,North West,E08000009,Trafford,Primary,30000,1000,25,0.03333333333333333,0.0008333333333333334
Autumn Term,202324,Local Authority,E92000001,England,E12000002,North West,E08000009,Trafford,Secondary,100,99,24,0.99,0.24
Autumn Term,202324,Local Authority,E92000001,England,E12000002,North West,E08000009,Trafford,Special,100,99,21,0.99,0.21
Autumn Term,202324,Local Authority,E92000001,England,E12000002,North West,E08000010,Wigan,Primary,100,99,24,0.99,0.24
Autumn Term,202324,Local Authority,E92000001,England,E12000002,North West,E08000010,Wigan,Secondary,30000,930,20,0.031,0.0006666666666666666
Autumn Term,202324,Local Authority,E92000001,England,E12000002,North West,E08000010,Wigan,Special,30000,1000,28,0.03333333333333333,0.0009333333333333333
Autumn Term,202324,Local Authority,E92000001,England,E12000002,North West,E08000011,Knowsley,Primary,100,99,17,0.99,0.17
Autumn Term,202324,Local Authority,E92000001,England,E12000002,North West,E08000011,Knowsley,Secondary,100,99,20,0.99,0.2
Autumn Term,202324,Local Authority,E92000001,England,E12000002,North West,E08000011,Knowsley,Special,100,99,22,0.99,0.22
Autumn Term,202324,Local Authority,E92000001,England,E12000002,North West,E08000012,Liverpool,Primary,30000,916,20,0.030533333333333332,0.0006666666666666666
Autumn Term,202324,Local Authority,E92000001,England,E12000002,North West,E08000012,Liverpool,Secondary,100,99,27,0.99,0.27
Autumn Term,202324,Local Authority,E92000001,England,E12000002,North West,E08000012,Liverpool,Special,100,99,24,0.99,0.24
Autumn Term,202324,Local Authority,E92000001,England,E12000002,North West,E08000013,St. Helens,Primary,30000,821,21,0.027366666666666668,0.0007
Autumn Term,202324,Local Authority,E92000001,England,E12000002,North West,E08000013,St. Helens,Secondary,30000,917,16,0.030566666666666666,0.0005333333333333334
Autumn Term,202324,Local Authority,E92000001,England,E12000002,North West,E08000013,St. Helens,Special,100,99,18,0.99,0.18
Autumn Term,202324,Local Authority,E92000001,England,E12000002,North West,E08000014,Sefton,Primary,100,99,18,0.99,0.18
Autumn Term,202324,Local Authority,E92000001,England,E12000002,North West,E08000014,Sefton,Secondary,100,99,21,0.99,0.21
Autumn Term,202324,Local Authority,E92000001,England,E12000002,North West,E08000014,Sefton,Special,30000,989,23,0.032966666666666665,0.0007666666666666667
Autumn Term,202324,Local Authority,E92000001,England,E12000002,North West,E08000015,Wirral,Primary,30000,1000,16,0.03333333333333333,0.0005333333333333334
Autumn Term,202324,Local Authority,E92000001,England,E12000002,North West,E08000015,Wirral,Secondary,30000,985,11,0.03283333333333333,0.00036666666666666667
Autumn Term,202324,Local Authority,E92000001,England,E12000002,North West,E08000015,Wirral,Special,100,99,16,0.99,0.16
Autumn Term,202324,Local Authority,E92000001,England,E12000003,Yorkshire and The Humber,E08000016,Barnsley,Primary,30000,986,20,0.03286666666666667,0.0006666666666666666
Autumn Term,202324,Local Authority,E92000001,England,E12000003,Yorkshire and The Humber,E08000016,Barnsley,Secondary,30000,820,22,0.027333333333333334,0.0007333333333333333
Autumn Term,202324,Local Authority,E92000001,England,E12000003,Yorkshire and The Humber,E08000016,Barnsley,Special,100,99,27,0.99,0.27
Autumn Term,202324,Local Authority,E92000001,England,E12000003,Yorkshire and The Humber,E08000017,Doncaster,Primary,30000,949,17,0.03163333333333333,0.0005666666666666667
Autumn Term,202324,Local Authority,E92000001,England,E12000003,Yorkshire and The Humber,E08000017,Doncaster,Secondary,100,99,19,0.99,0.19
Autumn Term,202324,Local Authority,E92000001,England,E12000003,Yorkshire and The Humber,E08000017,Doncaster,Special,30000,931,18,0.031033333333333333,0.0006
Autumn Term,202324,Local Authority,E92000001,England,E12000003,Yorkshire and The Humber,E08000018,Rotherham,Primary,100,99,16,0.99,0.16
Autumn Term,202324,Local Authority,E92000001,England,E12000003,Yorkshire and The Humber,E08000018,Rotherham,Secondary,30000,1000,13,0.03333333333333333,0.0004333333333333333
Autumn Term,202324,Local Authority,E92000001,England,E12000003,Yorkshire and The Humber,E08000018,Rotherham,Special,30000,681,20,0.0227,0.0006666666666666666
Autumn Term,202324,Local Authority,E92000001,England,E12000003,Yorkshire and The Humber,E08000019,Sheffield,Primary,100,99,26,0.99,0.26
Autumn Term,202324,Local Authority,E92000001,England,E12000003,Yorkshire and The Humber,E08000019,Sheffield,Secondary,30000,963,22,0.0321,0.0007333333333333333
Autumn Term,202324,Local Authority,E92000001,England,E12000003,Yorkshire and The Humber,E08000019,Sheffield,Special,30000,930,24,0.031,0.0008
Autumn Term,202324,Local Authority,E92000001,England,E12000001,North East,E08000020,Gateshead,Primary,30000,863,20,0.028766666666666666,0.0006666666666666666
Autumn Term,202324,Local Authority,E92000001,England,E12000001,North East,E08000020,Gateshead,Secondary,30000,700,20,0.023333333333333334,0.0006666666666666666
Autumn Term,202324,Local Authority,E92000001,England,E12000001,North East,E08000020,Gateshead,Special,100,99,20,0.99,0.2
Autumn Term,202324,Local Authority,E92000001,England,E12000001,North East,E08000021,Newcastle upon Tyne,Primary,30000,836,18,0.027866666666666668,0.0006
Autumn Term,202324,Local Authority,E92000001,England,E12000001,North East,E08000021,Newcastle upon Tyne,Secondary,100,99,20,0.99,0.2
Autumn Term,202324,Local Authority,E92000001,England,E12000001,North East,E08000021,Newcastle upon Tyne,Special,30000,932,20,0.031066666666666666,0.0006666666666666666
Autumn Term,202324,Local Authority,E92000001,England,E12000001,North East,E08000022,North Tyneside,Primary,100,99,11,0.99,0.11
Autumn Term,202324,Local Authority,E92000001,England,E12000001,North East,E08000022,North Tyneside,Secondary,100,99,16,0.99,0.16
Autumn Term,202324,Local Authority,E92000001,England,E12000001,North East,E08000022,North Tyneside,Special,30000,873,20,0.0291,0.0006666666666666666
Autumn Term,202324,Local Authority,E92000001,England,E12000001,North East,E08000023,South Tyneside,Primary,100,99,15,0.99,0.15
Autumn Term,202324,Local Authority,E92000001,England,E12000001,North East,E08000023,South Tyneside,Secondary,100,99,18,0.99,0.18
Autumn Term,202324,Local Authority,E92000001,England,E12000001,North East,E08000023,South Tyneside,Special,100,99,24,0.99,0.24
Autumn Term,202324,Local Authority,E92000001,England,E12000001,North East,E08000024,Sunderland,Primary,30000,1000,14,0.03333333333333333,0.00046666666666666666
Autumn Term,202324,Local Authority,E92000001,England,E12000001,North East,E08000024,Sunderland,Secondary,30000,1000,20,0.03333333333333333,0.0006666666666666666
Autumn Term,202324,Local Authority,E92000001,England,E12000001,North East,E08000024,Sunderland,Special,100,99,16,0.99,0.16
Autumn Term,202324,Local Authority,E92000001,England,E12000005,West Midlands,E08000025,Birmingham,Primary,30000,797,18,0.026566666666666666,0.0006
Autumn Term,202324,Local Authority,E92000001,England,E12000005,West Midlands,E08000025,Birmingham,Secondary,30000,759,23,0.0253,0.0007666666666666667
Autumn Term,202324,Local Authority,E92000001,England,E12000005,West Midlands,E08000025,Birmingham,Special,30000,713,23,0.023766666666666665,0.0007666666666666667
Autumn Term,202324,Local Authority,E92000001,England,E12000005,West Midlands,E08000026,Coventry,Primary,100,99,19,0.99,0.19
Autumn Term,202324,Local Authority,E92000001,England,E12000005,West Midlands,E08000026,Coventry,Secondary,30000,877,22,0.029233333333333333,0.0007333333333333333
Autumn Term,202324,Local Authority,E92000001,England,E12000005,West Midlands,E08000026,Coventry,Special,100,99,21,0.99,0.21
Autumn Term,202324,Local Authority,E92000001,England,E12000005,West Midlands,E08000027,Dudley,Primary,100,99,24,0.99,0.24
Autumn Term,202324,Local Authority,E92000001,England,E12000005,West Midlands,E08000027,Dudley,Secondary,30000,1000,18,0.03333333333333333,0.0006
Autumn Term,202324,Local Authority,E92000001,England,E12000005,West Midlands,E08000027,Dudley,Special,30000,1000,22,0.03333333333333333,0.0007333333333333333
Autumn Term,202324,Local Authority,E92000001,England,E12000005,West Midlands,E08000028,Sandwell,Primary,30000,988,17,0.032933333333333335,0.0005666666666666667
Autumn Term,202324,Local Authority,E92000001,England,E12000005,West Midlands,E08000028,Sandwell,Secondary,30000,793,25,0.026433333333333333,0.0008333333333333334
Autumn Term,202324,Local Authority,E92000001,England,E12000005,West Midlands,E08000028,Sandwell,Special,100,99,21,0.99,0.21
Autumn Term,202324,Local Authority,E92000001,England,E12000005,West Midlands,E08000029,Solihull,Primary,30000,916,23,0.030533333333333332,0.0007666666666666667
Autumn Term,202324,Local Authority,E92000001,England,E12000005,West Midlands,E08000029,Solihull,Secondary,30000,833,13,0.027766666666666665,0.0004333333333333333
Autumn Term,202324,Local Authority,E92000001,England,E12000005,West Midlands,E08000029,Solihull,Special,30000,890,21,0.029666666666666668,0.0007
Autumn Term,202324,Local Authority,E92000001,England,E12000005,West Midlands,E08000030,Walsall,Primary,30000,1000,18,0.03333333333333333,0.0006
Autumn Term,202324,Local Authority,E92000001,England,E12000005,West Midlands,E08000030,Walsall,Secondary,100,99,19,0.99,0.19
Autumn Term,202324,Local Authority,E92000001,England,E12000005,West Midlands,E08000030,Walsall,Special,100,99,14,0.99,0.14
Autumn Term,202324,Local Authority,E92000001,England,E12000005,West Midlands,E08000031,Wolverhampton,Primary,100,99,26,0.99,0.26
Autumn Term,202324,Local Authority,E92000001,England,E12000005,West Midlands,E08000031,Wolverhampton,Secondary,100,99,16,0.99,0.16
Autumn Term,202324,Local Authority,E92000001,England,E12000005,West Midlands,E08000031,Wolverhampton,Special,30000,899,16,0.029966666666666666,0.0005333333333333334
Autumn Term,202324,Local Authority,E92000001,England,E12000003,Yorkshire and The Humber,E08000032,Bradford,Primary,30000,860,21,0.028666666666666667,0.0007
Autumn Term,202324,Local Authority,E92000001,England,E12000003,Yorkshire and The Humber,E08000032,Bradford,Secondary,100,99,24,0.99,0.24
Autumn Term,202324,Local Authority,E92000001,England,E12000003,Yorkshire and The Humber,E08000032,Bradford,Special,30000,1000,20,0.03333333333333333,0.0006666666666666666
Autumn Term,202324,Local Authority,E92000001,England,E12000003,Yorkshire and The Humber,E08000033,Calderdale,Primary,30000,1000,19,0.03333333333333333,0.0006333333333333333
Autumn Term,202324,Local Authority,E92000001,England,E12000003,Yorkshire and The Humber,E08000033,Calderdale,Secondary,100,99,16,0.99,0.16
Autumn Term,202324,Local Authority,E92000001,England,E12000003,Yorkshire and The Humber,E08000033,Calderdale,Special,100,99,22,0.99,0.22
Autumn Term,202324,Local Authority,E92000001,England,E12000003,Yorkshire and The Humber,E08000034,Kirklees,Primary,100,99,12,0.99,0.12
Autumn Term,202324,Local Authority,E92000001,England,E12000003,Yorkshire and The Humber,E08000034,Kirklees,Secondary,30000,1000,21,0.03333333333333333,0.0007
Autumn Term,202324,Local Authority,E92000001,England,E12000003,Yorkshire and The Humber,E08000034,Kirklees,Special,100,99,19,0.99,0.19
Autumn Term,202324,Local Authority,E92000001,England,E12000003,Yorkshire and The Humber,E08000035,Leeds,Primary,30000,781,19,0.026033333333333332,0.0006333333333333333
Autumn Term,202324,Local Authority,E92000001,England,E12000003,Yorkshire and The Humber,E08000035,Leeds,Secondary,100,99,26,0.99,0.26
Autumn Term,202324,Local Authority,E92000001,England,E12000003,Yorkshire and The Humber,E08000035,Leeds,Special,30000,831,18,0.0277,0.0006
Autumn Term,202324,Local Authority,E92000001,England,E12000003,Yorkshire and The Humber,E08000036,Wakefield,Primary,100,99,31,0.99,0.31
Autumn Term,202324,Local Authority,E92000001,England,E12000003,Yorkshire and The Humber,E08000036,Wakefield,Secondary,30000,816,11,0.0272,0.00036666666666666667
Autumn Term,202324,Local Authority,E92000001,England,E12000003,Yorkshire and The Humber,E08000036,Wakefield,Special,30000,1000,15,0.03333333333333333,0.0005
Autumn Term,202324,Local Authority,E92000001,England,E12000001,North East,E08000037,Gateshead,Primary,100,99,11,0.99,0.11
Autumn Term,202324,Local Authority,E92000001,England,E12000001,North East,E08000037,Gateshead,Secondary,30000,1000,23,0.03333333333333333,0.0007666666666666667
Autumn Term,202324,Local Authority,E92000001,England,E12000001,North East,E08000037,Gateshead,Special,30000,1000,18,0.03333333333333333,0.0006
Autumn Term,202324,Local Authority,E92000001,England,E12000003,Yorkshire and The Humber,E08000038,Barnsley,Primary,30000,942,22,0.0314,0.0007333333333333333
Autumn Term,202324,Local Authority,E92000001,England,E12000003,Yorkshire and The Humber,E08000038,Barnsley,Secondary,100,99,14,0.99,0.14
Autumn Term,202324,Local Authority,E92000001,England,E12000003,Yorkshire and The Humber,E08000038,Barnsley,Special,30000,890,17,0.029666666666666668,0.0005666666666666667
Autumn Term,202324,Local Authority,E92000001,England,E12000003,Yorkshire and The Humber,E08000039,Sheffield,Primary,30000,764,24,0.025466666666666665,0.0008
Autumn Term,202324,Local Authority,E92000001,England,E12000003,Yorkshire and The Humber,E08000039,Sheffield,Secondary,30000,989,18,0.032966666666666665,0.0006
Autumn Term,202324,Local Authority,E92000001,England,E12000003,Yorkshire and The Humber,E08000039,Sheffield,Special,30000,1000,16,0.03333333333333333,0.0005333333333333334
Autumn Term,202324,Local Authority,E92000001,England,E12000007,London,E09000001,City of London,Primary,100,99,17,0.99,0.17
Autumn Term,202324,Local Authority,E92000001,England,E12000007,London,E09000001,City of London,Secondary,30000,1000,32,0.03333333333333333,0.0010666666666666667
Autumn Term,202324,Local Authority,E92000001,England,E12000007,London,E09000001,City of London,Special,100,99,24,0.99,0.24
Autumn Term,202324,Local Authority,E92000001,England,E12000007,London,E09000002,Barking and Dagenham,Primary,30000,942,19,0.0314,0.0006333333333333333
Autumn Term,202324,Local Authority,E92000001,England,E12000007,London,E09000002,Barking and Dagenham,Secondary,30000,795,24,0.0265,0.0008
Autumn Term,202324,Local Authority,E92000001,England,E12000007,London,E09000002,Barking and Dagenham,Special,100,99,21,0.99,0.21
Autumn Term,202324,Local Authority,E92000001,England,E12000007,London,E09000003,Barnet,Primary,100,99,21,0.99,0.21
Autumn Term,202324,Local Authority,E92000001,England,E12000007,London,E09000003,Barnet,Secondary,30000,1000,12,0.03333333333333333,0.0004
Autumn Term,202324,Local Authority,E92000001,England,E12000007,London,E09000003,Barnet,Special,30000,1000,19,0.03333333333333333,0.0006333333333333333
Autumn Term,202324,Local Authority,E92000001,England,E12000007,London,E09000004,Bexley,Primary,30000,1000,30,0.03333333333333333,0.001
Autumn Term,202324,Local Authority,E92000001,England,E12000007,London,E09000004,Bexley,Secondary,30000,1000,12,0.03333333333333333,0.0004
Autumn Term,202324,Local Authority,E92000001,England,E12000007,London,E09000004,Bexley,Special,30000,940,21,0.03133333333333333,0.0007
Autumn Term,202324,Local Authority,E92000001,England,E12000007,London,E09000005,Brent,Primary,30000,897,20,0.0299,0.0006666666666666666
Autumn Term,202324,Local Authority,E92000001,England,E12000007,London,E09000005,Brent,Secondary,30000,1000,15,0.03333333333333333,0.0005
Autumn Term,202324,Local Authority,E92000001,England,E12000007,London,E09000005,Brent,Special,30000,923,19,0.030766666666666668,0.0006333333333333333
Autumn Term,202324,Local Authority,E92000001,England,E12000007,London,E09000006,Bromley,Primary,30000,684,23,0.0228,0.0007666666666666667
Autumn Term,202324,Local Authority,E92000001,England,E12000007,London,E09000006,Bromley,Secondary,30000,1000,22,0.03333333333333333,0.0007333333333333333
Autumn Term,202324,Local Authority,E92000001,England,E12000007,London,E09000006,Bromley,Special,100,99,21,0.99,0.21
Autumn Term,202324,Local Authority,E92000001,England,E12000007,London,E09000007,Camden,Primary,30000,830,19,0.027666666666666666,0.0006333333333333333
Autumn Term,202324,Local Authority,E92000001,England,E12000007,London,E09000007,Camden,Secondary,100,99,21,0.99,0.21
Autumn Term,202324,Local Authority,E92000001,England,E12000007,London,E09000007,Camden,Special,30000,846,18,0.0282,0.0006
Autumn Term,202324,Local Authority,E92000001,England,E12000007,London,E09000008,Croydon,Primary,100,99,23,0.99,0.23
Autumn Term,202324,Local Authority,E92000001,England,E12000007,London,E09000008,Croydon,Secondary,30000,947,20,0.031566666666666666,0.0006666666666666666
Autumn Term,202324,Local Authority,E92000001,England,E12000007,London,E09000008,Croydon,Special,30000,820,20,0.027333333333333334,0.0006666666666666666
Autumn Term,202324,Local Authority,E92000001,England,E12000007,London,E09000009,Ealing,Primary,100,99,13,0.99,0.13
Autumn Term,202324,Local Authority,E92000001,England,E12000007,London,E09000009,Ealing,Secondary,100,99,26,0.99,0.26
Autumn Term,202324,Local Authority,E92000001,England,E12000007,London,E09000009,Ealing,Special,30000,869,24,0.02896666666666667,0.0008
Autumn Term,202324,Local Authority,E92000001,England,E12000007,London,E09000010,Enfield,Primary,30000,1000,22,0.03333333333333333,0.0007333333333333333
Autumn Term,202324,Local Authority,E92000001,England,E12000007,London,E09000010,Enfield,Secondary,30000,860,30,0.028666666666666667,0.001
Autumn Term,202324,Local Authority,E92000001,England,E12000007,London,E09000010,Enfield,Special,30000,1000,15,0.03333333333333333,0.0005
Autumn Term,202324,Local Authority,E92000001,England,E12000007,London,E09000011,Greenwich,Primary,30000,789,25,0.0263,0.0008333333333333334
Autumn Term,202324,Local Authority,E92000001,England,E12000007,London,E09000011,Greenwich,Secondary,100,99,21,0.99,0.21
Autumn Term,202324,Local Authority,E92000001,England,E12000007,London,E09000011,Greenwich,Special,100,99,21,0.99,0.21
Autumn Term,202324,Local Authority,E92000001,England,E12000007,London,E09000012,Hackney,Primary,30000,894,24,0.0298,0.0008
Autumn Term,202324,Local Authority,E92000001,England,E12000007,London,E09000012,Hackney,Secondary,30000,1000,14,0.03333333333333333,0.00046666666666666666
Autumn Term,202324,Local Authority,E92000001,England,E12000007,London,E09000012,Hackney,Special,30000,848,17,0.028266666666666666,0.0005666666666666667
Autumn Term,202324,Local Authority,E92000001,England,E12000007,London,E09000013,Hammersmith and Fulham,Primary,30000,967,29,0.032233333333333336,0.0009666666666666667
Autumn Term,202324,Local Authority,E92000001,England,E12000007,London,E09000013,Hammersmith and Fulham,Secondary,30000,1000,16,0.03333333333333333,0.0005333333333333334
Autumn Term,202324,Local Authority,E92000001,England,E12000007,London,E09000013,Hammersmith and Fulham,Special,100,99,19,0.99,0.19
Autumn Term,202324,Local Authority,E92000001,England,E12000007,London,E09000014,Haringey,Primary,30000,782,14,0.026066666666666665,0.00046666666666666666
Autumn Term,202324,Local Authority,E92000001,England,E12000007,London,E09000014,Haringey,Secondary,100,99,24,0.99,0.24
Autumn Term,202324,Local Authority,E92000001,England,E12000007,London,E09000014,Haringey,Special,100,99,22,0.99,0.22
Autumn Term,202324,Local Authority,E92000001,England,E12000007,London,E09000015,Harrow,Primary,100,99,21,0.99,0.21
Autumn Term,202324,Local Authority,E92000001,England,E12000007,London,E09000015,Harrow,Secondary,30000,1000,19,0.03333333333333333,0.0006333333333333333
Autumn Term,202324,Local Authority,E92000001,England,E12000007,London,E09000015,Harrow,Special,30000,1000,16,0.03333333333333333,0.0005333333333333334
Autumn Term,202324,Local Authority,E92000001,England,E12000007,London,E09000016,Havering,Primary,30000,861,24,0.0287,0.0008
Autumn Term,202324,Local Authority,E92000001,England,E12000007,London,E09000016,Havering,Secondary,30000,956,22,0.03186666666666667,0.0007333333333333333
Autumn Term,202324,Local Authority,E92000001,England,E12000007,London,E09000016,Havering,Special,30000,1000,16,0.03333333333333333,0.0005333333333333334
Autumn Term,202324,Local Authority,E92000001,England,E12000007,London,E09000017,Hillingdon,Primary,30000,784,16,0.026133333333333335,0.0005333333333333334
Autumn Term,202324,Local Authority,E92000001,England,E12000007,London,E09000017,Hillingdon,Secondary,30000,942,16,0.0314,0.0005333333333333334
Autumn Term,202324,Local Authority,E92000001,England,E12000007,London,E09000017,Hillingdon,Special,100,99,13,0.99,0.13
Autumn Term,202324,Local Authority,E92000001,England,E12000007,London,E09000018,Hounslow,Primary,30000,873,24,0.0291,0.0008
Autumn Term,202324,Local Authority,E92000001,England,E12000007,London,E09000018,Hounslow,Secondary,30000,688,25,0.022933333333333333,0.0008333333333333334
Autumn Term,202324,Local Authority,E92000001,England,E12000007,London,E09000018,Hounslow,Special,30000,994,16,0.033133333333333334,0.0005333333333333334
Autumn Term,202324,Local Authority,E92000001,England,E12000007,London,E09000019,Islington,Primary,100,99,18,0.99,0.18
Autumn Term,202324,Local Authority,E92000001,England,E12000007,London,E09000019,Islington,Secondary,100,99,23,0.99,0.23
Autumn Term,202324,Local Authority,E92000001,England,E12000007,London,E09000019,Islington,Special,30000,860,15,0.028666666666666667,0.0005
Autumn Term,202324,Local Authority,E92000001,England,E12000007,London,E09000020,Kensington and Chelsea,Primary,30000,905,20,0.030166666666666668,0.0006666666666666666
Autumn Term,202324,Local Authority,E92000001,England,E12000007,London,E09000020,Kensington and Chelsea,Secondary,100,99,22,0.99,0.22
Autumn Term,202324,Local Authority,E92000001,England,E12000007,London,E09000020,Kensington and Chelsea,Special,30000,1000,19,0.03333333333333333,0.0006333333333333333
Autumn Term,202324,Local Authority,E92000001,England,E12000007,London,E09000021,Kingston upon Thames,Primary,100,99,20,0.99,0.2
Autumn Term,202324,Local Authority,E92000001,England,E12000007,London,E09000021,Kingston upon Thames,Secondary,30000,876,20,0.0292,0.0006666666666666666
Autumn Term,202324,Local Authority,E92000001,England,E12000007,London,E09000021,Kingston upon Thames,Special,30000,858,17,0.0286,0.0005666666666666667
Autumn Term,202324,Local Authority,E92000001,England,E12000007,London,E09000022,Lambeth,Primary,30000,845,14,0.028166666666666666,0.00046666666666666666
Autumn Term,202324,Local Authority,E92000001,England,E12000007,London,E09000022,Lambeth,Secondary,100,99,13,0.99,0.13
Autumn Term,202324,Local Authority,E92000001,England,E12000007,London,E09000022,Lambeth,Special,30000,1000,19,0.03333333333333333,0.0006333333333333333
Autumn Term,202324,Local Authority,E92000001,England,E12000007,London,E09000023,Lewisham,Primary,100,99,17,0.99,0.17
Autumn Term,202324,Local Authority,E92000001,England,E12000007,London,E09000023,Lewisham,Secondary,30000,944,17,0.031466666666666664,0.0005666666666666667
Autumn Term,202324,Local Authority,E92000001,England,E12000007,London,E09000023,Lewisham,Special,100,99,17,0.99,0.17
Autumn Term,202324,Local Authority,E92000001,England,E12000007,London,E09000024,Merton,Primary,100,99,22,0.99,0.22
Autumn Term,202324,Local Authority,E92000001,England,E12000007,London,E09000024,Merton,Secondary,30000,918,22,0.0306,0.0007333333333333333
Autumn Term,202324,Local Authority,E92000001,England,E12000007,London,E09000024,Merton,Special,30000,1000,14,0.03333333333333333,0.00046666666666666666
Autumn Term,202324,Local Authority,E92000001,England,E12000007,London,E09000025,Newham,Primary,100,99,20,0.99,0.2
Autumn Term,202324,Local Authority,E92000001,England,E12000007,London,E09000025,Newham,Secondary,100,99,15,0.99,0.15
Autumn Term,202324,Local Authority,E92000001,England,E12000007,London,E09000025,Newham,Special,30000,898,20,0.029933333333333333,0.0006666666666666666
Autumn Term,202324,Local Authority,E92000001,England,E12000007,London,E09000026,Redbridge,Primary,30000,940,24,0.03133333333333333,0.0008
Autumn Term,202324,Local Authority,E92000001,England,E12000007,London,E09000026,Redbridge,Secondary,100,99,21,0.99,0.21
Autumn Term,202324,Local Authority,E92000001,England,E12000007,London,E09000026,Redbridge,Special,100,99,15,0.99,0.15
Autumn Term,202324,Local Authority,E92000001,England,E12000007,London,E09000027,Richmond upon Thames,Primary,30000,954,15,0.0318,0.0005
Autumn Term,202324,Local Authority,E92000001,England,E12000007,London,E09000027,Richmond upon Thames,Secondary,100,99,19,0.99,0.19
Autumn Term,202324,Local Authority,E92000001,England,E12000007,London,E09000027,Richmond upon Thames,Special,30000,1000,17,0.03333333333333333,0.0005666666666666667
Autumn Term,202324,Local Authority,E92000001,England,E12000007,London,E09000028,Southwark,Primary,30000,871,16,0.029033333333333335,0.0005333333333333334
Autumn Term,202324,Local Authority,E92000001,England,E12000007,London,E09000028,Southwark,Secondary,30000,924,20,0.0308,0.0006666666666666666
Autumn Term,202324,Local Authority,E92000001,England,E12000007,London,E09000028,Southwark,Special,30000,998,27,0.03326666666666667,0.0009
Autumn Term,202324,Local Authority,E92000001,England,E12000007,London,E09000029,Sutton,Primary,100,99,21,0.99,0.21
Autumn Term,202324,Local Authority,E92000001,England,E12000007,London,E09000029,Sutton,Secondary,100,99,17,0.99,0.17
Autumn Term,202324,Local Authority,E92000001,England,E12000007,London,E09000029,Sutton,Special,100,99,23,0.99,0.23
Autumn Term,202324,Local Authority,E92000001,England,E12000007,London,E09000030,Tower Hamlets,Primary,30000,1000,22,0.03333333333333333,0.0007333333333333333
Autumn Term,202324,Local Authority,E92000001,England,E12000007,London,E09000030,Tower Hamlets,Secondary,30000,942,20,0.0314,0.0006666666666666666
Autumn Term,202324,Local Authority,E92000001,England,E12000007,London,E09000030,Tower Hamlets,Special,100,99,22,0.99,0.22
Autumn Term,202324,Local Authority,E92000001,England,E12000007,London,E09000031,Waltham Forest,Primary,30000,1000,13,0.03333333333333333,0.0004333333333333333
Autumn Term,202324,Local Authority,E92000001,England,E12000007,London,E09000031,Waltham Forest,Secondary,30000,828,15,0.0276,0.0005
Autumn Term,202324,Local Authority,E92000001,England,E12000007,London,E09000031,Waltham Forest,Special,30000,829,23,0.027633333333333333,0.0007666666666666667
Autumn Term,202324,Local Authority,E92000001,England,E12000007,London,E09000032,Wandsworth,Primary,30000,799,21,0.026633333333333332,0.0007
Autumn Term,202324,Local Authority,E92000001,England,E12000007,London,E09000032,Wandsworth,Secondary,100,99,20,0.99,0.2
Autumn Term,202324,Local Authority,E92000001,England,E12000007,London,E09000032,Wandsworth,Special,100,99,20,0.99,0.2
Autumn Term,202324,Local Authority,E92000001,England,E12000007,London,E09000033,Westminster,Primary,30000,1000,21,0.03333333333333333,0.0007
Autumn Term,202324,Local Authority,E92000001,England,E12000007,London,E09000033,Westminster,Secondary,30000,980,26,0.03266666666666666,0.0008666666666666666
Autumn Term,202324,Local Authority,E92000001,England,E12000007,London,E09000033,Westminster,Special,30000,776,16,0.025866666666666666,0.0005333333333333334
Autumn Term,202324,Local Authority,E92000001,England,E12000006,East of England,E10000001,Bedfordshire,Primary,100,99,22,0.99,0.22
Autumn Term,202324,Local Authority,E92000001,England,E12000006,East of England,E10000001,Bedfordshire,Secondary,100,99,18,0.99,0.18
Autumn Term,202324,Local Authority,E92000001,England,E12000006,East of England,E10000001,Bedfordshire,Special,30000,851,17,0.028366666666666665,0.0005666666666666667
Autumn Term,202324,Local Authority,E92000001,England,E12000008,South East,E10000002,Buckinghamshire,Primary,100,99,20,0.99,0.2
Autumn Term,202324,Local Authority,E92000001,England,E12000008,South East,E10000002,Buckinghamshire,Secondary,30000,951,30,0.0317,0.001
Autumn Term,202324,Local Authority,E92000001,England,E12000008,South East,E10000002,Buckinghamshire,Special,30000,863,16,0.028766666666666666,0.0005333333333333334
Autumn Term,202324,Local Authority,E92000001,England,E12000006,East of England,E10000003,Cambridgeshire,Primary,100,99,11,0.99,0.11
Autumn Term,202324,Local Authority,E92000001,England,E12000006,East of England,E10000003,Cambridgeshire,Secondary,30000,1000,12,0.03333333333333333,0.0004
Autumn Term,202324,Local Authority,E92000001,England,E12000006,East of England,E10000003,Cambridgeshire,Special,100,99,27,0.99,0.27
Autumn Term,202324,Local Authority,E92000001,England,E12000002,North West,E10000004,Cheshire,Primary,30000,736,24,0.024533333333333334,0.0008
Autumn Term,202324,Local Authority,E92000001,England,E12000002,North West,E10000004,Cheshire,Secondary,100,99,15,0.99,0.15
Autumn Term,202324,Local Authority,E92000001,England,E12000002,North West,E10000004,Cheshire,Special,100,99,20,0.99,0.2
Autumn Term,202324,Local Authority,E92000001,England,E12000009,South West,E10000005,Cornwall and Isles of Scilly,Primary,30000,951,19,0.0317,0.0006333333333333333
Autumn Term,202324,Local Authority,E92000001,England,E12000009,South West,E10000005,Cornwall and Isles of Scilly,Secondary,30000,730,25,0.024333333333333332,0.0008333333333333334
Autumn Term,202324,Local Authority,E92000001,England,E12000009,South West,E10000005,Cornwall and Isles of Scilly,Special,100,99,18,0.99,0.18
Autumn Term,202324,Local Authority,E92000001,England,E12000002,North West,E10000006,Cumbria,Primary,30000,978,21,0.0326,0.0007
Autumn Term,202324,Local Authority,E92000001,England,E12000002,North West,E10000006,Cumbria,Secondary,30000,1000,26,0.03333333333333333,0.0008666666666666666
Autumn Term,202324,Local Authority,E92000001,England,E12000002,North West,E10000006,Cumbria,Special,30000,764,21,0.025466666666666665,0.0007
Autumn Term,202324,Local Authority,E92000001,England,E12000004,East Midlands,E10000007,Derbyshire,Primary,30000,970,20,0.03233333333333333,0.0006666666666666666
Autumn Term,202324,Local Authority,E92000001,England,E12000004,East Midlands,E10000007,Derbyshire,Secondary,100,99,17,0.99,0.17
Autumn Term,202324,Local Authority,E92000001,England,E12000004,East Midlands,E10000007,Derbyshire,Special,30000,944,13,0.031466666666666664,0.0004333333333333333
Autumn Term,202324,Local Authority,E92000001,England,E12000009,South West,E10000008,Devon,Primary,30000,987,18,0.0329,0.0006
Autumn Term,202324,Local Authority,E92000001,England,E12000009,South West,E10000008,Devon,Secondary,30000,862,15,0.028733333333333333,0.0005
Autumn Term,202324,Local Authority,E92000001,England,E12000009,South West,E10000008,Devon,Special,30000,876,23,0.0292,0.0007666666666666667
Autumn Term,202324,Local Authority,E92000001,England,E12000009,South West,E10000009,Dorset,Primary,30000,1000,14,0.03333333333333333,0.00046666666666666666
Autumn Term,202324,Local Authority,E92000001,England,E12000009,South West,E10000009,Dorset,Secondary,30000,1000,18,0.03333333333333333,0.0006
Autumn Term,202324,Local Authority,E92000001,England,E12000009,South West,E10000009,Dorset,Special,30000,901,19,0.030033333333333332,0.0006333333333333333
Autumn Term,202324,Local Authority,E92000001,England,E12000001,North East,E10000010,Durham,Primary,100,99,18,0.99,0.18
Autumn Term,202324,Local Authority,E92000001,England,E12000001,North East,E10000010,Durham,Secondary,100,99,18,0.99,0.18
Autumn Term,202324,Local Authority,E92000001,England,E12000001,North East,E10000010,Durham,Special,30000,1000,20,0.03333333333333333,0.0006666666666666666
Autumn Term,202324,Local Authority,E92000001,England,E12000008,South East,E10000011,East Sussex,Primary,100,99,22,0.99,0.22
Autumn Term,202324,Local Authority,E92000001,England,E12000008,South East,E10000011,East Sussex,Secondary,30000,827,29,0.027566666666666666,0.0009666666666666667
Autumn Term,202324,Local Authority,E92000001,England,E12000008,South East,E10000011,East Sussex,Special,30000,892,20,0.029733333333333334,0.0006666666666666666
Autumn Term,202324,Local Authority,E92000001,England,E12000006,East of England,E10000012,Essex,Primary,100,99,22,0.99,0.22
Autumn Term,202324,Local Authority,E92000001,England,E12000006,East of England,E10000012,Essex,Secondary,100,99,16,0.99,0.16
Autumn Term,202324,Local Authority,E92000001,England,E12000006,East of England,E10000012,Essex,Special,100,99,17,0.99,0.17
Autumn Term,202324,Local Authority,E92000001,England,E12000009,South West,E10000013,Gloucestershire,Primary,30000,1000,17,0.03333333333333333,0.0005666666666666667
Autumn Term,202324,Local Authority,E92000001,England,E12000009,South West,E10000013,Gloucestershire,Secondary,30000,1000,14,0.03333333333333333,0.00046666666666666666
Autumn Term,202324,Local Authority,E92000001,England,E12000009,South West,E10000013,Gloucestershire,Special,100,99,32,0.99,0.32
Autumn Term,202324,Local Authority,E92000001,England,E12000008,South East,E10000014,Hampshire,Primary,100,99,20,0.99,0.2
Autumn Term,202324,Local Authority,E92000001,England,E12000008,South East,E10000014,Hampshire,Secondary,30000,1000,16,0.03333333333333333,0.0005333333333333334
Autumn Term,202324,Local Authority,E92000001,England,E12000008,South East,E10000014,Hampshire,Special,100,99,18,0.99,0.18
Autumn Term,202324,Local Authority,E92000001,England,E12000006,East of England,E10000015,Hertfordshire,Primary,100,99,15,0.99,0.15
Autumn Term,202324,Local Authority,E92000001,England,E12000006,East of England,E10000015,Hertfordshire,Secondary,30000,1000,21,0.03333333333333333,0.0007
Autumn Term,202324,Local Authority,E92000001,England,E12000006,East of England,E10000015,Hertfordshire,Special,100,99,16,0.99,0.16
Autumn Term,202324,Local Authority,E92000001,England,E12000008,South East,E10000016,Kent,Primary,30000,745,11,0.024833333333333332,0.00036666666666666667
Autumn Term,202324,Local Authority,E92000001,England,E12000008,South East,E10000016,Kent,Secondary,100,99,29,0.99,0.29
Autumn Term,202324,Local Authority,E92000001,England,E12000008,South East,E10000016,Kent,Special,100,99,22,0.99,0.22
Autumn Term,202324,Local Authority,E92000001,England,E12000002,North West,E10000017,Lancashire,Primary,100,99,25,0.99,0.25
Autumn Term,202324,Local Authority,E92000001,England,E12000002,North West,E10000017,Lancashire,Secondary,100,99,18,0.99,0.18
Autumn Term,202324,Local Authority,E92000001,England,E12000002,North West,E10000017,Lancashire,Special,30000,1000,25,0.03333333333333333,0.0008333333333333334
Autumn Term,202324,Local Authority,E92000001,England,E12000004,East Midlands,E10000018,Leicestershire,Primary,100,99,23,0.99,0.23
Autumn Term,202324,Local Authority,E92000001,England,E12000004,East Midlands,E10000018,Leicestershire,Secondary,100,99,20,0.99,0.2
Autumn Term,202324,Local Authority,E92000001,England,E12000004,East Midlands,E10000018,Leicestershire,Special,100,99,18,0.99,0.18
Autumn Term,202324,Local Authority,E92000001,England,E12000004,East Midlands,E10000019,Lincolnshire,Primary,100,99,22,0.99,0.22
Autumn Term,202324,Local Authority,E92000001,England,E12000004,East Midlands,E10000019,Lincolnshire,Secondary,30000,1000,25,0.03333333333333333,0.0008333333333333334
Autumn Term,202324,Local Authority,E92000001,England,E12000004,East Midlands,E10000019,Lincolnshire,Special,100,99,29,0.99,0.29
Autumn Term,202324,Local Authority,E92000001,England,E12000006,East of England,E10000020,Norfolk,Primary,30000,873,20,0.0291,0.0006666666666666666
Autumn Term,202324,Local Authority,E92000001,England,E12000006,East of England,E10000020,Norfolk,Secondary,100,99,21,0.99,0.21
Autumn Term,202324,Local Authority,E92000001,England,E12000006,East of England,E10000020,Norfolk,Special,100,99,24,0.99,0.24
Autumn Term,202324,Local Authority,E92000001,England,E12000004,East Midlands,E10000021,Northamptonshire,Primary,30000,725,24,0.024166666666666666,0.0008
Autumn Term,202324,Local Authority,E92000001,England,E12000004,East Midlands,E10000021,Northamptonshire,Secondary,100,99,13,0.99,0.13
Autumn Term,202324,Local Authority,E92000001,England,E12000004,East Midlands,E10000021,Northamptonshire,Special,30000,1000,17,0.03333333333333333,0.0005666666666666667
Autumn Term,202324,Local Authority,E92000001,England,E12000001,North East,E10000022,Northumberland,Primary,100,99,13,0.99,0.13
Autumn Term,202324,Local Authority,E92000001,England,E12000001,North East,E10000022,Northumberland,Secondary,100,99,19,0.99,0.19
Autumn Term,202324,Local Authority,E92000001,England,E12000001,North East,E10000022,Northumberland,Special,30000,1000,22,0.03333333333333333,0.0007333333333333333
Autumn Term,202324,Local Authority,E92000001,England,E12000003,Yorkshire and The Humber,E10000023,North Yorkshire,Primary,100,99,25,0.99,0.25
Autumn Term,202324,Local Authority,E92000001,England,E12000003,Yorkshire and The Humber,E10000023,North Yorkshire,Secondary,30000,717,31,0.0239,0.0010333333333333334
Autumn Term,202324,Local Authority,E92000001,England,E12000003,Yorkshire and The Humber,E10000023,North Yorkshire,Special,30000,860,19,0.028666666666666667,0.0006333333333333333
Autumn Term,202324,Local Authority,E92000001,England,E12000004,East Midlands,E10000024,Nottinghamshire,Primary,100,99,21,0.99,0.21
Autumn Term,202324,Local Authority,E92000001,England,E12000004,East Midlands,E10000024,Nottinghamshire,Secondary,30000,1000,23,0.03333333333333333,0.0007666666666666667
Autumn Term,202324,Local Authority,E92000001,England,E12000004,East Midlands,E10000024,Nottinghamshire,Special,100,99,24,0.99,0.24
Autumn Term,202324,Local Authority,E92000001,England,E12000008,South East,E10000025,Oxfordshire,Primary,100,99,24,0.99,0.24
Autumn Term,202324,Local Authority,E92000001,England,E12000008,South East,E10000025,Oxfordshire,Secondary,30000,859,17,0.028633333333333334,0.0005666666666666667
Autumn Term,202324,Local Authority,E92000001,England,E12000008,South East,E10000025,Oxfordshire,Special,30000,688,23,0.022933333333333333,0.0007666666666666667
Autumn Term,202324,Local Authority,E92000001,England,E12000005,West Midlands,E10000026,Shropshire,Primary,100,99,14,0.99,0.14
Autumn Term,202324,Local Authority,E92000001,England,E12000005,West Midlands,E10000026,Shropshire,Secondary,30000,963,19,0.0321,0.0006333333333333333
Autumn Term,202324,Local Authority,E92000001,England,E12000005,West Midlands,E10000026,Shropshire,Special,30000,1000,17,0.03333333333333333,0.0005666666666666667
Autumn Term,202324,Local Authority,E92000001,England,E12000009,South West,E10000027,Somerset,Primary,30000,800,21,0.02666666666666667,0.0007
Autumn Term,202324,Local Authority,E92000001,England,E12000009,South West,E10000027,Somerset,Secondary,100,99,17,0.99,0.17
Autumn Term,202324,Local Authority,E92000001,England,E12000009,South West,E10000027,Somerset,Special,30000,911,18,0.030366666666666667,0.0006
Autumn Term,202324,Local Authority,E92000001,England,E12000005,West Midlands,E10000028,Staffordshire,Primary,30000,911,15,0.030366666666666667,0.0005
Autumn Term,202324,Local Authority,E92000001,England,E12000005,West Midlands,E10000028,Staffordshire,Secondary,100,99,14,0.99,0.14
Autumn Term,202324,Local Authority,E92000001,England,E12000005,West Midlands,E10000028,Staffordshire,Special,100,99,29,0.99,0.29
Autumn Term,202324,Local Authority,E92000001,England,E12000006,East of England,E10000029,Suffolk,Primary,30000,1000,26,0.03333333333333333,0.0008666666666666666
Autumn Term,202324,Local Authority,E92000001,England,E12000006,East of England,E10000029,Suffolk,Secondary,100,99,25,0.99,0.25
Autumn Term,202324,Local Authority,E92000001,England,E12000006,East of England,E10000029,Suffolk,Special,30000,780,20,0.026,0.0006666666666666666
Autumn Term,202324,Local Authority,E92000001,England,E12000008,South East,E10000030,Surrey,Primary,100,99,15,0.99,0.15
Autumn Term,202324,Local Authority,E92000001,England,E12000008,South East,E10000030,Surrey,Secondary,100,99,18,0.99,0.18
Autumn Term,202324,Local Authority,E92000001,England,E12000008,South East,E10000030,Surrey,Special,30000,923,23,0.030766666666666668,0.0007666666666666667
Autumn Term,202324,Local Authority,E92000001,England,E12000005,West Midlands,E10000031,Warwickshire,Primary,30000,1000,20,0.03333333333333333,0.0006666666666666666
Autumn Term,202324,Local Authority,E92000001,England,E12000005,West Midlands,E10000031,Warwickshire,Secondary,100,99,15,0.99,0.15
Autumn Term,202324,Local Authority,E92000001,England,E12000005,West Midlands,E10000031,Warwickshire,Special,30000,901,24,0.030033333333333332,0.0008
Autumn Term,202324,Local Authority,E92000001,England,E12000008,South East,E10000032,West Sussex,Primary,100,99,17,0.99,0.17
Autumn Term,202324,Local Authority,E92000001,England,E12000008,South East,E10000032,West Sussex,Secondary,30000,912,21,0.0304,0.0007
Autumn Term,202324,Local Authority,E92000001,England,E12000008,South East,E10000032,West Sussex,Special,30000,787,14,0.026233333333333334,0.00046666666666666666
Autumn Term,202324,Local Authority,E92000001,England,E12000009,South West,E10000033,Wiltshire,Primary,30000,867,15,0.0289,0.0005
Autumn Term,202324,Local Authority,E92000001,England,E12000009,South West,E10000033,Wiltshire,Secondary,100,99,18,0.99,0.18
Autumn Term,202324,Local Authority,E92000001,England,E12000009,South West,E10000033,Wiltshire,Special,100,99,18,0.99,0.18
Autumn Term,202324,Local Authority,E92000001,England,E12000005,West Midlands,E10000034,Worcestershire,Primary,30000,1000,25,0.03333333333333333,0.0008333333333333334
Autumn Term,202324,Local Authority,E92000001,England,E12000005,West Midlands,E10000034,Worcestershire,Secondary,100,99,30,0.99,0.3
Autumn Term,202324,Local Authority,E92000001,England,E12000005,West Midlands,E10000034,Worcestershire,Special,100,99,26,0.99,0.26
Autumn Term,202425,Local Authority,E92000001,England,E12000001,North East,E06000001,Hartlepool,Primary,30000,781,17,0.026033333333333332,0.0005666666666666667
Autumn Term,202425,Local Authority,E92000001,England,E12000001,North East,E06000001,Hartlepool,Secondary,30000,1000,20,0.03333333333333333,0.0006666666666666666
Autumn Term,202425,Local Authority,E92000001,England,E12000001,North East,E06000001,Hartlepool,Special,30000,1000,17,0.03333333333333333,0.0005666666666666667
Autumn Term,202425,Local Authority,E92000001,England,E12000001,North East,E06000002,Middlesbrough,Primary,30000,865,17,0.028833333333333332,0.0005666666666666667
Autumn Term,202425,Local Authority,E92000001,England,E12000001,North East,E06000002,Middlesbrough,Secondary,30000,1000,17,0.03333333333333333,0.0005666666666666667
Autumn Term,202425,Local Authority,E92000001,England,E12000001,North East,E06000002,Middlesbrough,Special,30000,963,24,0.0321,0.0008
Autumn Term,202425,Local Authority,E92000001,England,E12000001,North East,E06000003,Redcar and Cleveland,Primary,100,99,12,0.99,0.12
Autumn Term,202425,Local Authority,E92000001,England,E12000001,North East,E06000003,Redcar and Cleveland,Secondary,30000,1000,20,0.03333333333333333,0.0006666666666666666
Autumn Term,202425,Local Authority,E92000001,England,E12000001,North East,E06000003,Redcar and Cleveland,Special,100,99,25,0.99,0.25
Autumn Term,202425,Local Authority,E92000001,England,E12000001,North East,E06000004,Stockton-on-Tees,Primary,100,99,16,0.99,0.16
Autumn Term,202425,Local Authority,E92000001,England,E12000001,North East,E06000004,Stockton-on-Tees,Secondary,100,99,21,0.99,0.21
Autumn Term,202425,Local Authority,E92000001,England,E12000001,North East,E06000004,Stockton-on-Tees,Special,30000,1000,17,0.03333333333333333,0.0005666666666666667
Autumn Term,202425,Local Authority,E92000001,England,E12000001,North East,E06000005,Darlington,Primary,30000,797,23,0.026566666666666666,0.0007666666666666667
Autumn Term,202425,Local Authority,E92000001,England,E12000001,North East,E06000005,Darlington,Secondary,30000,972,17,0.0324,0.0005666666666666667
Autumn Term,202425,Local Authority,E92000001,England,E12000001,North East,E06000005,Darlington,Special,100,99,16,0.99,0.16
Autumn Term,202425,Local Authority,E92000001,England,E12000002,North West,E06000006,Halton,Primary,100,99,19,0.99,0.19
Autumn Term,202425,Local Authority,E92000001,England,E12000002,North West,E06000006,Halton,Secondary,100,99,19,0.99,0.19
Autumn Term,202425,Local Authority,E92000001,England,E12000002,North West,E06000006,Halton,Special,100,99,16,0.99,0.16
Autumn Term,202425,Local Authority,E92000001,England,E12000002,North West,E06000007,Warrington,Primary,100,99,25,0.99,0.25
Autumn Term,202425,Local Authority,E92000001,England,E12000002,North West,E06000007,Warrington,Secondary,30000,948,23,0.0316,0.0007666666666666667
Autumn Term,202425,Local Authority,E92000001,England,E12000002,North West,E06000007,Warrington,Special,100,99,20,0.99,0.2
Autumn Term,202425,Local Authority,E92000001,England,E12000002,North West,E06000008,Blackburn with Darwen,Primary,30000,1000,19,0.03333333333333333,0.0006333333333333333
Autumn Term,202425,Local Authority,E92000001,England,E12000002,North West,E06000008,Blackburn with Darwen,Secondary,100,99,24,0.99,0.24
Autumn Term,202425,Local Authority,E92000001,England,E12000002,North West,E06000008,Blackburn with Darwen,Special,100,99,25,0.99,0.25
Autumn Term,202425,Local Authority,E92000001,England,E12000002,North West,E06000009,Blackpool,Primary,30000,892,23,0.029733333333333334,0.0007666666666666667
Autumn Term,202425,Local Authority,E92000001,England,E12000002,North West,E06000009,Blackpool,Secondary,30000,756,19,0.0252,0.0006333333333333333
Autumn Term,202425,Local Authority,E92000001,England,E12000002,North West,E06000009,Blackpool,Special,30000,776,27,0.025866666666666666,0.0009
Autumn Term,202425,Local Authority,E92000001,England,E12000003,Yorkshire and The Humber,E06000010,"Kingston upon Hull, City of",Primary,30000,777,17,0.0259,0.0005666666666666667
Autumn Term,202425,Local Authority,E92000001,England,E12000003,Yorkshire and The Humber,E06000010,"Kingston upon Hull, City of",Secondary,30000,947,13,0.031566666666666666,0.0004333333333333333
Autumn Term,202425,Local Authority,E92000001,England,E12000003,Yorkshire and The Humber,E06000010,"Kingston upon Hull, City of",Special,100,99,17,0.99,0.17
Autumn Term,202425,Local Authority,E92000001,England,E12000003,Yorkshire and The Humber,E06000011,East Riding of Yorkshire,Primary,30000,812,21,0.027066666666666666,0.0007
Autumn Term,202425,Local Authority,E92000001,England,E12000003,Yorkshire and The Humber,E06000011,East Riding of Yorkshire,Secondary,100,99,16,0.99,0.16
Autumn Term,202425,Local Authority,E92000001,England,E12000003,Yorkshire and The Humber,E06000011,East Riding of Yorkshire,Special,30000,856,22,0.028533333333333334,0.0007333333333333333
Autumn Term,202425,Local Authority,E92000001,England,E12000003,Yorkshire and The Humber,E06000012,North East Lincolnshire,Primary,30000,785,13,0.026166666666666668,0.0004333333333333333
Autumn Term,202425,Local Authority,E92000001,England,E12000003,Yorkshire and The Humber,E06000012,North East Lincolnshire,Secondary,30000,1000,13,0.03333333333333333,0.0004333333333333333
Autumn Term,202425,Local Authority,E92000001,England,E12000003,Yorkshire and The Humber,E06000012,North East Lincolnshire,Special,30000,997,20,0.03323333333333333,0.0006666666666666666
Autumn Term,202425,Local Authority,E92000001,England,E12000003,Yorkshire and The Humber,E06000013,North Lincolnshire,Primary,30000,920,25,0.030666666666666665,0.0008333333333333334
Autumn Term,202425,Local Authority,E92000001,England,E12000003,Yorkshire and The Humber,E06000013,North Lincolnshire,Secondary,30000,699,19,0.0233,0.0006333333333333333
Autumn Term,202425,Local Authority,E92000001,England,E12000003,Yorkshire and The Humber,E06000013,North Lincolnshire,Special,30000,792,18,0.0264,0.0006
Autumn Term,202425,Local Authority,E92000001,England,E12000003,Yorkshire and The Humber,E06000014,York,Primary,100,99,22,0.99,0.22
Autumn Term,202425,Local Authority,E92000001,England,E12000003,Yorkshire and The Humber,E06000014,York,Secondary,100,99,20,0.99,0.2
Autumn Term,202425,Local Authority,E92000001,England,E12000003,Yorkshire and The Humber,E06000014,York,Special,30000,1000,17,0.03333333333333333,0.0005666666666666667
Autumn Term,202425,Local Authority,E92000001,England,E12000004,East Midlands,E06000015,Derby,Primary,100,99,19,0.99,0.19
Autumn Term,202425,Local Authority,E92000001,England,E12000004,East Midlands,E06000015,Derby,Secondary,100,99,21,0.99,0.21
Autumn Term,202425,Local Authority,E92000001,England,E12000004,East Midlands,E06000015,Derby,Special,100,99,17,0.99,0.17
Autumn Term,202425,Local Authority,E92000001,England,E12000004,East Midlands,E06000016,Leicester,Primary,100,99,19,0.99,0.19
Autumn Term,202425,Local Authority,E92000001,England,E12000004,East Midlands,E06000016,Leicester,Secondary,100,99,21,0.99,0.21
Autumn Term,202425,Local Authority,E92000001,England,E12000004,East Midlands,E06000016,Leicester,Special,30000,950,25,0.03166666666666667,0.0008333333333333334
Autumn Term,202425,Local Authority,E92000001,England,E12000004,East Midlands,E06000017,Rutland,Primary,30000,1000,25,0.03333333333333333,0.0008333333333333334
Autumn Term,202425,Local Authority,E92000001,England,E12000004,East Midlands,E06000017,Rutland,Secondary,30000,944,23,0.031466666666666664,0.0007666666666666667
Autumn Term,202425,Local Authority,E92000001,England,E12000004,East Midlands,E06000017,Rutland,Special,100,99,23,0.99,0.23
Autumn Term,202425,Local Authority,E92000001,England,E12000004,East Midlands,E06000018,Nottingham,Primary,100,99,18,0.99,0.18
Autumn Term,202425,Local Authority,E92000001,England,E12000004,East Midlands,E06000018,Nottingham,Secondary,30000,933,23,0.0311,0.0007666666666666667
Autumn Term,202425,Local Authority,E92000001,England,E12000004,East Midlands,E06000018,Nottingham,Special,30000,1000,17,0.03333333333333333,0.0005666666666666667
Autumn Term,202425,Local Authority,E92000001,England,E12000005,West Midlands,E06000019,"Herefordshire, County of",Primary,30000,841,19,0.028033333333333334,0.0006333333333333333
Autumn Term,202425,Local Authority,E92000001,England,E12000005,West Midlands,E06000019,"Herefordshire, County of",Secondary,100,99,18,0.99,0.18
Autumn Term,202425,Local Authority,E92000001,England,E12000005,West Midlands,E06000019,"Herefordshire, County of",Special,100,99,25,0.99,0.25
Autumn Term,202425,Local Authority,E92000001,England,E12000005,West Midlands,E06000020,Telford and Wrekin,Primary,100,99,24,0.99,0.24
Autumn Term,202425,Local Authority,E92000001,England,E12000005,West Midlands,E06000020,Telford and Wrekin,Secondary,30000,1000,27,0.03333333333333333,0.0009
Autumn Term,202425,Local Authority,E92000001,England,E12000005,West Midlands,E06000020,Telford and Wrekin,Special,100,99,22,0.99,0.22
Autumn Term,202425,Local Authority,E92000001,England,E12000005,West Midlands,E06000021,Stoke-on-Trent,Primary,30000,1000,20,0.03333333333333333,0.0006666666666666666
Autumn Term,202425,Local Authority,E92000001,England,E12000005,West Midlands,E06000021,Stoke-on-Trent,Secondary,100,99,14,0.99,0.14
Autumn Term,202425,Local Authority,E92000001,England,E12000005,West Midlands,E06000021,Stoke-on-Trent,Special,100,99,19,0.99,0.19
Autumn Term,202425,Local Authority,E92000001,England,E12000009,South West,E06000022,Bath and North East Somerset,Primary,30000,874,16,0.029133333333333334,0.0005333333333333334
Autumn Term,202425,Local Authority,E92000001,England,E12000009,South West,E06000022,Bath and North East Somerset,Secondary,100,99,16,0.99,0.16
Autumn Term,202425,Local Authority,E92000001,England,E12000009,South West,E06000022,Bath and North East Somerset,Special,100,99,17,0.99,0.17
Autumn Term,202425,Local Authority,E92000001,England,E12000009,South West,E06000023,"Bristol, City of",Primary,30000,1000,15,0.03333333333333333,0.0005
Autumn Term,202425,Local Authority,E92000001,England,E12000009,South West,E06000023,"Bristol, City of",Secondary,30000,895,24,0.029833333333333333,0.0008
Autumn Term,202425,Local Authority,E92000001,England,E12000009,South West,E06000023,"Bristol, City of",Special,30000,853,25,0.028433333333333335,0.0008333333333333334
Autumn Term,202425,Local Authority,E92000001,England,E12000009,South West,E06000024,North Somerset,Primary,100,99,37,0.99,0.37
Autumn Term,202425,Local Authority,E92000001,England,E12000009,South West,E06000024,North Somerset,Secondary,30000,830,17,0.027666666666666666,0.0005666666666666667
Autumn Term,202425,Local Authority,E92000001,England,E12000009,South West,E06000024,North Somerset,Special,100,99,18,0.99,0.18
Autumn Term,202425,Local Authority,E92000001,England,E12000009,South West,E06000025,South Gloucestershire,Primary,30000,1000,19,0.03333333333333333,0.0006333333333333333
Autumn Term,202425,Local Authority,E92000001,England,E12000009,South West,E06000025,South Gloucestershire,Secondary,30000,1000,21,0.03333333333333333,0.0007
Autumn Term,202425,Local Authority,E92000001,England,E12000009,South West,E06000025,South Gloucestershire,Special,100,99,24,0.99,0.24
Autumn Term,202425,Local Authority,E92000001,England,E12000009,South West,E06000026,Plymouth,Primary,100,99,14,0.99,0.14
Autumn Term,202425,Local Authority,E92000001,England,E12000009,South West,E06000026,Plymouth,Secondary,100,99,20,0.99,0.2
Autumn Term,202425,Local Authority,E92000001,England,E12000009,South West,E06000026,Plymouth,Special,30000,965,22,0.03216666666666667,0.0007333333333333333
Autumn Term,202425,Local Authority,E92000001,England,E12000009,South West,E06000027,Torbay,Primary,100,99,22,0.99,0.22
Autumn Term,202425,Local Authority,E92000001,England,E12000009,South West,E06000027,Torbay,Secondary,100,99,17,0.99,0.17
Autumn Term,202425,Local Authority,E92000001,England,E12000009,South West,E06000027,Torbay,Special,100,99,16,0.99,0.16
Autumn Term,202425,Local Authority,E92000001,England,E12000009,South West,E06000028,Bournemouth,Primary,30000,1000,21,0.03333333333333333,0.0007
Autumn Term,202425,Local Authority,E92000001,England,E12000009,South West,E06000028,Bournemouth,Secondary,30000,1000,18,0.03333333333333333,0.0006
Autumn Term,202425,Local Authority,E92000001,England,E12000009,South West,E06000028,Bournemouth,Special,30000,969,18,0.0323,0.0006
Autumn Term,202425,Local Authority,E92000001,England,E12000009,South West,E06000029,Poole,Primary,30000,592,16,0.019733333333333332,0.0005333333333333334
Autumn Term,202425,Local Authority,E92000001,England,E12000009,South West,E06000029,Poole,Secondary,30000,932,14,0.031066666666666666,0.00046666666666666666
Autumn Term,202425,Local Authority,E92000001,England,E12000009,South West,E06000029,Poole,Special,30000,933,22,0.0311,0.0007333333333333333
Autumn Term,202425,Local Authority,E92000001,England,E12000009,South West,E06000030,Swindon,Primary,30000,930,20,0.031,0.0006666666666666666
Autumn Term,202425,Local Authority,E92000001,England,E12000009,South West,E06000030,Swindon,Secondary,30000,904,18,0.030133333333333335,0.0006
Autumn Term,202425,Local Authority,E92000001,England,E12000009,South West,E06000030,Swindon,Special,30000,969,24,0.0323,0.0008
Autumn Term,202425,Local Authority,E92000001,England,E12000006,East of England,E06000031,Peterborough,Primary,100,99,23,0.99,0.23
Autumn Term,202425,Local Authority,E92000001,England,E12000006,East of England,E06000031,Peterborough,Secondary,30000,792,24,0.0264,0.0008
Autumn Term,202425,Local Authority,E92000001,England,E12000006,East of England,E06000031,Peterborough,Special,30000,989,18,0.032966666666666665,0.0006
Autumn Term,202425,Local Authority,E92000001,England,E12000006,East of England,E06000032,Luton,Primary,30000,882,26,0.0294,0.0008666666666666666
Autumn Term,202425,Local Authority,E92000001,England,E12000006,East of England,E06000032,Luton,Secondary,30000,973,15,0.032433333333333335,0.0005
Autumn Term,202425,Local Authority,E92000001,England,E12000006,East of England,E06000032,Luton,Special,30000,801,29,0.0267,0.0009666666666666667
Autumn Term,202425,Local Authority,E92000001,England,E12000006,East of England,E06000033,Southend-on-Sea,Primary,100,99,21,0.99,0.21
Autumn Term,202425,Local Authority,E92000001,England,E12000006,East of England,E06000033,Southend-on-Sea,Secondary,30000,969,25,0.0323,0.0008333333333333334
Autumn Term,202425,Local Authority,E92000001,England,E12000006,East of England,E06000033,Southend-on-Sea,Special,100,99,14,0.99,0.14
Autumn Term,202425,Local Authority,E92000001,England,E12000006,East of England,E06000034,Thurrock,Primary,30000,981,18,0.0327,0.0006
Autumn Term,202425,Local Authority,E92000001,England,E12000006,East of England,E06000034,Thurrock,Secondary,30000,984,17,0.0328,0.0005666666666666667
Autumn Term,202425,Local Authority,E92000001,England,E12000006,East of England,E06000034,Thurrock,Special,100,99,16,0.99,0.16
Autumn Term,202425,Local Authority,E92000001,England,E12000008,South East,E06000035,Medway,Primary,100,99,15,0.99,0.15
Autumn Term,202425,Local Authority,E92000001,England,E12000008,South East,E06000035,Medway,Secondary,100,99,20,0.99,0.2
Autumn Term,202425,Local Authority,E92000001,England,E12000008,South East,E06000035,Medway,Special,100,99,21,0.99,0.21
Autumn Term,202425,Local Authority,E92000001,England,E12000008,South East,E06000036,Bracknell Forest,Primary,30000,1000,21,0.03333333333333333,0.0007
Autumn Term,202425,Local Authority,E92000001,England,E12000008,South East,E06000036,Bracknell Forest,Secondary,30000,820,16,0.027333333333333334,0.0005333333333333334
Autumn Term,202425,Local Authority,E92000001,England,E12000008,South East,E06000036,Bracknell Forest,Special,100,99,20,0.99,0.2
Autumn Term,202425,Local Authority,E92000001,England,E12000008,South East,E06000037,West Berkshire,Primary,30000,844,29,0.028133333333333333,0.0009666666666666667
Autumn Term,202425,Local Authority,E92000001,England,E12000008,South East,E06000037,West Berkshire,Secondary,30000,862,21,0.028733333333333333,0.0007
Autumn Term,202425,Local Authority,E92000001,England,E12000008,South East,E06000037,West Berkshire,Special,30000,982,22,0.032733333333333337,0.0007333333333333333
Autumn Term,202425,Local Authority,E92000001,England,E12000008,South East,E06000038,Reading,Primary,30000,1000,20,0.03333333333333333,0.0006666666666666666
Autumn Term,202425,Local Authority,E92000001,England,E12000008,South East,E06000038,Reading,Secondary,30000,890,20,0.029666666666666668,0.0006666666666666666
Autumn Term,202425,Local Authority,E92000001,England,E12000008,South East,E06000038,Reading,Special,30000,809,24,0.026966666666666667,0.0008
Autumn Term,202425,Local Authority,E92000001,England,E12000008,South East,E06000039,Slough,Primary,100,99,13,0.99,0.13
Autumn Term,202425,Local Authority,E92000001,England,E12000008,South East,E06000039,Slough,Secondary,30000,688,29,0.022933333333333333,0.0009666666666666667
Autumn Term,202425,Local Authority,E92000001,England,E12000008,South East,E06000039,Slough,Special,30000,833,19,0.027766666666666665,0.0006333333333333333
Autumn Term,202425,Local Authority,E92000001,England,E12000008,South East,E06000040,Windsor and Maidenhead,Primary,30000,976,17,0.03253333333333333,0.0005666666666666667
Autumn Term,202425,Local Authority,E92000001,England,E12000008,South East,E06000040,Windsor and Maidenhead,Secondary,100,99,21,0.99,0.21
Autumn Term,202425,Local Authority,E92000001,England,E12000008,South East,E06000040,Windsor and Maidenhead,Special,100,99,15,0.99,0.15
Autumn Term,202425,Local Authority,E92000001,England,E12000008,South East,E06000041,Wokingham,Primary,30000,840,12,0.028,0.0004
Autumn Term,202425,Local Authority,E92000001,England,E12000008,South East,E06000041,Wokingham,Secondary,100,99,25,0.99,0.25
Autumn Term,202425,Local Authority,E92000001,England,E12000008,South East,E06000041,Wokingham,Special,30000,764,19,0.025466666666666665,0.0006333333333333333
Autumn Term,202425,Local Authority,E92000001,England,E12000008,South East,E06000042,Milton Keynes,Primary,100,99,23,0.99,0.23
Autumn Term,202425,Local Authority,E92000001,England,E12000008,South East,E06000042,Milton Keynes,Secondary,100,99,22,0.99,0.22
Autumn Term,202425,Local Authority,E92000001,England,E12000008,South East,E06000042,Milton Keynes,Special,30000,849,24,0.0283,0.0008
Autumn Term,202425,Local Authority,E92000001,England,E12000008,South East,E06000043,Brighton and Hove,Primary,30000,953,25,0.031766666666666665,0.0008333333333333334
Autumn Term,202425,Local Authority,E92000001,England,E12000008,South East,E06000043,Brighton and Hove,Secondary,30000,715,22,0.023833333333333335,0.0007333333333333333
Autumn Term,202425,Local Authority,E92000001,England,E12000008,South East,E06000043,Brighton and Hove,Special,30000,1000,22,0.03333333333333333,0.0007333333333333333
Autumn Term,202425,Local Authority,E92000001,England,E12000008,South East,E06000044,Portsmouth,Primary,30000,1000,19,0.03333333333333333,0.0006333333333333333
Autumn Term,202425,Local Authority,E92000001,England,E12000008,South East,E06000044,Portsmouth,Secondary,100,99,19,0.99,0.19
Autumn Term,202425,Local Authority,E92000001,England,E12000008,South East,E06000044,Portsmouth,Special,100,99,21,0.99,0.21
Autumn Term,202425,Local Authority,E92000001,England,E12000008,South East,E06000045,Southampton,Primary,30000,938,15,0.031266666666666665,0.0005
Autumn Term,202425,Local Authority,E92000001,England,E12000008,South East,E06000045,Southampton,Secondary,30000,704,17,0.023466666666666667,0.0005666666666666667
Autumn Term,202425,Local Authority,E92000001,England,E12000008,South East,E06000045,Southampton,Special,100,99,25,0.99,0.25
Autumn Term,202425,Local Authority,E92000001,England,E12000008,South East,E06000046,Isle of Wight,Primary,30000,932,16,0.031066666666666666,0.0005333333333333334
Autumn Term,202425,Local Authority,E92000001,England,E12000008,South East,E06000046,Isle of Wight,Secondary,100,99,23,0.99,0.23
Autumn Term,202425,Local Authority,E92000001,England,E12000008,South East,E06000046,Isle of Wight,Special,100,99,19,0.99,0.19
Autumn Term,202425,Local Authority,E92000001,England,E12000001,North East,E06000047,County Durham,Primary,30000,996,26,0.0332,0.0008666666666666666
Autumn Term,202425,Local Authority,E92000001,England,E12000001,North East,E06000047,County Durham,Secondary,30000,861,22,0.0287,0.0007333333333333333
Autumn Term,202425,Local Authority,E92000001,England,E12000001,North East,E06000047,County Durham,Special,30000,880,22,0.029333333333333333,0.0007333333333333333
Autumn Term,202425,Local Authority,E92000001,England,E12000001,North East,E06000048,Northumberland,Primary,30000,1000,22,0.03333333333333333,0.0007333333333333333
Autumn Term,202425,Local Authority,E92000001,England,E12000001,North East,E06000048,Northumberland,Secondary,30000,1000,26,0.03333333333333333,0.0008666666666666666
Autumn Term,202425,Local Authority,E92000001,England,E12000001,North East,E06000048,Northumberland,Special,30000,748,28,0.02493333333333333,0.0009333333333333333
Autumn Term,202425,Local Authority,E92000001,England,E12000002,North West,E06000049,Cheshire East,Primary,100,99,18,0.99,0.18
Autumn Term,202425,Local Authority,E92000001,England,E12000002,North West,E06000049,Cheshire East,Secondary,30000,1000,25,0.03333333333333333,0.0008333333333333334
Autumn Term,202425,Local Authority,E92000001,England,E12000002,North West,E06000049,Cheshire East,Special,30000,810,16,0.027,0.0005333333333333334
Autumn Term,202425,Local Authority,E92000001,England,E12000002,North West,E06000050,Cheshire West and Chester,Primary,30000,779,21,0.025966666666666666,0.0007
Autumn Term,202425,Local Authority,E92000001,England,E12000002,North West,E06000050,Cheshire West and Chester,Secondary,100,99,19,0.99,0.19
Autumn Term,202425,Local Authority,E92000001,England,E12000002,North West,E06000050,Cheshire West and Chester,Special,100,99,17,0.99,0.17
Autumn Term,202425,Local Authority,E92000001,England,E12000005,West Midlands,E06000051,Shropshire,Primary,30000,1000,19,0.03333333333333333,0.0006333333333333333
Autumn Term,202425,Local Authority,E92000001,England,E12000005,West Midlands,E06000051,Shropshire,Secondary,100,99,19,0.99,0.19
Autumn Term,202425,Local Authority,E92000001,England,E12000005,West Midlands,E06000051,Shropshire,Special,30000,700,14,0.023333333333333334,0.00046666666666666666
Autumn Term,202425,Local Authority,E92000001,England,E12000009,South West,E06000052,Cornwall,Primary,30000,948,19,0.0316,0.0006333333333333333
Autumn Term,202425,Local Authority,E92000001,England,E12000009,South West,E06000052,Cornwall,Secondary,30000,1000,26,0.03333333333333333,0.0008666666666666666
Autumn Term,202425,Local Authority,E92000001,England,E12000009,South West,E06000052,Cornwall,Special,30000,1000,28,0.03333333333333333,0.0009333333333333333
Autumn Term,202425,Local Authority,E92000001,England,E12000009,South West,E06000053,Isles of Scilly,Primary,100,99,20,0.99,0.2
Autumn Term,202425,Local Authority,E92000001,England,E12000009,South West,E06000053,Isles of Scilly,Secondary,30000,992,25,0.03306666666666667,0.0008333333333333334
Autumn Term,202425,Local Authority,E92000001,England,E12000009,South West,E06000053,Isles of Scilly,Special,30000,1000,14,0.03333333333333333,0.00046666666666666666
Autumn Term,202425,Local Authority,E92000001,England,E12000009,South West,E06000054,Wiltshire,Primary,30000,713,22,0.023766666666666665,0.0007333333333333333
Autumn Term,202425,Local Authority,E92000001,England,E12000009,South West,E06000054,Wiltshire,Secondary,30000,837,14,0.0279,0.00046666666666666666
Autumn Term,202425,Local Authority,E92000001,England,E12000009,South West,E06000054,Wiltshire,Special,100,99,19,0.99,0.19
Autumn Term,202425,Local Authority,E92000001,England,E12000006,East of England,E06000055,Bedford,Primary,30000,613,17,0.020433333333333335,0.0005666666666666667
Autumn Term,202425,Local Authority,E92000001,England,E12000006,East of England,E06000055,Bedford,Secondary,100,99,17,0.99,0.17
Autumn Term,202425,Local Authority,E92000001,England,E12000006,East of England,E06000055,Bedford,Special,30000,919,16,0.030633333333333332,0.0005333333333333334
Autumn Term,202425,Local Authority,E92000001,England,E12000006,East of England,E06000056,Central Bedfordshire,Primary,30000,867,19,0.0289,0.0006333333333333333
Autumn Term,202425,Local Authority,E92000001,England,E12000006,East of England,E06000056,Central Bedfordshire,Secondary,30000,1000,13,0.03333333333333333,0.0004333333333333333
Autumn Term,202425,Local Authority,E92000001,England,E12000006,East of England,E06000056,Central Bedfordshire,Special,100,99,15,0.99,0.15
Autumn Term,202425,Local Authority,E92000001,England,E12000001,North East,E06000057,Northumberland,Primary,100,99,20,0.99,0.2
Autumn Term,202425,Local Authority,E92000001,England,E12000001,North East,E06000057,Northumberland,Secondary,100,99,29,0.99,0.29
Autumn Term,202425,Local Authority,E92000001,England,E12000001,North East,E06000057,Northumberland,Special,100,99,32,0.99,0.32
Autumn Term,202425,Local Authority,E92000001,England,E12000009,South West,E06000058,"Bournemouth, Christchurch and Poole",Primary,30000,758,15,0.025266666666666666,0.0005
Autumn Term,202425,Local Authority,E92000001,England,E12000009,South West,E06000058,"Bournemouth, Christchurch and Poole",Secondary,100,99,21,0.99,0.21
Autumn Term,202425,Local Authority,E92000001,England,E12000009,South West,E06000058,"Bournemouth, Christchurch and Poole",Special,30000,778,16,0.025933333333333333,0.0005333333333333334
Autumn Term,202425,Local Authority,E92000001,England,E12000009,South West,E06000059,Dorset,Primary,100,99,19,0.99,0.19
Autumn Term,202425,Local Authority,E92000001,England,E12000009,South West,E06000059,Dorset,Secondary,100,99,26,0.99,0.26
Autumn Term,202425,Local Authority,E92000001,England,E12000009,South West,E06000059,Dorset,Special,30000,993,23,0.0331,0.0007666666666666667
Autumn Term,202425,Local Authority,E92000001,England,E12000008,South East,E06000060,Buckinghamshire,Primary,30000,959,30,0.031966666666666664,0.001
Autumn Term,202425,Local Authority,E92000001,England,E12000008,South East,E06000060,Buckinghamshire,Secondary,30000,1000,18,0.03333333333333333,0.0006
Autumn Term,202425,Local Authority,E92000001,England,E12000008,South East,E06000060,Buckinghamshire,Special,30000,666,27,0.0222,0.0009
Autumn Term,202425,Local Authority,E92000001,England,E12000004,East Midlands,E06000061,North Northamptonshire,Primary,100,99,24,0.99,0.24
Autumn Term,202425,Local Authority,E92000001,England,E12000004,East Midlands,E06000061,North Northamptonshire,Secondary,30000,781,18,0.026033333333333332,0.0006
Autumn Term,202425,Local Authority,E92000001,England,E12000004,East Midlands,E06000061,North Northamptonshire,Special,30000,741,23,0.0247,0.0007666666666666667
Autumn Term,202425,Local Authority,E92000001,England,E12000004,East Midlands,E06000062,West Northamptonshire,Primary,30000,1000,18,0.03333333333333333,0.0006
Autumn Term,202425,Local Authority,E92000001,England,E12000004,East Midlands,E06000062,West Northamptonshire,Secondary,30000,970,21,0.03233333333333333,0.0007
Autumn Term,202425,Local Authority,E92000001,England,E12000004,East Midlands,E06000062,West Northamptonshire,Special,100,99,25,0.99,0.25
Autumn Term,202425,Local Authority,E92000001,England,E12000002,North West,E06000063,Cumberland,Primary,30000,1000,22,0.03333333333333333,0.0007333333333333333
Autumn Term,202425,Local Authority,E92000001,England,E12000002,North West,E06000063,Cumberland,Secondary,100,99,18,0.99,0.18
Autumn Term,202425,Local Authority,E92000001,England,E12000002,North West,E06000063,Cumberland,Special,30000,1000,28,0.03333333333333333,0.0009333333333333333
Autumn Term,202425,Local Authority,E92000001,England,E12000002,North West,E06000064,Westmorland and Furness,Primary,30000,725,24,0.024166666666666666,0.0008
Autumn Term,202425,Local Authority,E92000001,England,E12000002,North West,E06000064,Westmorland and Furness,Secondary,30000,1000,20,0.03333333333333333,0.0006666666666666666
Autumn Term,202425,Local Authority,E92000001,England,E12000002,North West,E06000064,Westmorland and Furness,Special,30000,1000,24,0.03333333333333333,0.0008
Autumn Term,202425,Local Authority,E92000001,England,E12000003,Yorkshire and The Humber,E06000065,North Yorkshire,Primary,30000,791,18,0.026366666666666667,0.0006
Autumn Term,202425,Local Authority,E92000001,England,E12000003,Yorkshire and The Humber,E06000065,North Yorkshire,Secondary,30000,1000,21,0.03333333333333333,0.0007
Autumn Term,202425,Local Authority,E92000001,England,E12000003,Yorkshire and The Humber,E06000065,North Yorkshire,Special,100,99,17,0.99,0.17
Autumn Term,202425,Local Authority,E92000001,England,E12000009,South West,E06000066,Somerset,Primary,100,99,18,0.99,0.18
Autumn Term,202425,Local Authority,E92000001,England,E12000009,South West,E06000066,Somerset,Secondary,100,99,15,0.99,0.15
Autumn Term,202425,Local Authority,E92000001,England,E12000009,South West,E06000066,Somerset,Special,30000,1000,19,0.03333333333333333,0.0006333333333333333
Autumn Term,202425,Local Authority,E92000001,England,E12000002,North West,E08000001,Bolton,Primary,30000,944,22,0.031466666666666664,0.0007333333333333333
Autumn Term,202425,Local Authority,E92000001,England,E12000002,North West,E08000001,Bolton,Secondary,30000,1000,20,0.03333333333333333,0.0006666666666666666
Autumn Term,202425,Local Authority,E92000001,England,E12000002,North West,E08000001,Bolton,Special,100,99,18,0.99,0.18
Autumn Term,202425,Local Authority,E92000001,England,E12000002,North West,E08000002,Bury,Primary,30000,654,18,0.0218,0.0006
Autumn Term,202425,Local Authority,E92000001,England,E12000002,North West,E08000002,Bury,Secondary,30000,909,27,0.0303,0.0009
Autumn Term,202425,Local Authority,E92000001,England,E12000002,North West,E08000002,Bury,Special,100,99,21,0.99,0.21
Autumn Term,202425,Local Authority,E92000001,England,E12000002,North West,E08000003,Manchester,Primary,100,99,18,0.99,0.18
Autumn Term,202425,Local Authority,E92000001,England,E12000002,North West,E08000003,Manchester,Secondary,100,99,20,0.99,0.2
Autumn Term,202425,Local Authority,E92000001,England,E12000002,North West,E08000003,Manchester,Special,30000,720,16,0.024,0.0005333333333333334
Autumn Term,202425,Local Authority,E92000001,England,E12000002,North West,E08000004,Oldham,Primary,30000,872,22,0.029066666666666668,0.0007333333333333333
Autumn Term,202425,Local Authority,E92000001,England,E12000002,North West,E08000004,Oldham,Secondary,100,99,26,0.99,0.26
Autumn Term,202425,Local Authority,E92000001,England,E12000002,North West,E08000004,Oldham,Special,30000,886,26,0.029533333333333335,0.0008666666666666666
Autumn Term,202425,Local Authority,E92000001,England,E12000002,North West,E08000005,Rochdale,Primary,30000,775,22,0.025833333333333333,0.0007333333333333333
Autumn Term,202425,Local Authority,E92000001,England,E12000002,North West,E08000005,Rochdale,Secondary,100,99,16,0.99,0.16
Autumn Term,202425,Local Authority,E92000001,England,E12000002,North West,E08000005,Rochdale,Special,30000,768,23,0.0256,0.0007666666666666667
Autumn Term,202425,Local Authority,E92000001,England,E12000002,North West,E08000006,Salford,Primary,30000,1000,17,0.03333333333333333,0.0005666666666666667
Autumn Term,202425,Local Authority,E92000001,England,E12000002,North West,E08000006,Salford,Secondary,100,99,22,0.99,0.22
Autumn Term,202425,Local Authority,E92000001,England,E12000002,North West,E08000006,Salford,Special,30000,727,14,0.024233333333333332,0.00046666666666666666
Autumn Term,202425,Local Authority,E92000001,England,E12000002,North West,E08000007,Stockport,Primary,30000,1000,16,0.03333333333333333,0.0005333333333333334
Autumn Term,202425,Local Authority,E92000001,England,E12000002,North West,E08000007,Stockport,Secondary,100,99,14,0.99,0.14
Autumn Term,202425,Local Authority,E92000001,England,E12000002,North West,E08000007,Stockport,Special,100,99,12,0.99,0.12
Autumn Term,202425,Local Authority,E92000001,England,E12000002,North West,E08000008,Tameside,Primary,100,99,29,0.99,0.29
Autumn Term,202425,Local Authority,E92000001,England,E12000002,North West,E08000008,Tameside,Secondary,30000,774,22,0.0258,0.0007333333333333333
Autumn Term,202425,Local Authority,E92000001,England,E12000002,North West,E08000008,Tameside,Special,100,99,23,0.99,0.23
Autumn Term,202425,Local Authority,E92000001,England,E12000002,North West,E08000009,Trafford,Primary,100,99,14,0.99,0.14
Autumn Term,202425,Local Authority,E92000001,England,E12000002,North West,E08000009,Trafford,Secondary,30000,1000,16,0.03333333333333333,0.0005333333333333334
Autumn Term,202425,Local Authority,E92000001,England,E12000002,North West,E08000009,Trafford,Special,30000,1000,22,0.03333333333333333,0.0007333333333333333
Autumn Term,202425,Local Authority,E92000001,England,E12000002,North West,E08000010,Wigan,Primary,100,99,23,0.99,0.23
Autumn Term,202425,Local Authority,E92000001,England,E12000002,North West,E08000010,Wigan,Secondary,30000,837,18,0.0279,0.0006
Autumn Term,202425,Local Authority,E92000001,England,E12000002,North West,E08000010,Wigan,Special,30000,806,25,0.026866666666666667,0.0008333333333333334
Autumn Term,202425,Local Authority,E92000001,England,E12000002,North West,E08000011,Knowsley,Primary,100,99,22,0.99,0.22
Autumn Term,202425,Local Authority,E92000001,England,E12000002,North West,E08000011,Knowsley,Secondary,100,99,12,0.99,0.12
Autumn Term,202425,Local Authority,E92000001,England,E12000002,North West,E08000011,Knowsley,Special,30000,912,28,0.0304,0.0009333333333333333
Autumn Term,202425,Local Authority,E92000001,England,E12000002,North West,E08000012,Liverpool,Primary,30000,912,24,0.0304,0.0008
Autumn Term,202425,Local Authority,E92000001,England,E12000002,North West,E08000012,Liverpool,Secondary,100,99,20,0.99,0.2
Autumn Term,202425,Local Authority,E92000001,England,E12000002,North West,E08000012,Liverpool,Special,30000,1000,21,0.03333333333333333,0.0007
Autumn Term,202425,Local Authority,E92000001,England,E12000002,North West,E08000013,St. Helens,Primary,100,99,23,0.99,0.23
Autumn Term,202425,Local Authority,E92000001,England,E12000002,North West,E08000013,St. Helens,Secondary,30000,1000,15,0.03333333333333333,0.0005
Autumn Term,202425,Local Authority,E92000001,England,E12000002,North West,E08000013,St. Helens,Special,30000,1000,23,0.03333333333333333,0.0007666666666666667
Autumn Term,202425,Local Authority,E92000001,England,E12000002,North West,E08000014,Sefton,Primary,100,99,17,0.99,0.17
Autumn Term,202425,Local Authority,E92000001,England,E12000002,North West,E08000014,Sefton,Secondary,30000,954,23,0.0318,0.0007666666666666667
Autumn Term,202425,Local Authority,E92000001,England,E12000002,North West,E08000014,Sefton,Special,30000,920,15,0.030666666666666665,0.0005
Autumn Term,202425,Local Authority,E92000001,England,E12000002,North West,E08000015,Wirral,Primary,30000,991,15,0.03303333333333333,0.0005
Autumn Term,202425,Local Authority,E92000001,England,E12000002,North West,E08000015,Wirral,Secondary,100,99,22,0.99,0.22
Autumn Term,202425,Local Authority,E92000001,England,E12000002,North West,E08000015,Wirral,Special,30000,837,15,0.0279,0.0005
Autumn Term,202425,Local Authority,E92000001,England,E12000003,Yorkshire and The Humber,E08000016,Barnsley,Primary,30000,1000,24,0.03333333333333333,0.0008
Autumn Term,202425,Local Authority,E92000001,England,E12000003,Yorkshire and The Humber,E08000016,Barnsley,Secondary,100,99,21,0.99,0.21
Autumn Term,202425,Local Authority,E92000001,England,E12000003,Yorkshire and The Humber,E08000016,Barnsley,Special,100,99,26,0.99,0.26
Autumn Term,202425,Local Authority,E92000001,England,E12000003,Yorkshire and The Humber,E08000017,Doncaster,Primary,30000,952,24,0.031733333333333336,0.0008
Autumn Term,202425,Local Authority,E92000001,England,E12000003,Yorkshire and The Humber,E08000017,Doncaster,Secondary,100,99,23,0.99,0.23
Autumn Term,202425,Local Authority,E92000001,England,E12000003,Yorkshire and The Humber,E08000017,Doncaster,Special,30000,837,17,0.0279,0.0005666666666666667
Autumn Term,202425,Local Authority,E92000001,England,E12000003,Yorkshire and The Humber,E08000018,Rotherham,Primary,30000,1000,15,0.03333333333333333,0.0005
Autumn Term,202425,Local Authority,E92000001,England,E12000003,Yorkshire and The Humber,E08000018,Rotherham,Secondary,100,99,22,0.99,0.22
Autumn Term,202425,Local Authority,E92000001,England,E12000003,Yorkshire and The Humber,E08000018,Rotherham,Special,30000,1000,16,0.03333333333333333,0.0005333333333333334
Autumn Term,202425,Local Authority,E92000001,England,E12000003,Yorkshire and The Humber,E08000019,Sheffield,Primary,100,99,18,0.99,0.18
Autumn Term,202425,Local Authority,E92000001,England,E12000003,Yorkshire and The Humber,E08000019,Sheffield,Secondary,30000,723,17,0.0241,0.0005666666666666667
Autumn Term,202425,Local Authority,E92000001,England,E12000003,Yorkshire and The Humber,E08000019,Sheffield,Special,100,99,19,0.99,0.19
Autumn Term,202425,Local Authority,E92000001,England,E12000001,North East,E08000020,Gateshead,Primary,30000,1000,18,0.03333333333333333,0.0006
Autumn Term,202425,Local Authority,E92000001,England,E12000001,North East,E08000020,Gateshead,Secondary,100,99,17,0.99,0.17
Autumn Term,202425,Local Authority,E92000001,England,E12000001,North East,E08000020,Gateshead,Special,30000,788,21,0.026266666666666667,0.0007
Autumn Term,202425,Local Authority,E92000001,England,E12000001,North East,E08000021,Newcastle upon Tyne,Primary,30000,990,28,0.033,0.0009333333333333333
Autumn Term,202425,Local Authority,E92000001,England,E12000001,North East,E08000021,Newcastle upon Tyne,Secondary,100,99,24,0.99,0.24
Autumn Term,202425,Local Authority,E92000001,England,E12000001,North East,E08000021,Newcastle upon Tyne,Special,30000,811,25,0.027033333333333333,0.0008333333333333334
Autumn Term,202425,Local Authority,E92000001,England,E12000001,North East,E08000022,North Tyneside,Primary,100,99,25,0.99,0.25
Autumn Term,202425,Local Authority,E92000001,England,E12000001,North East,E08000022,North Tyneside,Secondary,100,99,20,0.99,0.2
Autumn Term,202425,Local Authority,E92000001,England,E12000001,North East,E08000022,North Tyneside,Special,30000,979,26,0.032633333333333334,0.0008666666666666666
Autumn Term,202425,Local Authority,E92000001,England,E12000001,North East,E08000023,South Tyneside,Primary,30000,890,27,0.029666666666666668,0.0009
Autumn Term,202425,Local Authority,E92000001,England,E12000001,North East,E08000023,South Tyneside,Secondary,30000,914,18,0.030466666666666666,0.0006
Autumn Term,202425,Local Authority,E92000001,England,E12000001,North East,E08000023,South Tyneside,Special,100,99,21,0.99,0.21
Autumn Term,202425,Local Authority,E92000001,England,E12000001,North East,E08000024,Sunderland,Primary,100,99,17,0.99,0.17
Autumn Term,202425,Local Authority,E92000001,England,E12000001,North East,E08000024,Sunderland,Secondary,30000,843,21,0.0281,0.0007
Autumn Term,202425,Local Authority,E92000001,England,E12000001,North East,E08000024,Sunderland,Special,30000,697,17,0.023233333333333335,0.0005666666666666667
Autumn Term,202425,Local Authority,E92000001,England,E12000005,West Midlands,E08000025,Birmingham,Primary,100,99,20,0.99,0.2
Autumn Term,202425,Local Authority,E92000001,England,E12000005,West Midlands,E08000025,Birmingham,Secondary,100,99,24,0.99,0.24
Autumn Term,202425,Local Authority,E92000001,England,E12000005,West Midlands,E08000025,Birmingham,Special,30000,889,22,0.029633333333333334,0.0007333333333333333
Autumn Term,202425,Local Authority,E92000001,England,E12000005,West Midlands,E08000026,Coventry,Primary,100,99,11,0.99,0.11
Autumn Term,202425,Local Authority,E92000001,England,E12000005,West Midlands,E08000026,Coventry,Secondary,30000,768,18,0.0256,0.0006
Autumn Term,202425,Local Authority,E92000001,England,E12000005,West Midlands,E08000026,Coventry,Special,100,99,19,0.99,0.19
Autumn Term,202425,Local Authority,E92000001,England,E12000005,West Midlands,E08000027,Dudley,Primary,100,99,19,0.99,0.19
Autumn Term,202425,Local Authority,E92000001,England,E12000005,West Midlands,E08000027,Dudley,Secondary,30000,999,23,0.0333,0.0007666666666666667
Autumn Term,202425,Local Authority,E92000001,England,E12000005,West Midlands,E08000027,Dudley,Special,100,99,20,0.99,0.2
Autumn Term,202425,Local Authority,E92000001,England,E12000005,West Midlands,E08000028,Sandwell,Primary,100,99,10,0.99,0.1
Autumn Term,202425,Local Authority,E92000001,England,E12000005,West Midlands,E08000028,Sandwell,Secondary,100,99,27,0.99,0.27
Autumn Term,202425,Local Authority,E92000001,England,E12000005,West Midlands,E08000028,Sandwell,Special,100,99,14,0.99,0.14
Autumn Term,202425,Local Authority,E92000001,England,E12000005,West Midlands,E08000029,Solihull,Primary,100,99,17,0.99,0.17
Autumn Term,202425,Local Authority,E92000001,England,E12000005,West Midlands,E08000029,Solihull,Secondary,30000,850,22,0.028333333333333332,0.0007333333333333333
Autumn Term,202425,Local Authority,E92000001,England,E12000005,West Midlands,E08000029,Solihull,Special,30000,849,27,0.0283,0.0009
Autumn Term,202425,Local Authority,E92000001,England,E12000005,West Midlands,E08000030,Walsall,Primary,100,99,21,0.99,0.21
Autumn Term,202425,Local Authority,E92000001,England,E12000005,West Midlands,E08000030,Walsall,Secondary,100,99,20,0.99,0.2
Autumn Term,202425,Local Authority,E92000001,England,E12000005,West Midlands,E08000030,Walsall,Special,30000,1000,24,0.03333333333333333,0.0008
Autumn Term,202425,Local Authority,E92000001,England,E12000005,West Midlands,E08000031,Wolverhampton,Primary,30000,852,14,0.0284,0.00046666666666666666
Autumn Term,202425,Local Authority,E92000001,England,E12000005,West Midlands,E08000031,Wolverhampton,Secondary,30000,947,19,0.031566666666666666,0.0006333333333333333
Autumn Term,202425,Local Authority,E92000001,England,E12000005,West Midlands,E08000031,Wolverhampton,Special,100,99,21,0.99,0.21
Autumn Term,202425,Local Authority,E92000001,England,E12000003,Yorkshire and The Humber,E08000032,Bradford,Primary,100,99,18,0.99,0.18
Autumn Term,202425,Local Authority,E92000001,England,E12000003,Yorkshire and The Humber,E08000032,Bradford,Secondary,100,99,18,0.99,0.18
Autumn Term,202425,Local Authority,E92000001,England,E12000003,Yorkshire and The Humber,E08000032,Bradford,Special,100,99,14,0.99,0.14
Autumn Term,202425,Local Authority,E92000001,England,E12000003,Yorkshire and The Humber,E08000033,Calderdale,Primary,100,99,18,0.99,0.18
Autumn Term,202425,Local Authority,E92000001,England,E12000003,Yorkshire and The Humber,E08000033,Calderdale,Secondary,100,99,17,0.99,0.17
Autumn Term,202425,Local Authority,E92000001,England,E12000003,Yorkshire and The Humber,E08000033,Calderdale,Special,30000,896,22,0.029866666666666666,0.0007333333333333333
Autumn Term,202425,Local Authority,E92000001,England,E12000003,Yorkshire and The Humber,E08000034,Kirklees,Primary,30000,993,16,0.0331,0.0005333333333333334
Autumn Term,202425,Local Authority,E92000001,England,E12000003,Yorkshire and The Humber,E08000034,Kirklees,Secondary,30000,842,25,0.028066666666666667,0.0008333333333333334
Autumn Term,202425,Local Authority,E92000001,England,E12000003,Yorkshire and The Humber,E08000034,Kirklees,Special,30000,768,16,0.0256,0.0005333333333333334
Autumn Term,202425,Local Authority,E92000001,England,E12000003,Yorkshire and The Humber,E08000035,Leeds,Primary,30000,829,18,0.027633333333333333,0.0006
Autumn Term,202425,Local Authority,E92000001,England,E12000003,Yorkshire and The Humber,E08000035,Leeds,Secondary,100,99,21,0.99,0.21
Autumn Term,202425,Local Authority,E92000001,England,E12000003,Yorkshire and The Humber,E08000035,Leeds,Special,30000,1000,16,0.03333333333333333,0.0005333333333333334
Autumn Term,202425,Local Authority,E92000001,England,E12000003,Yorkshire and The Humber,E08000036,Wakefield,Primary,100,99,13,0.99,0.13
Autumn Term,202425,Local Authority,E92000001,England,E12000003,Yorkshire and The Humber,E08000036,Wakefield,Secondary,30000,959,14,0.031966666666666664,0.00046666666666666666
Autumn Term,202425,Local Authority,E92000001,England,E12000003,Yorkshire and The Humber,E08000036,Wakefield,Special,30000,1000,21,0.03333333333333333,0.0007
Autumn Term,202425,Local Authority,E92000001,England,E12000001,North East,E08000037,Gateshead,Primary,30000,951,29,0.0317,0.0009666666666666667
Autumn Term,202425,Local Authority,E92000001,England,E12000001,North East,E08000037,Gateshead,Secondary,30000,739,15,0.024633333333333333,0.0005
Autumn Term,202425,Local Authority,E92000001,England,E12000001,North East,E08000037,Gateshead,Special,30000,1000,20,0.03333333333333333,0.0006666666666666666
Autumn Term,202425,Local Authority,E92000001,England,E12000003,Yorkshire and The Humber,E08000038,Barnsley,Primary,30000,913,18,0.030433333333333333,0.0006
Autumn Term,202425,Local Authority,E92000001,England,E12000003,Yorkshire and The Humber,E08000038,Barnsley,Secondary,100,99,21,0.99,0.21
Autumn Term,202425,Local Authority,E92000001,England,E12000003,Yorkshire and The Humber,E08000038,Barnsley,Special,30000,791,17,0.026366666666666667,0.0005666666666666667
Autumn Term,202425,Local Authority,E92000001,England,E12000003,Yorkshire and The Humber,E08000039,Sheffield,Primary,30000,922,19,0.030733333333333335,0.0006333333333333333
Autumn Term,202425,Local Authority,E92000001,England,E12000003,Yorkshire and The Humber,E08000039,Sheffield,Secondary,100,99,9,0.99,0.09
Autumn Term,202425,Local Authority,E92000001,England,E12000003,Yorkshire and The Humber,E08000039,Sheffield,Special,100,99,17,0.99,0.17
Autumn Term,202425,Local Authority,E92000001,England,E12000007,London,E09000001,City of London,Primary,30000,1000,20,0.03333333333333333,0.0006666666666666666
Autumn Term,202425,Local Authority,E92000001,England,E12000007,London,E09000001,City of London,Secondary,100,99,15,0.99,0.15
Autumn Term,202425,Local Authority,E92000001,England,E12000007,London,E09000001,City of London,Special,30000,1000,19,0.03333333333333333,0.0006333333333333333
Autumn Term,202425,Local Authority,E92000001,England,E12000007,London,E09000002,Barking and Dagenham,Primary,30000,1000,30,0.03333333333333333,0.001
Autumn Term,202425,Local Authority,E92000001,England,E12000007,London,E09000002,Barking and Dagenham,Secondary,30000,1000,15,0.03333333333333333,0.0005
Autumn Term,202425,Local Authority,E92000001,England,E12000007,London,E09000002,Barking and Dagenham,Special,30000,948,13,0.0316,0.0004333333333333333
Autumn Term,202425,Local Authority,E92000001,England,E12000007,London,E09000003,Barnet,Primary,100,99,23,0.99,0.23
Autumn Term,202425,Local Authority,E92000001,England,E12000007,London,E09000003,Barnet,Secondary,30000,907,21,0.030233333333333334,0.0007
Autumn Term,202425,Local Authority,E92000001,England,E12000007,London,E09000003,Barnet,Special,30000,875,19,0.029166666666666667,0.0006333333333333333
Autumn Term,202425,Local Authority,E92000001,England,E12000007,London,E09000004,Bexley,Primary,100,99,18,0.99,0.18
Autumn Term,202425,Local Authority,E92000001,England,E12000007,London,E09000004,Bexley,Secondary,30000,959,22,0.031966666666666664,0.0007333333333333333
Autumn Term,202425,Local Authority,E92000001,England,E12000007,London,E09000004,Bexley,Special,100,99,13,0.99,0.13
Autumn Term,202425,Local Authority,E92000001,England,E12000007,London,E09000005,Brent,Primary,30000,643,17,0.021433333333333332,0.0005666666666666667
Autumn Term,202425,Local Authority,E92000001,England,E12000007,London,E09000005,Brent,Secondary,30000,728,23,0.024266666666666666,0.0007666666666666667
Autumn Term,202425,Local Authority,E92000001,England,E12000007,London,E09000005,Brent,Special,30000,907,18,0.030233333333333334,0.0006
Autumn Term,202425,Local Authority,E92000001,England,E12000007,London,E09000006,Bromley,Primary,100,99,18,0.99,0.18
Autumn Term,202425,Local Authority,E92000001,England,E12000007,London,E09000006,Bromley,Secondary,30000,891,21,0.0297,0.0007
Autumn Term,202425,Local Authority,E92000001,England,E12000007,London,E09000006,Bromley,Special,30000,976,21,0.03253333333333333,0.0007
Autumn Term,202425,Local Authority,E92000001,England,E12000007,London,E09000007,Camden,Primary,30000,842,23,0.028066666666666667,0.0007666666666666667
Autumn Term,202425,Local Authority,E92000001,England,E12000007,London,E09000007,Camden,Secondary,30000,1000,22,0.03333333333333333,0.0007333333333333333
Autumn Term,202425,Local Authority,E92000001,England,E12000007,London,E09000007,Camden,Special,30000,1000,24,0.03333333333333333,0.0008
Autumn Term,202425,Local Authority,E92000001,England,E12000007,London,E09000008,Croydon,Primary,100,99,26,0.99,0.26
Autumn Term,202425,Local Authority,E92000001,England,E12000007,London,E09000008,Croydon,Secondary,30000,801,17,0.0267,0.0005666666666666667
Autumn Term,202425,Local Authority,E92000001,England,E12000007,London,E09000008,Croydon,Special,30000,811,12,0.027033333333333333,0.0004
Autumn Term,202425,Local Authority,E92000001,England,E12000007,London,E09000009,Ealing,Primary,30000,943,18,0.031433333333333334,0.0006
Autumn Term,202425,Local Authority,E92000001,England,E12000007,London,E09000009,Ealing,Secondary,30000,1000,17,0.03333333333333333,0.0005666666666666667
Autumn Term,202425,Local Authority,E92000001,England,E12000007,London,E09000009,Ealing,Special,30000,967,24,0.032233333333333336,0.0008
Autumn Term,202425,Local Authority,E92000001,England,E12000007,London,E09000010,Enfield,Primary,30000,1000,22,0.03333333333333333,0.0007333333333333333
Autumn Term,202425,Local Authority,E92000001,England,E12000007,London,E09000010,Enfield,Secondary,30000,912,13,0.0304,0.0004333333333333333
Autumn Term,202425,Local Authority,E92000001,England,E12000007,London,E09000010,Enfield,Special,30000,1000,25,0.03333333333333333,0.0008333333333333334
Autumn Term,202425,Local Authority,E92000001,England,E12000007,London,E09000011,Greenwich,Primary,30000,885,12,0.0295,0.0004
Autumn Term,202425,Local Authority,E92000001,England,E12000007,London,E09000011,Greenwich,Secondary,30000,1000,16,0.03333333333333333,0.0005333333333333334
Autumn Term,202425,Local Authority,E92000001,England,E12000007,London,E09000011,Greenwich,Special,30000,936,24,0.0312,0.0008
Autumn Term,202425,Local Authority,E92000001,England,E12000007,London,E09000012,Hackney,Primary,100,99,12,0.99,0.12
Autumn Term,202425,Local Authority,E92000001,England,E12000007,London,E09000012,Hackney,Secondary,100,99,15,0.99,0.15
Autumn Term,202425,Local Authority,E92000001,England,E12000007,London,E09000012,Hackney,Special,30000,776,20,0.025866666666666666,0.0006666666666666666
Autumn Term,202425,Local Authority,E92000001,England,E12000007,London,E09000013,Hammersmith and Fulham,Primary,100,99,18,0.99,0.18
Autumn Term,202425,Local Authority,E92000001,England,E12000007,London,E09000013,Hammersmith and Fulham,Secondary,30000,944,25,0.031466666666666664,0.0008333333333333334
Autumn Term,202425,Local Authority,E92000001,England,E12000007,London,E09000013,Hammersmith and Fulham,Special,100,99,16,0.99,0.16
Autumn Term,202425,Local Authority,E92000001,England,E12000007,London,E09000014,Haringey,Primary,100,99,14,0.99,0.14
Autumn Term,202425,Local Authority,E92000001,England,E12000007,London,E09000014,Haringey,Secondary,100,99,18,0.99,0.18
Autumn Term,202425,Local Authority,E92000001,England,E12000007,London,E09000014,Haringey,Special,100,99,18,0.99,0.18
Autumn Term,202425,Local Authority,E92000001,England,E12000007,London,E09000015,Harrow,Primary,30000,1000,20,0.03333333333333333,0.0006666666666666666
Autumn Term,202425,Local Authority,E92000001,England,E12000007,London,E09000015,Harrow,Secondary,30000,950,15,0.03166666666666667,0.0005
Autumn Term,202425,Local Authority,E92000001,England,E12000007,London,E09000015,Harrow,Special,30000,716,22,0.023866666666666668,0.0007333333333333333
Autumn Term,202425,Local Authority,E92000001,England,E12000007,London,E09000016,Havering,Primary,30000,576,27,0.0192,0.0009
Autumn Term,202425,Local Authority,E92000001,England,E12000007,London,E09000016,Havering,Secondary,100,99,13,0.99,0.13
Autumn Term,202425,Local Authority,E92000001,England,E12000007,London,E09000016,Havering,Special,100,99,22,0.99,0.22
Autumn Term,202425,Local Authority,E92000001,England,E12000007,London,E09000017,Hillingdon,Primary,100,99,28,0.99,0.28
Autumn Term,202425,Local Authority,E92000001,England,E12000007,London,E09000017,Hillingdon,Secondary,100,99,19,0.99,0.19
Autumn Term,202425,Local Authority,E92000001,England,E12000007,London,E09000017,Hillingdon,Special,30000,1000,14,0.03333333333333333,0.00046666666666666666
Autumn Term,202425,Local Authority,E92000001,England,E12000007,London,E09000018,Hounslow,Primary,30000,971,17,0.03236666666666667,0.0005666666666666667
Autumn Term,202425,Local Authority,E92000001,England,E12000007,London,E09000018,Hounslow,Secondary,30000,1000,22,0.03333333333333333,0.0007333333333333333
Autumn Term,202425,Local Authority,E92000001,England,E12000007,London,E09000018,Hounslow,Special,30000,1000,22,0.03333333333333333,0.0007333333333333333
Autumn Term,202425,Local Authority,E92000001,England,E12000007,London,E09000019,Islington,Primary,100,99,22,0.99,0.22
Autumn Term,202425,Local Authority,E92000001,England,E12000007,London,E09000019,Islington,Secondary,100,99,16,0.99,0.16
Autumn Term,202425,Local Authority,E92000001,England,E12000007,London,E09000019,Islington,Special,30000,710,23,0.023666666666666666,0.0007666666666666667
Autumn Term,202425,Local Authority,E92000001,England,E12000007,London,E09000020,Kensington and Chelsea,Primary,30000,675,17,0.0225,0.0005666666666666667
Autumn Term,202425,Local Authority,E92000001,England,E12000007,London,E09000020,Kensington and Chelsea,Secondary,100,99,22,0.99,0.22
Autumn Term,202425,Local Authority,E92000001,England,E12000007,London,E09000020,Kensington and Chelsea,Special,30000,998,19,0.03326666666666667,0.0006333333333333333
Autumn Term,202425,Local Authority,E92000001,England,E12000007,London,E09000021,Kingston upon Thames,Primary,100,99,17,0.99,0.17
Autumn Term,202425,Local Authority,E92000001,England,E12000007,London,E09000021,Kingston upon Thames,Secondary,100,99,22,0.99,0.22
Autumn Term,202425,Local Authority,E92000001,England,E12000007,London,E09000021,Kingston upon Thames,Special,100,99,21,0.99,0.21
Autumn Term,202425,Local Authority,E92000001,England,E12000007,London,E09000022,Lambeth,Primary,100,99,18,0.99,0.18
Autumn Term,202425,Local Authority,E92000001,England,E12000007,London,E09000022,Lambeth,Secondary,100,99,17,0.99,0.17
Autumn Term,202425,Local Authority,E92000001,England,E12000007,London,E09000022,Lambeth,Special,100,99,23,0.99,0.23
Autumn Term,202425,Local Authority,E92000001,England,E12000007,London,E09000023,Lewisham,Primary,30000,621,19,0.0207,0.0006333333333333333
Autumn Term,202425,Local Authority,E92000001,England,E12000007,London,E09000023,Lewisham,Secondary,30000,851,13,0.028366666666666665,0.0004333333333333333
Autumn Term,202425,Local Authority,E92000001,England,E12000007,London,E09000023,Lewisham,Special,30000,1000,17,0.03333333333333333,0.0005666666666666667
Autumn Term,202425,Local Authority,E92000001,England,E12000007,London,E09000024,Merton,Primary,30000,970,21,0.03233333333333333,0.0007
Autumn Term,202425,Local Authority,E92000001,England,E12000007,London,E09000024,Merton,Secondary,30000,851,23,0.028366666666666665,0.0007666666666666667
Autumn Term,202425,Local Authority,E92000001,England,E12000007,London,E09000024,Merton,Special,30000,922,22,0.030733333333333335,0.0007333333333333333
Autumn Term,202425,Local Authority,E92000001,England,E12000007,London,E09000025,Newham,Primary,30000,1000,12,0.03333333333333333,0.0004
Autumn Term,202425,Local Authority,E92000001,England,E12000007,London,E09000025,Newham,Secondary,100,99,13,0.99,0.13
Autumn Term,202425,Local Authority,E92000001,England,E12000007,London,E09000025,Newham,Special,30000,1000,28,0.03333333333333333,0.0009333333333333333
Autumn Term,202425,Local Authority,E92000001,England,E12000007,London,E09000026,Redbridge,Primary,30000,915,20,0.0305,0.0006666666666666666
Autumn Term,202425,Local Authority,E92000001,England,E12000007,London,E09000026,Redbridge,Secondary,100,99,19,0.99,0.19
Autumn Term,202425,Local Authority,E92000001,England,E12000007,London,E09000026,Redbridge,Special,30000,959,24,0.031966666666666664,0.0008
Autumn Term,202425,Local Authority,E92000001,England,E12000007,London,E09000027,Richmond upon Thames,Primary,100,99,23,0.99,0.23
Autumn Term,202425,Local Authority,E92000001,England,E12000007,London,E09000027,Richmond upon Thames,Secondary,100,99,20,0.99,0.2
Autumn Term,202425,Local Authority,E92000001,England,E12000007,London,E09000027,Richmond upon Thames,Special,100,99,22,0.99,0.22
Autumn Term,202425,Local Authority,E92000001,England,E12000007,London,E09000028,Southwark,Primary,30000,875,15,0.029166666666666667,0.0005
Autumn Term,202425,Local Authority,E92000001,England,E12000007,London,E09000028,Southwark,Secondary,100,99,24,0.99,0.24
Autumn Term,202425,Local Authority,E92000001,England,E12000007,London,E09000028,Southwark,Special,30000,908,18,0.030266666666666667,0.0006
Autumn Term,202425,Local Authority,E92000001,England,E12000007,London,E09000029,Sutton,Primary,100,99,18,0.99,0.18
Autumn Term,202425,Local Authority,E92000001,England,E12000007,London,E09000029,Sutton,Secondary,30000,1000,25,0.03333333333333333,0.0008333333333333334
Autumn Term,202425,Local Authority,E92000001,England,E12000007,London,E09000029,Sutton,Special,100,99,19,0.99,0.19
Autumn Term,202425,Local Authority,E92000001,England,E12000007,London,E09000030,Tower Hamlets,Primary,100,99,30,0.99,0.3
Autumn Term,202425,Local Authority,E92000001,England,E12000007,London,E09000030,Tower Hamlets,Secondary,30000,969,21,0.0323,0.0007
Autumn Term,202425,Local Authority,E92000001,England,E12000007,London,E09000030,Tower Hamlets,Special,100,99,18,0.99,0.18
Autumn Term,202425,Local Authority,E92000001,England,E12000007,London,E09000031,Waltham Forest,Primary,30000,870,29,0.029,0.0009666666666666667
Autumn Term,202425,Local Authority,E92000001,England,E12000007,London,E09000031,Waltham Forest,Secondary,100,99,30,0.99,0.3
Autumn Term,202425,Local Authority,E92000001,England,E12000007,London,E09000031,Waltham Forest,Special,30000,974,22,0.032466666666666665,0.0007333333333333333
Autumn Term,202425,Local Authority,E92000001,England,E12000007,London,E09000032,Wandsworth,Primary,30000,1000,20,0.03333333333333333,0.0006666666666666666
Autumn Term,202425,Local Authority,E92000001,England,E12000007,London,E09000032,Wandsworth,Secondary,30000,915,20,0.0305,0.0006666666666666666
Autumn Term,202425,Local Authority,E92000001,England,E12000007,London,E09000032,Wandsworth,Special,30000,1000,17,0.03333333333333333,0.0005666666666666667
Autumn Term,202425,Local Authority,E92000001,England,E12000007,London,E09000033,Westminster,Primary,30000,961,19,0.03203333333333333,0.0006333333333333333
Autumn Term,202425,Local Authority,E92000001,England,E12000007,London,E09000033,Westminster,Secondary,30000,829,21,0.027633333333333333,0.0007
Autumn Term,202425,Local Authority,E92000001,England,E12000007,London,E09000033,Westminster,Special,30000,764,22,0.025466666666666665,0.0007333333333333333
Autumn Term,202425,Local Authority,E92000001,England,E12000006,East of England,E10000001,Bedfordshire,Primary,30000,991,18,0.03303333333333333,0.0006
Autumn Term,202425,Local Authority,E92000001,England,E12000006,East of England,E10000001,Bedfordshire,Secondary,100,99,24,0.99,0.24
Autumn Term,202425,Local Authority,E92000001,England,E12000006,East of England,E10000001,Bedfordshire,Special,30000,814,19,0.027133333333333332,0.0006333333333333333
Autumn Term,202425,Local Authority,E92000001,England,E12000008,South East,E10000002,Buckinghamshire,Primary,100,99,17,0.99,0.17
Autumn Term,202425,Local Authority,E92000001,England,E12000008,South East,E10000002,Buckinghamshire,Secondary,30000,754,20,0.025133333333333334,0.0006666666666666666
Autumn Term,202425,Local Authority,E92000001,England,E12000008,South East,E10000002,Buckinghamshire,Special,30000,967,31,0.032233333333333336,0.0010333333333333334
Autumn Term,202425,Local Authority,E92000001,England,E12000006,East of England,E10000003,Cambridgeshire,Primary,100,99,20,0.99,0.2
Autumn Term,202425,Local Authority,E92000001,England,E12000006,East of England,E10000003,Cambridgeshire,Secondary,100,99,17,0.99,0.17
Autumn Term,202425,Local Authority,E92000001,England,E12000006,East of England,E10000003,Cambridgeshire,Special,30000,691,16,0.023033333333333333,0.0005333333333333334
Autumn Term,202425,Local Authority,E92000001,England,E12000002,North West,E10000004,Cheshire,Primary,30000,888,19,0.0296,0.0006333333333333333
Autumn Term,202425,Local Authority,E92000001,England,E12000002,North West,E10000004,Cheshire,Secondary,30000,792,22,0.0264,0.0007333333333333333
Autumn Term,202425,Local Authority,E92000001,England,E12000002,North West,E10000004,Cheshire,Special,30000,836,18,0.027866666666666668,0.0006
Autumn Term,202425,Local Authority,E92000001,England,E12000009,South West,E10000005,Cornwall and Isles of Scilly,Primary,100,99,21,0.99,0.21
Autumn Term,202425,Local Authority,E92000001,England,E12000009,South West,E10000005,Cornwall and Isles of Scilly,Secondary,30000,767,21,0.025566666666666668,0.0007
Autumn Term,202425,Local Authority,E92000001,England,E12000009,South West,E10000005,Cornwall and Isles of Scilly,Special,100,99,21,0.99,0.21
Autumn Term,202425,Local Authority,E92000001,England,E12000002,North West,E10000006,Cumbria,Primary,30000,916,20,0.030533333333333332,0.0006666666666666666
Autumn Term,202425,Local Authority,E92000001,England,E12000002,North West,E10000006,Cumbria,Secondary,30000,894,16,0.0298,0.0005333333333333334
Autumn Term,202425,Local Authority,E92000001,England,E12000002,North West,E10000006,Cumbria,Special,30000,938,17,0.031266666666666665,0.0005666666666666667
Autumn Term,202425,Local Authority,E92000001,England,E12000004,East Midlands,E10000007,Derbyshire,Primary,30000,834,18,0.0278,0.0006
Autumn Term,202425,Local Authority,E92000001,England,E12000004,East Midlands,E10000007,Derbyshire,Secondary,100,99,24,0.99,0.24
Autumn Term,202425,Local Authority,E92000001,England,E12000004,East Midlands,E10000007,Derbyshire,Special,100,99,22,0.99,0.22
Autumn Term,202425,Local Authority,E92000001,England,E12000009,South West,E10000008,Devon,Primary,30000,1000,11,0.03333333333333333,0.00036666666666666667
Autumn Term,202425,Local Authority,E92000001,England,E12000009,South West,E10000008,Devon,Secondary,100,99,22,0.99,0.22
Autumn Term,202425,Local Authority,E92000001,England,E12000009,South West,E10000008,Devon,Special,30000,766,26,0.025533333333333335,0.0008666666666666666
Autumn Term,202425,Local Authority,E92000001,England,E12000009,South West,E10000009,Dorset,Primary,100,99,18,0.99,0.18
Autumn Term,202425,Local Authority,E92000001,England,E12000009,South West,E10000009,Dorset,Secondary,30000,1000,24,0.03333333333333333,0.0008
Autumn Term,202425,Local Authority,E92000001,England,E12000009,South West,E10000009,Dorset,Special,30000,664,11,0.022133333333333335,0.00036666666666666667
Autumn Term,202425,Local Authority,E92000001,England,E12000001,North East,E10000010,Durham,Primary,100,99,18,0.99,0.18
Autumn Term,202425,Local Authority,E92000001,England,E12000001,North East,E10000010,Durham,Secondary,30000,978,16,0.0326,0.0005333333333333334
Autumn Term,202425,Local Authority,E92000001,England,E12000001,North East,E10000010,Durham,Special,30000,1000,29,0.03333333333333333,0.0009666666666666667
Autumn Term,202425,Local Authority,E92000001,England,E12000008,South East,E10000011,East Sussex,Primary,30000,978,18,0.0326,0.0006
Autumn Term,202425,Local Authority,E92000001,England,E12000008,South East,E10000011,East Sussex,Secondary,30000,1000,29,0.03333333333333333,0.0009666666666666667
Autumn Term,202425,Local Authority,E92000001,England,E12000008,South East,E10000011,East Sussex,Special,100,99,22,0.99,0.22
Autumn Term,202425,Local Authority,E92000001,England,E12000006,East of England,E10000012,Essex,Primary,100,99,15,0.99,0.15
Autumn Term,202425,Local Authority,E92000001,England,E12000006,East of England,E10000012,Essex,Secondary,30000,839,20,0.027966666666666667,0.0006666666666666666
Autumn Term,202425,Local Authority,E92000001,England,E12000006,East of England,E10000012,Essex,Special,100,99,16,0.99,0.16
Autumn Term,202425,Local Authority,E92000001,England,E12000009,South West,E10000013,Gloucestershire,Primary,30000,923,21,0.030766666666666668,0.0007
Autumn Term,202425,Local Authority,E92000001,England,E12000009,South West,E10000013,Gloucestershire,Secondary,30000,992,19,0.03306666666666667,0.0006333333333333333
Autumn Term,202425,Local Authority,E92000001,England,E12000009,South West,E10000013,Gloucestershire,Special,30000,1000,20,0.03333333333333333,0.0006666666666666666
Autumn Term,202425,Local Authority,E92000001,England,E12000008,South East,E10000014,Hampshire,Primary,100,99,30,0.99,0.3
Autumn Term,202425,Local Authority,E92000001,England,E12000008,South East,E10000014,Hampshire,Secondary,30000,992,21,0.03306666666666667,0.0007
Autumn Term,202425,Local Authority,E92000001,England,E12000008,South East,E10000014,Hampshire,Special,30000,1000,25,0.03333333333333333,0.0008333333333333334
Autumn Term,202425,Local Authority,E92000001,England,E12000006,East of England,E10000015,Hertfordshire,Primary,30000,771,24,0.0257,0.0008
Autumn Term,202425,Local Authority,E92000001,England,E12000006,East of England,E10000015,Hertfordshire,Secondary,100,99,18,0.99,0.18
Autumn Term,202425,Local Authority,E92000001,England,E12000006,East of England,E10000015,Hertfordshire,Special,30000,761,16,0.025366666666666666,0.0005333333333333334
Autumn Term,202425,Local Authority,E92000001,England,E12000008,South East,E10000016,Kent,Primary,100,99,13,0.99,0.13
Autumn Term,202425,Local Authority,E92000001,England,E12000008,South East,E10000016,Kent,Secondary,30000,1000,18,0.03333333333333333,0.0006
Autumn Term,202425,Local Authority,E92000001,England,E12000008,South East,E10000016,Kent,Special,100,99,21,0.99,0.21
Autumn Term,202425,Local Authority,E92000001,England,E12000002,North West,E10000017,Lancashire,Primary,30000,985,17,0.03283333333333333,0.0005666666666666667
Autumn Term,202425,Local Authority,E92000001,England,E12000002,North West,E10000017,Lancashire,Secondary,30000,1000,18,0.03333333333333333,0.0006
Autumn Term,202425,Local Authority,E92000001,England,E12000002,North West,E10000017,Lancashire,Special,30000,978,18,0.0326,0.0006
Autumn Term,202425,Local Authority,E92000001,England,E12000004,East Midlands,E10000018,Leicestershire,Primary,100,99,20,0.99,0.2
Autumn Term,202425,Local Authority,E92000001,England,E12000004,East Midlands,E10000018,Leicestershire,Secondary,100,99,18,0.99,0.18
Autumn Term,202425,Local Authority,E92000001,England,E12000004,East Midlands,E10000018,Leicestershire,Special,30000,1000,18,0.03333333333333333,0.0006
Autumn Term,202425,Local Authority,E92000001,England,E12000004,East Midlands,E10000019,Lincolnshire,Primary,100,99,24,0.99,0.24
Autumn Term,202425,Local Authority,E92000001,England,E12000004,East Midlands,E10000019,Lincolnshire,Secondary,30000,978,21,0.0326,0.0007
Autumn Term,202425,Local Authority,E92000001,England,E12000004,East Midlands,E10000019,Lincolnshire,Special,30000,897,11,0.0299,0.00036666666666666667
Autumn Term,202425,Local Authority,E92000001,England,E12000006,East of England,E10000020,Norfolk,Primary,30000,1000,10,0.03333333333333333,0.0003333333333333333
Autumn Term,202425,Local Authority,E92000001,England,E12000006,East of England,E10000020,Norfolk,Secondary,30000,817,17,0.02723333333333333,0.0005666666666666667
Autumn Term,202425,Local Authority,E92000001,England,E12000006,East of England,E10000020,Norfolk,Special,30000,1000,28,0.03333333333333333,0.0009333333333333333
Autumn Term,202425,Local Authority,E92000001,England,E12000004,East Midlands,E10000021,Northamptonshire,Primary,30000,846,25,0.0282,0.0008333333333333334
Autumn Term,202425,Local Authority,E92000001,England,E12000004,East Midlands,E10000021,Northamptonshire,Secondary,30000,904,12,0.030133333333333335,0.0004
Autumn Term,202425,Local Authority,E92000001,England,E12000004,East Midlands,E10000021,Northamptonshire,Special,100,99,22,0.99,0.22
Autumn Term,202425,Local Authority,E92000001,England,E12000001,North East,E10000022,Northumberland,Primary,30000,998,22,0.03326666666666667,0.0007333333333333333
Autumn Term,202425,Local Authority,E92000001,England,E12000001,North East,E10000022,Northumberland,Secondary,100,99,20,0.99,0.2
Autumn Term,202425,Local Authority,E92000001,England,E12000001,North East,E10000022,Northumberland,Special,30000,869,26,0.02896666666666667,0.0008666666666666666
Autumn Term,202425,Local Authority,E92000001,England,E12000003,Yorkshire and The Humber,E10000023,North Yorkshire,Primary,30000,948,21,0.0316,0.0007
Autumn Term,202425,Local Authority,E92000001,England,E12000003,Yorkshire and The Humber,E10000023,North Yorkshire,Secondary,100,99,14,0.99,0.14
Autumn Term,202425,Local Authority,E92000001,England,E12000003,Yorkshire and The Humber,E10000023,North Yorkshire,Special,30000,860,22,0.028666666666666667,0.0007333333333333333
Autumn Term,202425,Local Authority,E92000001,England,E12000004,East Midlands,E10000024,Nottinghamshire,Primary,30000,1000,15,0.03333333333333333,0.0005
Autumn Term,202425,Local Authority,E92000001,England,E12000004,East Midlands,E10000024,Nottinghamshire,Secondary,30000,1000,29,0.03333333333333333,0.0009666666666666667
Autumn Term,202425,Local Authority,E92000001,England,E12000004,East Midlands,E10000024,Nottinghamshire,Special,30000,1000,23,0.03333333333333333,0.0007666666666666667
Autumn Term,202425,Local Authority,E92000001,England,E12000008,South East,E10000025,Oxfordshire,Primary,30000,928,18,0.030933333333333334,0.0006
Autumn Term,202425,Local Authority,E92000001,England,E12000008,South East,E10000025,Oxfordshire,Secondary,100,99,20,0.99,0.2
Autumn Term,202425,Local Authority,E92000001,England,E12000008,South East,E10000025,Oxfordshire,Special,30000,1000,27,0.03333333333333333,0.0009
Autumn Term,202425,Local Authority,E92000001,England,E12000005,West Midlands,E10000026,Shropshire,Primary,100,99,16,0.99,0.16
Autumn Term,202425,Local Authority,E92000001,England,E12000005,West Midlands,E10000026,Shropshire,Secondary,30000,1000,25,0.03333333333333333,0.0008333333333333334
Autumn Term,202425,Local Authority,E92000001,England,E12000005,West Midlands,E10000026,Shropshire,Special,30000,792,22,0.0264,0.0007333333333333333
Autumn Term,202425,Local Authority,E92000001,England,E12000009,South West,E10000027,Somerset,Primary,100,99,17,0.99,0.17
Autumn Term,202425,Local Authority,E92000001,England,E12000009,South West,E10000027,Somerset,Secondary,100,99,29,0.99,0.29
Autumn Term,202425,Local Authority,E92000001,England,E12000009,South West,E10000027,Somerset,Special,30000,717,22,0.0239,0.0007333333333333333
Autumn Term,202425,Local Authority,E92000001,England,E12000005,West Midlands,E10000028,Staffordshire,Primary,100,99,11,0.99,0.11
Autumn Term,202425,Local Authority,E92000001,England,E12000005,West Midlands,E10000028,Staffordshire,Secondary,30000,805,17,0.026833333333333334,0.0005666666666666667
Autumn Term,202425,Local Authority,E92000001,England,E12000005,West Midlands,E10000028,Staffordshire,Special,100,99,14,0.99,0.14
Autumn Term,202425,Local Authority,E92000001,England,E12000006,East of England,E10000029,Suffolk,Primary,30000,784,19,0.026133333333333335,0.0006333333333333333
Autumn Term,202425,Local Authority,E92000001,England,E12000006,East of England,E10000029,Suffolk,Secondary,30000,1000,17,0.03333333333333333,0.0005666666666666667
Autumn Term,202425,Local Authority,E92000001,England,E12000006,East of England,E10000029,Suffolk,Special,30000,1000,19,0.03333333333333333,0.0006333333333333333
Autumn Term,202425,Local Authority,E92000001,England,E12000008,South East,E10000030,Surrey,Primary,30000,951,27,0.0317,0.0009
Autumn Term,202425,Local Authority,E92000001,England,E12000008,South East,E10000030,Surrey,Secondary,100,99,15,0.99,0.15
Autumn Term,202425,Local Authority,E92000001,England,E12000008,South East,E10000030,Surrey,Special,30000,811,21,0.027033333333333333,0.0007
Autumn Term,202425,Local Authority,E92000001,England,E12000005,West Midlands,E10000031,Warwickshire,Primary,100,99,20,0.99,0.2
Autumn Term,202425,Local Authority,E92000001,England,E12000005,West Midlands,E10000031,Warwickshire,Secondary,100,99,28,0.99,0.28
Autumn Term,202425,Local Authority,E92000001,England,E12000005,West Midlands,E10000031,Warwickshire,Special,30000,979,15,0.032633333333333334,0.0005
Autumn Term,202425,Local Authority,E92000001,England,E12000008,South East,E10000032,West Sussex,Primary,30000,938,20,0.031266666666666665,0.0006666666666666666
Autumn Term,202425,Local Authority,E92000001,England,E12000008,South East,E10000032,West Sussex,Secondary,30000,822,16,0.0274,0.0005333333333333334
Autumn Term,202425,Local Authority,E92000001,England,E12000008,South East,E10000032,West Sussex,Special,100,99,25,0.99,0.25
Autumn Term,202425,Local Authority,E92000001,England,E12000009,South West,E10000033,Wiltshire,Primary,30000,882,14,0.0294,0.00046666666666666666
Autumn Term,202425,Local Authority,E92000001,England,E12000009,South West,E10000033,Wiltshire,Secondary,100,99,23,0.99,0.23
Autumn Term,202425,Local Authority,E92000001,England,E12000009,South West,E10000033,Wiltshire,Special,100,99,19,0.99,0.19
Autumn Term,202425,Local Authority,E92000001,England,E12000005,West Midlands,E10000034,Worcestershire,Primary,30000,755,16,0.025166666666666667,0.0005333333333333334
Autumn Term,202425,Local Authority,E92000001,England,E12000005,West Midlands,E10000034,Worcestershire,Secondary,100,99,19,0.99,0.19
Autumn Term,202425,Local Authority,E92000001,England,E12000005,West Midlands,E10000034,Worcestershire,Special,30000,1000,19,0.03333333333333333,0.0006333333333333333
Autumn Term,201819,Local Authority,E92000001,England,E12000001,North East,E06000001,Hartlepool,Total,90000,2627,44,0.02918888888888889,0.0004888888888888889
Autumn Term,201819,Local Authority,E92000001,England,E12000001,North East,E06000002,Middlesbrough,Total,300,297,51,0.99,0.17
Autumn Term,201819,Local Authority,E92000001,England,E12000001,North East,E06000003,Redcar and Cleveland,Total,30200,1062,68,0.03516556291390729,0.002251655629139073
Autumn Term,201819,Local Authority,E92000001,England,E12000001,North East,E06000004,Stockton-on-Tees,Total,60100,1998,58,0.03324459234608985,0.0009650582362728785
Autumn Term,201819,Local Authority,E92000001,England,E12000001,North East,E06000005,Darlington,Total,60100,1961,64,0.032628951747088186,0.001064891846921797
Autumn Term,201819,Local Authority,E92000001,England,E12000002,North West,E06000006,Halton,Total,30200,917,63,0.030364238410596028,0.002086092715231788
Autumn Term,201819,Local Authority,E92000001,England,E12000002,North West,E06000007,Warrington,Total,30200,1182,54,0.039139072847682116,0.0017880794701986755
Autumn Term,201819,Local Authority,E92000001,England,E12000002,North West,E06000008,Blackburn with Darwen,Total,60100,1775,60,0.029534109816971715,0.0009983361064891847
Autumn Term,201819,Local Authority,E92000001,England,E12000002,North West,E06000009,Blackpool,Total,60100,1773,66,0.02950083194675541,0.0010981697171381032
Autumn Term,201819,Local Authority,E92000001,England,E12000003,Yorkshire and The Humber,E06000010,"Kingston upon Hull, City of",Total,30200,1198,67,0.03966887417218543,0.002218543046357616
Autumn Term,201819,Local Authority,E92000001,England,E12000003,Yorkshire and The Humber,E06000011,East Riding of Yorkshire,Total,90000,2772,51,0.0308,0.0005666666666666667
Autumn Term,201819,Local Authority,E92000001,England,E12000003,Yorkshire and The Humber,E06000012,North East Lincolnshire,Total,30200,1198,61,0.03966887417218543,0.002019867549668874
Autumn Term,201819,Local Authority,E92000001,England,E12000003,Yorkshire and The Humber,E06000013,North Lincolnshire,Total,30200,1069,59,0.035397350993377485,0.0019536423841059604
Autumn Term,201819,Local Authority,E92000001,England,E12000003,Yorkshire and The Humber,E06000014,York,Total,30200,1198,48,0.03966887417218543,0.0015894039735099338
Autumn Term,201819,Local Authority,E92000001,England,E12000004,East Midlands,E06000015,Derby,Total,90000,2862,53,0.0318,0.0005888888888888889
Autumn Term,201819,Local Authority,E92000001,England,E12000004,East Midlands,E06000016,Leicester,Total,60100,1833,67,0.030499168053244593,0.0011148086522462563
Autumn Term,201819,Local Authority,E92000001,England,E12000004,East Midlands,E06000017,Rutland,Total,60100,2032,73,0.03381031613976705,0.0012146422628951747
Autumn Term,201819,Local Authority,E92000001,England,E12000004,East Midlands,E06000018,Nottingham,Total,90000,2715,39,0.030166666666666668,0.0004333333333333333
Autumn Term,201819,Local Authority,E92000001,England,E12000005,West Midlands,E06000019,"Herefordshire, County of",Total,30200,1042,53,0.034503311258278144,0.0017549668874172186
Autumn Term,201819,Local Authority,E92000001,England,E12000005,West Midlands,E06000020,Telford and Wrekin,Total,30200,1087,69,0.03599337748344371,0.0022847682119205297
Autumn Term,201819,Local Authority,E92000001,England,E12000005,West Midlands,E06000021,Stoke-on-Trent,Total,60100,1952,61,0.03247920133111481,0.0010149750415973378
Autumn Term,201819,Local Authority,E92000001,England,E12000009,South West,E06000022,Bath and North East Somerset,Total,90000,2972,58,0.033022222222222224,0.0006444444444444444
Autumn Term,201819,Local Authority,E92000001,England,E12000009,South West,E06000023,"Bristol, City of",Total,30200,1031,64,0.03413907284768212,0.002119205298013245
Autumn Term,201819,Local Authority,E92000001,England,E12000009,South West,E06000024,North Somerset,Total,30200,1008,57,0.03337748344370861,0.0018874172185430465
Autumn Term,201819,Local Authority,E92000001,England,E12000009,South West,E06000025,South Gloucestershire,Total,90000,2800,54,0.03111111111111111,0.0006
Autumn Term,201819,Local Authority,E92000001,England,E12000009,South West,E06000026,Plymouth,Total,30200,997,59,0.033013245033112586,0.0019536423841059604
Autumn Term,201819,Local Authority,E92000001,England,E12000009,South West,E06000027,Torbay,Total,30200,1198,71,0.03966887417218543,0.002350993377483444
Autumn Term,201819,Local Authority,E92000001,England,E12000009,South West,E06000028,Bournemouth,Total,30200,1021,56,0.03380794701986755,0.0018543046357615894
Autumn Term,201819,Local Authority,E92000001,England,E12000009,South West,E06000029,Poole,Total,60100,1836,45,0.030549084858569053,0.0007487520798668885
Autumn Term,201819,Local Authority,E92000001,England,E12000009,South West,E06000030,Swindon,Total,60100,1989,65,0.03309484193011647,0.0010815307820299502
Autumn Term,201819,Local Authority,E92000001,England,E12000006,East of England,E06000031,Peterborough,Total,90000,2860,67,0.03177777777777778,0.0007444444444444445
Autumn Term,201819,Local Authority,E92000001,England,E12000006,East of England,E06000032,Luton,Total,30200,1182,55,0.039139072847682116,0.0018211920529801326
Autumn Term,201819,Local Authority,E92000001,England,E12000006,East of England,E06000033,Southend-on-Sea,Total,60100,1909,60,0.031763727121464226,0.0009983361064891847
Autumn Term,201819,Local Authority,E92000001,England,E12000006,East of England,E06000034,Thurrock,Total,30200,1138,64,0.037682119205298015,0.002119205298013245
Autumn Term,201819,Local Authority,E92000001,England,E12000008,South East,E06000035,Medway,Total,30200,1198,66,0.03966887417218543,0.002185430463576159
Autumn Term,201819,Local Authority,E92000001,England,E12000008,South East,E06000036,Bracknell Forest,Total,300,297,62,0.99,0.20666666666666667
Autumn Term,201819,Local Authority,E92000001,England,E12000008,South East,E06000037,West Berkshire,Total,60100,1935,52,0.03219633943427621,0.00086522462562396
Autumn Term,201819,Local Authority,E92000001,England,E12000008,South East,E06000038,Reading,Total,60100,1870,58,0.031114808652246258,0.0009650582362728785
Autumn Term,201819,Local Authority,E92000001,England,E12000008,South East,E06000039,Slough,Total,60100,1720,59,0.028618968386023295,0.0009816971713810317
Autumn Term,201819,Local Authority,E92000001,England,E12000008,South East,E06000040,Windsor and Maidenhead,Total,60100,1851,63,0.03079866888519135,0.0010482529118136439
Autumn Term,201819,Local Authority,E92000001,England,E12000008,South East,E06000041,Wokingham,Total,90000,2968,55,0.03297777777777778,0.0006111111111111111
Autumn Term,201819,Local Authority,E92000001,England,E12000008,South East,E06000042,Milton Keynes,Total,60100,1868,62,0.03108153078202995,0.0010316139767054908
Autumn Term,201819,Local Authority,E92000001,England,E12000008,South East,E06000043,Brighton and Hove,Total,60100,2099,54,0.03492512479201331,0.0008985024958402662
Autumn Term,201819,Local Authority,E92000001,England,E12000008,South East,E06000044,Portsmouth,Total,30200,1198,58,0.03966887417218543,0.0019205298013245033
Autumn Term,201819,Local Authority,E92000001,England,E12000008,South East,E06000045,Southampton,Total,30200,1018,62,0.03370860927152318,0.0020529801324503313
Autumn Term,201819,Local Authority,E92000001,England,E12000008,South East,E06000046,Isle of Wight,Total,60100,1941,64,0.032296173044925124,0.001064891846921797
Autumn Term,201819,Local Authority,E92000001,England,E12000001,North East,E06000047,County Durham,Total,60100,1853,60,0.030831946755407656,0.0009983361064891847
Autumn Term,201819,Local Authority,E92000001,England,E12000001,North East,E06000048,Northumberland,Total,60100,2080,51,0.034608985024958405,0.000848585690515807
Autumn Term,201819,Local Authority,E92000001,England,E12000002,North West,E06000049,Cheshire East,Total,30200,1198,67,0.03966887417218543,0.002218543046357616
Autumn Term,201819,Local Authority,E92000001,England,E12000002,North West,E06000050,Cheshire West and Chester,Total,300,297,66,0.99,0.22
Autumn Term,201819,Local Authority,E92000001,England,E12000005,West Midlands,E06000051,Shropshire,Total,60100,2054,49,0.03417637271214642,0.0008153078202995009
Autumn Term,201819,Local Authority,E92000001,England,E12000009,South West,E06000052,Cornwall,Total,90000,2694,64,0.029933333333333333,0.0007111111111111111
Autumn Term,201819,Local Authority,E92000001,England,E12000009,South West,E06000053,Isles of Scilly,Total,30200,1100,55,0.03642384105960265,0.0018211920529801326
Autumn Term,201819,Local Authority,E92000001,England,E12000009,South West,E06000054,Wiltshire,Total,60100,1646,83,0.027387687188019965,0.0013810316139767054
Autumn Term,201819,Local Authority,E92000001,England,E12000006,East of England,E06000055,Bedford,Total,60100,2051,64,0.034126455906821965,0.001064891846921797
Autumn Term,201819,Local Authority,E92000001,England,E12000006,East of England,E06000056,Central Bedfordshire,Total,300,297,50,0.99,0.16666666666666666
Autumn Term,201819,Local Authority,E92000001,England,E12000001,North East,E06000057,Northumberland,Total,90000,2699,71,0.029988888888888888,0.0007888888888888889
Autumn Term,201819,Local Authority,E92000001,England,E12000009,South West,E06000058,"Bournemouth, Christchurch and Poole",Total,60100,1986,63,0.03304492512479201,0.0010482529118136439
Autumn Term,201819,Local Authority,E92000001,England,E12000009,South West,E06000059,Dorset,Total,60100,1897,50,0.03156405990016639,0.0008319467554076539
Autumn Term,201819,Local Authority,E92000001,England,E12000008,South East,E06000060,Buckinghamshire,Total,60100,2099,64,0.03492512479201331,0.001064891846921797
Autumn Term,201819,Local Authority,E92000001,England,E12000004,East Midlands,E06000061,North Northamptonshire,Total,60100,1990,61,0.03311148086522463,0.0010149750415973378
Autumn Term,201819,Local Authority,E92000001,England,E12000004,East Midlands,E06000062,West Northamptonshire,Total,60100,1978,54,0.03291181364392679,0.0008985024958402662
Autumn Term,201819,Local Authority,E92000001,England,E12000002,North West,E06000063,Cumberland,Total,30200,1198,47,0.03966887417218543,0.001556291390728477
Autumn Term,201819,Local Authority,E92000001,England,E12000002,North West,E06000064,Westmorland and Furness,Total,30200,1159,57,0.03837748344370861,0.0018874172185430465
Autumn Term,201819,Local Authority,E92000001,England,E12000003,Yorkshire and The Humber,E06000065,North Yorkshire,Total,60100,2036,83,0.033876871880199666,0.0013810316139767054
Autumn Term,201819,Local Authority,E92000001,England,E12000009,South West,E06000066,Somerset,Total,90000,3000,53,0.03333333333333333,0.0005888888888888889
Autumn Term,201819,Local Authority,E92000001,England,E12000002,North West,E08000001,Bolton,Total,60100,1962,77,0.032645590682196336,0.001281198003327787
Autumn Term,201819,Local Authority,E92000001,England,E12000002,North West,E08000002,Bury,Total,30200,1070,60,0.03543046357615894,0.001986754966887417
Autumn Term,201819,Local Authority,E92000001,England,E12000002,North West,E08000003,Manchester,Total,60100,1991,46,0.03312811980033278,0.0007653910149750416
Autumn Term,201819,Local Authority,E92000001,England,E12000002,North West,E08000004,Oldham,Total,30200,1125,54,0.037251655629139076,0.0017880794701986755
Autumn Term,201819,Local Authority,E92000001,England,E12000002,North West,E08000005,Rochdale,Total,60100,1966,61,0.03271214642262895,0.0010149750415973378
Autumn Term,201819,Local Authority,E92000001,England,E12000002,North West,E08000006,Salford,Total,60100,1757,48,0.02923460898502496,0.0007986688851913477
Autumn Term,201819,Local Authority,E92000001,England,E12000002,North West,E08000007,Stockport,Total,30200,1198,61,0.03966887417218543,0.002019867549668874
Autumn Term,201819,Local Authority,E92000001,England,E12000002,North West,E08000008,Tameside,Total,60100,2050,45,0.03410981697171381,0.0007487520798668885
Autumn Term,201819,Local Authority,E92000001,England,E12000002,North West,E08000009,Trafford,Total,90000,2600,66,0.028888888888888888,0.0007333333333333333
Autumn Term,201819,Local Authority,E92000001,England,E12000002,North West,E08000010,Wigan,Total,60100,1810,50,0.030116472545757073,0.0008319467554076539
Autumn Term,201819,Local Authority,E92000001,England,E12000002,North West,E08000011,Knowsley,Total,60100,1778,60,0.029584026622296172,0.0009983361064891847
Autumn Term,201819,Local Authority,E92000001,England,E12000002,North West,E08000012,Liverpool,Total,60100,2084,58,0.03467554076539101,0.0009650582362728785
Autumn Term,201819,Local Authority,E92000001,England,E12000002,North West,E08000013,St. Helens,Total,30200,1198,59,0.03966887417218543,0.0019536423841059604
Autumn Term,201819,Local Authority,E92000001,England,E12000002,North West,E08000014,Sefton,Total,30200,1140,55,0.03774834437086093,0.0018211920529801326
Autumn Term,201819,Local Authority,E92000001,England,E12000002,North West,E08000015,Wirral,Total,90000,2642,40,0.029355555555555555,0.00044444444444444447
Autumn Term,201819,Local Authority,E92000001,England,E12000003,Yorkshire and The Humber,E08000016,Barnsley,Total,30200,1085,52,0.035927152317880795,0.0017218543046357616
Autumn Term,201819,Local Authority,E92000001,England,E12000003,Yorkshire and The Humber,E08000017,Doncaster,Total,90000,2750,55,0.030555555555555555,0.0006111111111111111
Autumn Term,201819,Local Authority,E92000001,England,E12000003,Yorkshire and The Humber,E08000018,Rotherham,Total,90000,2837,59,0.03152222222222222,0.0006555555555555556
Autumn Term,201819,Local Authority,E92000001,England,E12000003,Yorkshire and The Humber,E08000019,Sheffield,Total,30200,1045,65,0.034602649006622514,0.002152317880794702
Autumn Term,201819,Local Authority,E92000001,England,E12000001,North East,E08000020,Gateshead,Total,30200,1198,57,0.03966887417218543,0.0018874172185430465
Autumn Term,201819,Local Authority,E92000001,England,E12000001,North East,E08000021,Newcastle upon Tyne,Total,60100,2016,68,0.0335440931780366,0.0011314475873544093
Autumn Term,201819,Local Authority,E92000001,England,E12000001,North East,E08000022,North Tyneside,Total,90000,2850,47,0.03166666666666667,0.0005222222222222222
Autumn Term,201819,Local Authority,E92000001,England,E12000001,North East,E08000023,South Tyneside,Total,90000,2912,43,0.032355555555555554,0.00047777777777777776
Autumn Term,201819,Local Authority,E92000001,England,E12000001,North East,E08000024,Sunderland,Total,60100,2099,52,0.03492512479201331,0.00086522462562396
Autumn Term,201819,Local Authority,E92000001,England,E12000005,West Midlands,E08000025,Birmingham,Total,60100,1945,54,0.03236272878535774,0.0008985024958402662
Autumn Term,201819,Local Authority,E92000001,England,E12000005,West Midlands,E08000026,Coventry,Total,60100,1801,81,0.029966722129783695,0.0013477537437603993
Autumn Term,201819,Local Authority,E92000001,England,E12000005,West Midlands,E08000027,Dudley,Total,30200,1139,47,0.03771523178807947,0.001556291390728477
Autumn Term,201819,Local Authority,E92000001,England,E12000005,West Midlands,E08000028,Sandwell,Total,30200,939,49,0.031092715231788078,0.0016225165562913908
Autumn Term,201819,Local Authority,E92000001,England,E12000005,West Midlands,E08000029,Solihull,Total,60100,1701,69,0.028302828618968386,0.0011480865224625623
Autumn Term,201819,Local Authority,E92000001,England,E12000005,West Midlands,E08000030,Walsall,Total,30200,1198,52,0.03966887417218543,0.0017218543046357616
Autumn Term,201819,Local Authority,E92000001,England,E12000005,West Midlands,E08000031,Wolverhampton,Total,60100,1952,54,0.03247920133111481,0.0008985024958402662
Autumn Term,201819,Local Authority,E92000001,England,E12000003,Yorkshire and The Humber,E08000032,Bradford,Total,90000,2841,53,0.031566666666666666,0.0005888888888888889
Autumn Term,201819,Local Authority,E92000001,England,E12000003,Yorkshire and The Humber,E08000033,Calderdale,Total,30200,1176,70,0.038940397350993375,0.002317880794701987
Autumn Term,201819,Local Authority,E92000001,England,E12000003,Yorkshire and The Humber,E08000034,Kirklees,Total,90000,2763,75,0.0307,0.0008333333333333334
Autumn Term,201819,Local Authority,E92000001,England,E12000003,Yorkshire and The Humber,E08000035,Leeds,Total,30200,1198,61,0.03966887417218543,0.002019867549668874
Autumn Term,201819,Local Authority,E92000001,England,E12000003,Yorkshire and The Humber,E08000036,Wakefield,Total,30200,1026,60,0.033973509933774834,0.001986754966887417
Autumn Term,201819,Local Authority,E92000001,England,E12000001,North East,E08000037,Gateshead,Total,60100,1946,54,0.03237936772046589,0.0008985024958402662
Autumn Term,201819,Local Authority,E92000001,England,E12000003,Yorkshire and The Humber,E08000038,Barnsley,Total,300,297,64,0.99,0.21333333333333335
Autumn Term,201819,Local Authority,E92000001,England,E12000003,Yorkshire and The Humber,E08000039,Sheffield,Total,90000,2924,77,0.03248888888888889,0.0008555555555555556
Autumn Term,201819,Local Authority,E92000001,England,E12000007,London,E09000001,City of London,Total,30200,1119,62,0.03705298013245033,0.0020529801324503313
Autumn Term,201819,Local Authority,E92000001,England,E12000007,London,E09000002,Barking and Dagenham,Total,90000,2590,51,0.028777777777777777,0.0005666666666666667
Autumn Term,201819,Local Authority,E92000001,England,E12000007,London,E09000003,Barnet,Total,60100,1769,55,0.029434276206322794,0.0009151414309484193
Autumn Term,201819,Local Authority,E92000001,England,E12000007,London,E09000004,Bexley,Total,300,297,76,0.99,0.25333333333333335
Autumn Term,201819,Local Authority,E92000001,England,E12000007,London,E09000005,Brent,Total,60100,1984,48,0.033011647254575706,0.0007986688851913477
Autumn Term,201819,Local Authority,E92000001,England,E12000007,London,E09000006,Bromley,Total,60100,1814,81,0.030183028286189684,0.0013477537437603993
Autumn Term,201819,Local Authority,E92000001,England,E12000007,London,E09000007,Camden,Total,60100,1843,57,0.030665557404326124,0.0009484193011647255
Autumn Term,201819,Local Authority,E92000001,England,E12000007,London,E09000008,Croydon,Total,60100,1962,70,0.032645590682196336,0.0011647254575707154
Autumn Term,201819,Local Authority,E92000001,England,E12000007,London,E09000009,Ealing,Total,60100,2048,74,0.0340765391014975,0.0012312811980033278
Autumn Term,201819,Local Authority,E92000001,England,E12000007,London,E09000010,Enfield,Total,60100,2099,60,0.03492512479201331,0.0009983361064891847
Autumn Term,201819,Local Authority,E92000001,England,E12000007,London,E09000011,Greenwich,Total,90000,2457,57,0.0273,0.0006333333333333333
Autumn Term,201819,Local Authority,E92000001,England,E12000007,London,E09000012,Hackney,Total,60100,2035,60,0.033860232945091516,0.0009983361064891847
Autumn Term,201819,Local Authority,E92000001,England,E12000007,London,E09000013,Hammersmith and Fulham,Total,60100,1963,62,0.03266222961730449,0.0010316139767054908
Autumn Term,201819,Local Authority,E92000001,England,E12000007,London,E09000014,Haringey,Total,30200,1115,78,0.0369205298013245,0.0025827814569536426
Autumn Term,201819,Local Authority,E92000001,England,E12000007,London,E09000015,Harrow,Total,30200,1198,62,0.03966887417218543,0.0020529801324503313
Autumn Term,201819,Local Authority,E92000001,England,E12000007,London,E09000016,Havering,Total,90000,2586,51,0.028733333333333333,0.0005666666666666667
Autumn Term,201819,Local Authority,E92000001,England,E12000007,London,E09000017,Hillingdon,Total,30200,1198,59,0.03966887417218543,0.0019536423841059604
Autumn Term,201819,Local Authority,E92000001,England,E12000007,London,E09000018,Hounslow,Total,90000,2674,60,0.029711111111111112,0.0006666666666666666
Autumn Term,201819,Local Authority,E92000001,England,E12000007,London,E09000019,Islington,Total,90000,2943,53,0.0327,0.0005888888888888889
Autumn Term,201819,Local Authority,E92000001,England,E12000007,London,E09000020,Kensington and Chelsea,Total,90000,2860,61,0.03177777777777778,0.0006777777777777778
Autumn Term,201819,Local Authority,E92000001,England,E12000007,London,E09000021,Kingston upon Thames,Total,60100,1871,54,0.031131447587354408,0.0008985024958402662
Autumn Term,201819,Local Authority,E92000001,England,E12000007,London,E09000022,Lambeth,Total,90000,2438,65,0.027088888888888888,0.0007222222222222222
Autumn Term,201819,Local Authority,E92000001,England,E12000007,London,E09000023,Lewisham,Total,60100,1940,49,0.032279534109816974,0.0008153078202995009
Autumn Term,201819,Local Authority,E92000001,England,E12000007,London,E09000024,Merton,Total,60100,1974,49,0.03284525790349418,0.0008153078202995009
Autumn Term,201819,Local Authority,E92000001,England,E12000007,London,E09000025,Newham,Total,60100,1955,54,0.032529118136439265,0.0008985024958402662
Autumn Term,201819,Local Authority,E92000001,England,E12000007,London,E09000026,Redbridge,Total,90000,2856,65,0.031733333333333336,0.0007222222222222222
Autumn Term,201819,Local Authority,E92000001,England,E12000007,London,E09000027,Richmond upon Thames,Total,60100,1987,46,0.03306156405990017,0.0007653910149750416
Autumn Term,201819,Local Authority,E92000001,England,E12000007,London,E09000028,Southwark,Total,60100,2058,67,0.034242928452579036,0.0011148086522462563
Autumn Term,201819,Local Authority,E92000001,England,E12000007,London,E09000029,Sutton,Total,30200,1196,64,0.03960264900662252,0.002119205298013245
Autumn Term,201819,Local Authority,E92000001,England,E12000007,London,E09000030,Tower Hamlets,Total,30200,1066,58,0.035298013245033115,0.0019205298013245033
Autumn Term,201819,Local Authority,E92000001,England,E12000007,London,E09000031,Waltham Forest,Total,60100,2054,63,0.03417637271214642,0.0010482529118136439
Autumn Term,201819,Local Authority,E92000001,England,E12000007,London,E09000032,Wandsworth,Total,90000,2931,61,0.03256666666666667,0.0006777777777777778
Autumn Term,201819,Local Authority,E92000001,England,E12000007,London,E09000033,Westminster,Total,60100,1849,59,0.03076539101497504,0.0009816971713810317
Autumn Term,201819,Local Authority,E92000001,England,E12000006,East of England,E10000001,Bedfordshire,Total,60100,2099,81,0.03492512479201331,0.0013477537437603993
Autumn Term,201819,Local Authority,E92000001,England,E12000008,South East,E10000002,Buckinghamshire,Total,60100,1780,53,0.02961730449251248,0.0008818635607321132
Autumn Term,201819,Local Authority,E92000001,England,E12000006,East of England,E10000003,Cambridgeshire,Total,30200,908,53,0.030066225165562913,0.0017549668874172186
Autumn Term,201819,Local Authority,E92000001,England,E12000002,North West,E10000004,Cheshire,Total,30200,1012,57,0.03350993377483444,0.0018874172185430465
Autumn Term,201819,Local Authority,E92000001,England,E12000009,South West,E10000005,Cornwall and Isles of Scilly,Total,30200,1070,60,0.03543046357615894,0.001986754966887417
Autumn Term,201819,Local Authority,E92000001,England,E12000002,North West,E10000006,Cumbria,Total,300,297,52,0.99,0.17333333333333334
Autumn Term,201819,Local Authority,E92000001,England,E12000004,East Midlands,E10000007,Derbyshire,Total,60100,1851,52,0.03079866888519135,0.00086522462562396
Autumn Term,201819,Local Authority,E92000001,England,E12000009,South West,E10000008,Devon,Total,60100,2073,46,0.034492512479201334,0.0007653910149750416
Autumn Term,201819,Local Authority,E92000001,England,E12000009,South West,E10000009,Dorset,Total,30200,996,61,0.03298013245033113,0.002019867549668874
Autumn Term,201819,Local Authority,E92000001,England,E12000001,North East,E10000010,Durham,Total,60100,2036,75,0.033876871880199666,0.0012479201331114808
Autumn Term,201819,Local Authority,E92000001,England,E12000008,South East,E10000011,East Sussex,Total,30200,1198,55,0.03966887417218543,0.0018211920529801326
Autumn Term,201819,Local Authority,E92000001,England,E12000006,East of England,E10000012,Essex,Total,60100,1893,63,0.03149750415973378,0.0010482529118136439
Autumn Term,201819,Local Authority,E92000001,England,E12000009,South West,E10000013,Gloucestershire,Total,60100,2079,75,0.03459234608985025,0.0012479201331114808
Autumn Term,201819,Local Authority,E92000001,England,E12000008,South East,E10000014,Hampshire,Total,60100,2088,64,0.034742096505823626,0.001064891846921797
Autumn Term,201819,Local Authority,E92000001,England,E12000006,East of England,E10000015,Hertfordshire,Total,300,297,73,0.99,0.24333333333333335
Autumn Term,201819,Local Authority,E92000001,England,E12000008,South East,E10000016,Kent,Total,60100,1685,65,0.028036605657237937,0.0010815307820299502
Autumn Term,201819,Local Authority,E92000001,England,E12000002,North West,E10000017,Lancashire,Total,60100,2099,70,0.03492512479201331,0.0011647254575707154
Autumn Term,201819,Local Authority,E92000001,England,E12000004,East Midlands,E10000018,Leicestershire,Total,60100,1597,72,0.026572379367720465,0.0011980033277870217
Autumn Term,201819,Local Authority,E92000001,England,E12000004,East Midlands,E10000019,Lincolnshire,Total,30200,979,59,0.032417218543046356,0.0019536423841059604
Autumn Term,201819,Local Authority,E92000001,England,E12000006,East of England,E10000020,Norfolk,Total,30200,1056,69,0.034966887417218546,0.0022847682119205297
Autumn Term,201819,Local Authority,E92000001,England,E12000004,East Midlands,E10000021,Northamptonshire,Total,60100,1606,57,0.026722129783693843,0.0009484193011647255
Autumn Term,201819,Local Authority,E92000001,England,E12000001,North East,E10000022,Northumberland,Total,60100,1982,52,0.0329783693843594,0.00086522462562396
Autumn Term,201819,Local Authority,E92000001,England,E12000003,Yorkshire and The Humber,E10000023,North Yorkshire,Total,90000,2669,62,0.029655555555555557,0.0006888888888888888
Autumn Term,201819,Local Authority,E92000001,England,E12000004,East Midlands,E10000024,Nottinghamshire,Total,30200,1198,60,0.03966887417218543,0.001986754966887417
Autumn Term,201819,Local Authority,E92000001,England,E12000008,South East,E10000025,Oxfordshire,Total,300,297,60,0.99,0.2
Autumn Term,201819,Local Authority,E92000001,England,E12000005,West Midlands,E10000026,Shropshire,Total,90000,2594,55,0.02882222222222222,0.0006111111111111111
Autumn Term,201819,Local Authority,E92000001,England,E12000009,South West,E10000027,Somerset,Total,90000,2647,65,0.02941111111111111,0.0007222222222222222
Autumn Term,201819,Local Authority,E92000001,England,E12000005,West Midlands,E10000028,Staffordshire,Total,30200,923,43,0.03056291390728477,0.0014238410596026491
Autumn Term,201819,Local Authority,E92000001,England,E12000006,East of England,E10000029,Suffolk,Total,90000,2674,54,0.029711111111111112,0.0006
Autumn Term,201819,Local Authority,E92000001,England,E12000008,South East,E10000030,Surrey,Total,60100,1812,57,0.030149750415973377,0.0009484193011647255
Autumn Term,201819,Local Authority,E92000001,England,E12000005,West Midlands,E10000031,Warwickshire,Total,30200,977,60,0.03235099337748344,0.001986754966887417
Autumn Term,201819,Local Authority,E92000001,England,E12000008,South East,E10000032,West Sussex,Total,90000,2622,59,0.029133333333333334,0.0006555555555555556
Autumn Term,201819,Local Authority,E92000001,England,E12000009,South West,E10000033,Wiltshire,Total,60100,2058,61,0.034242928452579036,0.0010149750415973378
Autumn Term,201819,Local Authority,E92000001,England,E12000005,West Midlands,E10000034,Worcestershire,Total,90000,2527,69,0.028077777777777778,0.0007666666666666667
Autumn Term,201920,Local Authority,E92000001,England,E12000001,North East,E06000001,Hartlepool,Total,60100,1736,63,0.028885191347753744,0.0010482529118136439
Autumn Term,201920,Local Authority,E92000001,England,E12000001,North East,E06000002,Middlesbrough,Total,90000,2835,58,0.0315,0.0006444444444444444
Autumn Term,201920,Local Authority,E92000001,England,E12000001,North East,E06000003,Redcar and Cleveland,Total,30200,1198,40,0.03966887417218543,0.0013245033112582781
Autumn Term,201920,Local Authority,E92000001,England,E12000001,North East,E06000004,Stockton-on-Tees,Total,60100,1923,48,0.03199667221297837,0.0007986688851913477
Autumn Term,201920,Local Authority,E92000001,England,E12000001,North East,E06000005,Darlington,Total,30200,1198,63,0.03966887417218543,0.002086092715231788
Autumn Term,201920,Local Authority,E92000001,England,E12000002,North West,E06000006,Halton,Total,60100,1808,43,0.030083194675540766,0.0007154742096505824
Autumn Term,201920,Local Authority,E92000001,England,E12000002,North West,E06000007,Warrington,Total,30200,1126,57,0.03728476821192053,0.0018874172185430465
Autumn Term,201920,Local Authority,E92000001,England,E12000002,North West,E06000008,Blackburn with Darwen,Total,60100,2099,66,0.03492512479201331,0.0010981697171381032
Autumn Term,201920,Local Authority,E92000001,England,E12000002,North West,E06000009,Blackpool,Total,90000,3000,48,0.03333333333333333,0.0005333333333333334
Autumn Term,201920,Local Authority,E92000001,England,E12000003,Yorkshire and The Humber,E06000010,"Kingston upon Hull, City of",Total,30200,972,59,0.03218543046357616,0.0019536423841059604
Autumn Term,201920,Local Authority,E92000001,England,E12000003,Yorkshire and The Humber,E06000011,East Riding of Yorkshire,Total,60100,1925,61,0.032029950083194675,0.0010149750415973378
Autumn Term,201920,Local Authority,E92000001,England,E12000003,Yorkshire and The Humber,E06000012,North East Lincolnshire,Total,30200,1167,55,0.03864238410596026,0.0018211920529801326
Autumn Term,201920,Local Authority,E92000001,England,E12000003,Yorkshire and The Humber,E06000013,North Lincolnshire,Total,90000,2903,54,0.03225555555555556,0.0006
Autumn Term,201920,Local Authority,E92000001,England,E12000003,Yorkshire and The Humber,E06000014,York,Total,30200,1198,65,0.03966887417218543,0.002152317880794702
Autumn Term,201920,Local Authority,E92000001,England,E12000004,East Midlands,E06000015,Derby,Total,60100,1905,75,0.03169717138103161,0.0012479201331114808
Autumn Term,201920,Local Authority,E92000001,England,E12000004,East Midlands,E06000016,Leicester,Total,30200,1198,63,0.03966887417218543,0.002086092715231788
Autumn Term,201920,Local Authority,E92000001,England,E12000004,East Midlands,E06000017,Rutland,Total,60100,1719,55,0.02860232945091514,0.0009151414309484193
Autumn Term,201920,Local Authority,E92000001,England,E12000004,East Midlands,E06000018,Nottingham,Total,60100,1886,51,0.031381031613976706,0.000848585690515807
Autumn Term,201920,Local Authority,E92000001,England,E12000005,West Midlands,E06000019,"Herefordshire, County of",Total,30200,1081,65,0.03579470198675497,0.002152317880794702
Autumn Term,201920,Local Authority,E92000001,England,E12000005,West Midlands,E06000020,Telford and Wrekin,Total,30200,1198,63,0.03966887417218543,0.002086092715231788
Autumn Term,201920,Local Authority,E92000001,England,E12000005,West Midlands,E06000021,Stoke-on-Trent,Total,30200,1148,78,0.03801324503311258,0.0025827814569536426
Autumn Term,201920,Local Authority,E92000001,England,E12000009,South West,E06000022,Bath and North East Somerset,Total,300,297,67,0.99,0.22333333333333333
Autumn Term,201920,Local Authority,E92000001,England,E12000009,South West,E06000023,"Bristol, City of",Total,60100,1816,40,0.03021630615640599,0.0006655574043261231
Autumn Term,201920,Local Authority,E92000001,England,E12000009,South West,E06000024,North Somerset,Total,60100,1819,63,0.030266222961730448,0.0010482529118136439
Autumn Term,201920,Local Authority,E92000001,England,E12000009,South West,E06000025,South Gloucestershire,Total,60100,2024,65,0.03367720465890183,0.0010815307820299502
Autumn Term,201920,Local Authority,E92000001,England,E12000009,South West,E06000026,Plymouth,Total,30200,1027,70,0.03400662251655629,0.002317880794701987
Autumn Term,201920,Local Authority,E92000001,England,E12000009,South West,E06000027,Torbay,Total,300,297,59,0.99,0.19666666666666666
Autumn Term,201920,Local Authority,E92000001,England,E12000009,South West,E06000028,Bournemouth,Total,30200,1187,63,0.03930463576158941,0.002086092715231788
Autumn Term,201920,Local Authority,E92000001,England,E12000009,South West,E06000029,Poole,Total,60100,1693,65,0.02816971713810316,0.0010815307820299502
Autumn Term,201920,Local Authority,E92000001,England,E12000009,South West,E06000030,Swindon,Total,30200,1029,75,0.034072847682119205,0.0024834437086092716
Autumn Term,201920,Local Authority,E92000001,England,E12000006,East of England,E06000031,Peterborough,Total,30200,1192,50,0.03947019867549669,0.0016556291390728477
Autumn Term,201920,Local Authority,E92000001,England,E12000006,East of England,E06000032,Luton,Total,300,297,71,0.99,0.23666666666666666
Autumn Term,201920,Local Authority,E92000001,England,E12000006,East of England,E06000033,Southend-on-Sea,Total,60100,1955,62,0.032529118136439265,0.0010316139767054908
Autumn Term,201920,Local Authority,E92000001,England,E12000006,East of England,E06000034,Thurrock,Total,60100,1906,57,0.03171381031613977,0.0009484193011647255
Autumn Term,201920,Local Authority,E92000001,England,E12000008,South East,E06000035,Medway,Total,60100,1969,70,0.032762063227953414,0.0011647254575707154
Autumn Term,201920,Local Authority,E92000001,England,E12000008,South East,E06000036,Bracknell Forest,Total,90000,2825,52,0.03138888888888889,0.0005777777777777778
Autumn Term,201920,Local Authority,E92000001,England,E12000008,South East,E06000037,West Berkshire,Total,60100,1670,51,0.02778702163061564,0.000848585690515807
Autumn Term,201920,Local Authority,E92000001,England,E12000008,South East,E06000038,Reading,Total,30200,1182,64,0.039139072847682116,0.002119205298013245
Autumn Term,201920,Local Authority,E92000001,England,E12000008,South East,E06000039,Slough,Total,60100,2099,58,0.03492512479201331,0.0009650582362728785
Autumn Term,201920,Local Authority,E92000001,England,E12000008,South East,E06000040,Windsor and Maidenhead,Total,60100,1888,64,0.03141430948419301,0.001064891846921797
Autumn Term,201920,Local Authority,E92000001,England,E12000008,South East,E06000041,Wokingham,Total,90000,2335,54,0.025944444444444444,0.0006
Autumn Term,201920,Local Authority,E92000001,England,E12000008,South East,E06000042,Milton Keynes,Total,60100,1953,62,0.03249584026622296,0.0010316139767054908
Autumn Term,201920,Local Authority,E92000001,England,E12000008,South East,E06000043,Brighton and Hove,Total,60100,1830,55,0.030449251247920132,0.0009151414309484193
Autumn Term,201920,Local Authority,E92000001,England,E12000008,South East,E06000044,Portsmouth,Total,30200,1198,50,0.03966887417218543,0.0016556291390728477
Autumn Term,201920,Local Authority,E92000001,England,E12000008,South East,E06000045,Southampton,Total,90000,2921,53,0.03245555555555556,0.0005888888888888889
Autumn Term,201920,Local Authority,E92000001,England,E12000008,South East,E06000046,Isle of Wight,Total,300,297,72,0.99,0.24
Autumn Term,201920,Local Authority,E92000001,England,E12000001,North East,E06000047,County Durham,Total,60100,1943,62,0.03232945091514143,0.0010316139767054908
Autumn Term,201920,Local Authority,E92000001,England,E12000001,North East,E06000048,Northumberland,Total,30200,930,62,0.030794701986754967,0.0020529801324503313
Autumn Term,201920,Local Authority,E92000001,England,E12000002,North West,E06000049,Cheshire East,Total,60100,2025,68,0.03369384359400998,0.0011314475873544093
Autumn Term,201920,Local Authority,E92000001,England,E12000002,North West,E06000050,Cheshire West and Chester,Total,30200,1198,60,0.03966887417218543,0.001986754966887417
Autumn Term,201920,Local Authority,E92000001,England,E12000005,West Midlands,E06000051,Shropshire,Total,90000,2875,51,0.03194444444444444,0.0005666666666666667
Autumn Term,201920,Local Authority,E92000001,England,E12000009,South West,E06000052,Cornwall,Total,60100,2074,52,0.034509151414309484,0.00086522462562396
Autumn Term,201920,Local Authority,E92000001,England,E12000009,South West,E06000053,Isles of Scilly,Total,30200,1198,65,0.03966887417218543,0.002152317880794702
Autumn Term,201920,Local Authority,E92000001,England,E12000009,South West,E06000054,Wiltshire,Total,90000,2661,64,0.029566666666666668,0.0007111111111111111
Autumn Term,201920,Local Authority,E92000001,England,E12000006,East of England,E06000055,Bedford,Total,60100,1941,60,0.032296173044925124,0.0009983361064891847
Autumn Term,201920,Local Authority,E92000001,England,E12000006,East of England,E06000056,Central Bedfordshire,Total,90000,2749,60,0.030544444444444444,0.0006666666666666666
Autumn Term,201920,Local Authority,E92000001,England,E12000001,North East,E06000057,Northumberland,Total,60100,1883,59,0.03133111480865225,0.0009816971713810317
Autumn Term,201920,Local Authority,E92000001,England,E12000009,South West,E06000058,"Bournemouth, Christchurch and Poole",Total,90000,2814,69,0.031266666666666665,0.0007666666666666667
Autumn Term,201920,Local Authority,E92000001,England,E12000009,South West,E06000059,Dorset,Total,30200,1161,79,0.03844370860927152,0.0026158940397350994
Autumn Term,201920,Local Authority,E92000001,England,E12000008,South East,E06000060,Buckinghamshire,Total,30200,1188,57,0.039337748344370864,0.0018874172185430465
Autumn Term,201920,Local Authority,E92000001,England,E12000004,East Midlands,E06000061,North Northamptonshire,Total,60100,1876,58,0.031214642262895175,0.0009650582362728785
Autumn Term,201920,Local Authority,E92000001,England,E12000004,East Midlands,E06000062,West Northamptonshire,Total,30200,951,52,0.031490066225165564,0.0017218543046357616
Autumn Term,201920,Local Authority,E92000001,England,E12000002,North West,E06000063,Cumberland,Total,60100,2024,57,0.03367720465890183,0.0009484193011647255
Autumn Term,201920,Local Authority,E92000001,England,E12000002,North West,E06000064,Westmorland and Furness,Total,90000,2952,55,0.0328,0.0006111111111111111
Autumn Term,201920,Local Authority,E92000001,England,E12000003,Yorkshire and The Humber,E06000065,North Yorkshire,Total,90000,2326,70,0.025844444444444444,0.0007777777777777777
Autumn Term,201920,Local Authority,E92000001,England,E12000009,South West,E06000066,Somerset,Total,300,297,57,0.99,0.19
Autumn Term,201920,Local Authority,E92000001,England,E12000002,North West,E08000001,Bolton,Total,90000,3000,62,0.03333333333333333,0.0006888888888888888
Autumn Term,201920,Local Authority,E92000001,England,E12000002,North West,E08000002,Bury,Total,30200,1198,65,0.03966887417218543,0.002152317880794702
Autumn Term,201920,Local Authority,E92000001,England,E12000002,North West,E08000003,Manchester,Total,60100,1971,50,0.032795341098169714,0.0008319467554076539
Autumn Term,201920,Local Authority,E92000001,England,E12000002,North West,E08000004,Oldham,Total,60100,1881,66,0.03129783693843594,0.0010981697171381032
Autumn Term,201920,Local Authority,E92000001,England,E12000002,North West,E08000005,Rochdale,Total,30200,1174,52,0.03887417218543046,0.0017218543046357616
Autumn Term,201920,Local Authority,E92000001,England,E12000002,North West,E08000006,Salford,Total,300,297,51,0.99,0.17
Autumn Term,201920,Local Authority,E92000001,England,E12000002,North West,E08000007,Stockport,Total,60100,2099,48,0.03492512479201331,0.0007986688851913477
Autumn Term,201920,Local Authority,E92000001,England,E12000002,North West,E08000008,Tameside,Total,60100,2018,47,0.03357737104825291,0.0007820299500831947
Autumn Term,201920,Local Authority,E92000001,England,E12000002,North West,E08000009,Trafford,Total,60100,2007,48,0.033394342762063225,0.0007986688851913477
Autumn Term,201920,Local Authority,E92000001,England,E12000002,North West,E08000010,Wigan,Total,30200,1198,67,0.03966887417218543,0.002218543046357616
Autumn Term,201920,Local Authority,E92000001,England,E12000002,North West,E08000011,Knowsley,Total,60100,1923,54,0.03199667221297837,0.0008985024958402662
Autumn Term,201920,Local Authority,E92000001,England,E12000002,North West,E08000012,Liverpool,Total,90000,2720,54,0.030222222222222223,0.0006
Autumn Term,201920,Local Authority,E92000001,England,E12000002,North West,E08000013,St. Helens,Total,30200,1119,61,0.03705298013245033,0.002019867549668874
Autumn Term,201920,Local Authority,E92000001,England,E12000002,North West,E08000014,Sefton,Total,90000,2653,61,0.029477777777777776,0.0006777777777777778
Autumn Term,201920,Local Authority,E92000001,England,E12000002,North West,E08000015,Wirral,Total,300,297,63,0.99,0.21
Autumn Term,201920,Local Authority,E92000001,England,E12000003,Yorkshire and The Humber,E08000016,Barnsley,Total,60100,1953,54,0.03249584026622296,0.0008985024958402662
Autumn Term,201920,Local Authority,E92000001,England,E12000003,Yorkshire and The Humber,E08000017,Doncaster,Total,90000,2645,62,0.029388888888888888,0.0006888888888888888
Autumn Term,201920,Local Authority,E92000001,England,E12000003,Yorkshire and The Humber,E08000018,Rotherham,Total,60100,1897,53,0.03156405990016639,0.0008818635607321132
Autumn Term,201920,Local Authority,E92000001,England,E12000003,Yorkshire and The Humber,E08000019,Sheffield,Total,90000,2753,55,0.030588888888888888,0.0006111111111111111
Autumn Term,201920,Local Authority,E92000001,England,E12000001,North East,E08000020,Gateshead,Total,30200,1158,46,0.03834437086092715,0.0015231788079470199
Autumn Term,201920,Local Authority,E92000001,England,E12000001,North East,E08000021,Newcastle upon Tyne,Total,90000,2698,41,0.029977777777777777,0.00045555555555555556
Autumn Term,201920,Local Authority,E92000001,England,E12000001,North East,E08000022,North Tyneside,Total,60100,2099,70,0.03492512479201331,0.0011647254575707154
Autumn Term,201920,Local Authority,E92000001,England,E12000001,North East,E08000023,South Tyneside,Total,30200,1198,53,0.03966887417218543,0.0017549668874172186
Autumn Term,201920,Local Authority,E92000001,England,E12000001,North East,E08000024,Sunderland,Total,60100,1790,63,0.02978369384359401,0.0010482529118136439
Autumn Term,201920,Local Authority,E92000001,England,E12000005,West Midlands,E08000025,Birmingham,Total,30200,907,70,0.030033112582781456,0.002317880794701987
Autumn Term,201920,Local Authority,E92000001,England,E12000005,West Midlands,E08000026,Coventry,Total,60100,2074,67,0.034509151414309484,0.0011148086522462563
Autumn Term,201920,Local Authority,E92000001,England,E12000005,West Midlands,E08000027,Dudley,Total,90000,2858,53,0.03175555555555556,0.0005888888888888889
Autumn Term,201920,Local Authority,E92000001,England,E12000005,West Midlands,E08000028,Sandwell,Total,60100,1930,64,0.03211314475873544,0.001064891846921797
Autumn Term,201920,Local Authority,E92000001,England,E12000005,West Midlands,E08000029,Solihull,Total,300,297,66,0.99,0.22
Autumn Term,201920,Local Authority,E92000001,England,E12000005,West Midlands,E08000030,Walsall,Total,30200,914,55,0.030264900662251657,0.0018211920529801326
Autumn Term,201920,Local Authority,E92000001,England,E12000005,West Midlands,E08000031,Wolverhampton,Total,60100,2041,64,0.03396006655574043,0.001064891846921797
Autumn Term,201920,Local Authority,E92000001,England,E12000003,Yorkshire and The Humber,E08000032,Bradford,Total,300,297,64,0.99,0.21333333333333335
Autumn Term,201920,Local Authority,E92000001,England,E12000003,Yorkshire and The Humber,E08000033,Calderdale,Total,60100,1962,51,0.032645590682196336,0.000848585690515807
Autumn Term,201920,Local Authority,E92000001,England,E12000003,Yorkshire and The Humber,E08000034,Kirklees,Total,60100,1915,72,0.03186356073211315,0.0011980033277870217
Autumn Term,201920,Local Authority,E92000001,England,E12000003,Yorkshire and The Humber,E08000035,Leeds,Total,60100,1883,66,0.03133111480865225,0.0010981697171381032
Autumn Term,201920,Local Authority,E92000001,England,E12000003,Yorkshire and The Humber,E08000036,Wakefield,Total,30200,1117,44,0.036986754966887414,0.001456953642384106
Autumn Term,201920,Local Authority,E92000001,England,E12000001,North East,E08000037,Gateshead,Total,30200,1002,90,0.03317880794701987,0.002980132450331126
Autumn Term,201920,Local Authority,E92000001,England,E12000003,Yorkshire and The Humber,E08000038,Barnsley,Total,30200,1084,62,0.03589403973509934,0.0020529801324503313
Autumn Term,201920,Local Authority,E92000001,England,E12000003,Yorkshire and The Humber,E08000039,Sheffield,Total,60100,1941,56,0.032296173044925124,0.0009317803660565724
Autumn Term,201920,Local Authority,E92000001,England,E12000007,London,E09000001,City of London,Total,60100,1995,55,0.03319467554076539,0.0009151414309484193
Autumn Term,201920,Local Authority,E92000001,England,E12000007,London,E09000002,Barking and Dagenham,Total,30200,1126,56,0.03728476821192053,0.0018543046357615894
Autumn Term,201920,Local Authority,E92000001,England,E12000007,London,E09000003,Barnet,Total,60100,1792,62,0.029816971713810318,0.0010316139767054908
Autumn Term,201920,Local Authority,E92000001,England,E12000007,London,E09000004,Bexley,Total,60100,1900,55,0.03161397670549085,0.0009151414309484193
Autumn Term,201920,Local Authority,E92000001,England,E12000007,London,E09000005,Brent,Total,30200,1074,56,0.03556291390728477,0.0018543046357615894
Autumn Term,201920,Local Authority,E92000001,England,E12000007,London,E09000006,Bromley,Total,30200,1198,57,0.03966887417218543,0.0018874172185430465
Autumn Term,201920,Local Authority,E92000001,England,E12000007,London,E09000007,Camden,Total,60100,2048,67,0.0340765391014975,0.0011148086522462563
Autumn Term,201920,Local Authority,E92000001,England,E12000007,London,E09000008,Croydon,Total,300,297,59,0.99,0.19666666666666666
Autumn Term,201920,Local Authority,E92000001,England,E12000007,London,E09000009,Ealing,Total,90000,2868,74,0.03186666666666667,0.0008222222222222222
Autumn Term,201920,Local Authority,E92000001,England,E12000007,London,E09000010,Enfield,Total,30200,1198,65,0.03966887417218543,0.002152317880794702
Autumn Term,201920,Local Authority,E92000001,England,E12000007,London,E09000011,Greenwich,Total,90000,2712,73,0.030133333333333335,0.0008111111111111111
Autumn Term,201920,Local Authority,E92000001,England,E12000007,London,E09000012,Hackney,Total,30200,1198,60,0.03966887417218543,0.001986754966887417
Autumn Term,201920,Local Authority,E92000001,England,E12000007,London,E09000013,Hammersmith and Fulham,Total,60100,1762,53,0.029317803660565724,0.0008818635607321132
Autumn Term,201920,Local Authority,E92000001,England,E12000007,London,E09000014,Haringey,Total,90000,2595,66,0.028833333333333332,0.0007333333333333333
Autumn Term,201920,Local Authority,E92000001,England,E12000007,London,E09000015,Harrow,Total,60100,2099,64,0.03492512479201331,0.001064891846921797
Autumn Term,201920,Local Authority,E92000001,England,E12000007,London,E09000016,Havering,Total,300,297,47,0.99,0.15666666666666668
Autumn Term,201920,Local Authority,E92000001,England,E12000007,London,E09000017,Hillingdon,Total,30200,1016,69,0.033642384105960266,0.0022847682119205297
Autumn Term,201920,Local Authority,E92000001,England,E12000007,London,E09000018,Hounslow,Total,60100,1880,54,0.031281198003327786,0.0008985024958402662
Autumn Term,201920,Local Authority,E92000001,England,E12000007,London,E09000019,Islington,Total,60100,1775,75,0.029534109816971715,0.0012479201331114808
Autumn Term,201920,Local Authority,E92000001,England,E12000007,London,E09000020,Kensington and Chelsea,Total,60100,2038,56,0.03391014975041597,0.0009317803660565724
Autumn Term,201920,Local Authority,E92000001,England,E12000007,London,E09000021,Kingston upon Thames,Total,60100,2099,64,0.03492512479201331,0.001064891846921797
Autumn Term,201920,Local Authority,E92000001,England,E12000007,London,E09000022,Lambeth,Total,300,297,60,0.99,0.2
Autumn Term,201920,Local Authority,E92000001,England,E12000007,London,E09000023,Lewisham,Total,90000,2591,59,0.028788888888888888,0.0006555555555555556
Autumn Term,201920,Local Authority,E92000001,England,E12000007,London,E09000024,Merton,Total,60100,2002,62,0.03331114808652246,0.0010316139767054908
Autumn Term,201920,Local Authority,E92000001,England,E12000007,London,E09000025,Newham,Total,60100,1885,54,0.03136439267886855,0.0008985024958402662
Autumn Term,201920,Local Authority,E92000001,England,E12000007,London,E09000026,Redbridge,Total,90000,2433,73,0.027033333333333333,0.0008111111111111111
Autumn Term,201920,Local Authority,E92000001,England,E12000007,London,E09000027,Richmond upon Thames,Total,90000,2815,58,0.03127777777777778,0.0006444444444444444
Autumn Term,201920,Local Authority,E92000001,England,E12000007,London,E09000028,Southwark,Total,60100,2009,62,0.03342762063227953,0.0010316139767054908
Autumn Term,201920,Local Authority,E92000001,England,E12000007,London,E09000029,Sutton,Total,90000,2839,56,0.031544444444444444,0.0006222222222222223
Autumn Term,201920,Local Authority,E92000001,England,E12000007,London,E09000030,Tower Hamlets,Total,60100,1912,59,0.03181364392678868,0.0009816971713810317
Autumn Term,201920,Local Authority,E92000001,England,E12000007,London,E09000031,Waltham Forest,Total,90000,2717,64,0.03018888888888889,0.0007111111111111111
Autumn Term,201920,Local Authority,E92000001,England,E12000007,London,E09000032,Wandsworth,Total,60100,1988,51,0.03307820299500832,0.000848585690515807
Autumn Term,201920,Local Authority,E92000001,England,E12000007,London,E09000033,Westminster,Total,60100,2099,63,0.03492512479201331,0.0010482529118136439
Autumn Term,201920,Local Authority,E92000001,England,E12000006,East of England,E10000001,Bedfordshire,Total,90000,2720,63,0.030222222222222223,0.0007
Autumn Term,201920,Local Authority,E92000001,England,E12000008,South East,E10000002,Buckinghamshire,Total,90000,2825,62,0.03138888888888889,0.0006888888888888888
Autumn Term,201920,Local Authority,E92000001,England,E12000006,East of England,E10000003,Cambridgeshire,Total,30200,1067,52,0.03533112582781457,0.0017218543046357616
Autumn Term,201920,Local Authority,E92000001,England,E12000002,North West,E10000004,Cheshire,Total,60100,2031,52,0.0337936772046589,0.00086522462562396
Autumn Term,201920,Local Authority,E92000001,England,E12000009,South West,E10000005,Cornwall and Isles of Scilly,Total,30200,952,44,0.03152317880794702,0.001456953642384106
Autumn Term,201920,Local Authority,E92000001,England,E12000002,North West,E10000006,Cumbria,Total,300,297,51,0.99,0.17
Autumn Term,201920,Local Authority,E92000001,England,E12000004,East Midlands,E10000007,Derbyshire,Total,60100,1804,58,0.030016638935108152,0.0009650582362728785
Autumn Term,201920,Local Authority,E92000001,England,E12000009,South West,E10000008,Devon,Total,30200,928,58,0.030728476821192053,0.0019205298013245033
Autumn Term,201920,Local Authority,E92000001,England,E12000009,South West,E10000009,Dorset,Total,60100,1885,63,0.03136439267886855,0.0010482529118136439
Autumn Term,201920,Local Authority,E92000001,England,E12000001,North East,E10000010,Durham,Total,60100,2068,63,0.034409317803660563,0.0010482529118136439
Autumn Term,201920,Local Authority,E92000001,England,E12000008,South East,E10000011,East Sussex,Total,30200,1122,61,0.037152317880794705,0.002019867549668874
Autumn Term,201920,Local Authority,E92000001,England,E12000006,East of England,E10000012,Essex,Total,60100,1997,64,0.0332279534109817,0.001064891846921797
Autumn Term,201920,Local Authority,E92000001,England,E12000009,South West,E10000013,Gloucestershire,Total,90000,2838,67,0.03153333333333333,0.0007444444444444445
Autumn Term,201920,Local Authority,E92000001,England,E12000008,South East,E10000014,Hampshire,Total,60100,2050,61,0.03410981697171381,0.0010149750415973378
Autumn Term,201920,Local Authority,E92000001,England,E12000006,East of England,E10000015,Hertfordshire,Total,60100,1795,68,0.029866888519134775,0.0011314475873544093
Autumn Term,201920,Local Authority,E92000001,England,E12000008,South East,E10000016,Kent,Total,60100,1872,53,0.03114808652246256,0.0008818635607321132
Autumn Term,201920,Local Authority,E92000001,England,E12000002,North West,E10000017,Lancashire,Total,90000,2564,65,0.02848888888888889,0.0007222222222222222
Autumn Term,201920,Local Authority,E92000001,England,E12000004,East Midlands,E10000018,Leicestershire,Total,60100,1666,71,0.027720465890183028,0.0011813643926788687
Autumn Term,201920,Local Authority,E92000001,England,E12000004,East Midlands,E10000019,Lincolnshire,Total,300,297,53,0.99,0.17666666666666667
Autumn Term,201920,Local Authority,E92000001,England,E12000006,East of England,E10000020,Norfolk,Total,30200,1138,57,0.037682119205298015,0.0018874172185430465
Autumn Term,201920,Local Authority,E92000001,England,E12000004,East Midlands,E10000021,Northamptonshire,Total,60100,1726,67,0.028718801996672212,0.0011148086522462563
Autumn Term,201920,Local Authority,E92000001,England,E12000001,North East,E10000022,Northumberland,Total,30200,1065,61,0.03526490066225166,0.002019867549668874
Autumn Term,201920,Local Authority,E92000001,England,E12000003,Yorkshire and The Humber,E10000023,North Yorkshire,Total,30200,1176,63,0.038940397350993375,0.002086092715231788
Autumn Term,201920,Local Authority,E92000001,England,E12000004,East Midlands,E10000024,Nottinghamshire,Total,30200,1086,57,0.03596026490066225,0.0018874172185430465
Autumn Term,201920,Local Authority,E92000001,England,E12000008,South East,E10000025,Oxfordshire,Total,60100,2099,68,0.03492512479201331,0.0011314475873544093
Autumn Term,201920,Local Authority,E92000001,England,E12000005,West Midlands,E10000026,Shropshire,Total,30200,1084,48,0.03589403973509934,0.0015894039735099338
Autumn Term,201920,Local Authority,E92000001,England,E12000009,South West,E10000027,Somerset,Total,30200,1184,54,0.03920529801324504,0.0017880794701986755
Autumn Term,201920,Local Authority,E92000001,England,E12000005,West Midlands,E10000028,Staffordshire,Total,90000,2951,72,0.03278888888888889,0.0008
Autumn Term,201920,Local Authority,E92000001,England,E12000006,East of England,E10000029,Suffolk,Total,60100,1809,51,0.03009983361064892,0.000848585690515807
Autumn Term,201920,Local Authority,E92000001,England,E12000008,South East,E10000030,Surrey,Total,90000,2683,68,0.02981111111111111,0.0007555555555555555
Autumn Term,201920,Local Authority,E92000001,England,E12000005,West Midlands,E10000031,Warwickshire,Total,60100,2099,66,0.03492512479201331,0.0010981697171381032
Autumn Term,201920,Local Authority,E92000001,England,E12000008,South East,E10000032,West Sussex,Total,30200,1151,57,0.038112582781456954,0.0018874172185430465
Autumn Term,201920,Local Authority,E92000001,England,E12000009,South West,E10000033,Wiltshire,Total,60100,2099,62,0.03492512479201331,0.0010316139767054908
Autumn Term,201920,Local Authority,E92000001,England,E12000005,West Midlands,E10000034,Worcestershire,Total,60100,1944,59,0.03234608985024959,0.0009816971713810317
Autumn Term,202021,Local Authority,E92000001,England,E12000001,North East,E06000001,Hartlepool,Total,30200,1063,58,0.035198675496688744,0.0019205298013245033
Autumn Term,202021,Local Authority,E92000001,England,E12000001,North East,E06000002,Middlesbrough,Total,60100,1944,57,0.03234608985024959,0.0009484193011647255
Autumn Term,202021,Local Authority,E92000001,England,E12000001,North East,E06000003,Redcar and Cleveland,Total,90000,2954,67,0.032822222222222225,0.0007444444444444445
Autumn Term,202021,Local Authority,E92000001,England,E12000001,North East,E06000004,Stockton-on-Tees,Total,60100,1859,54,0.030931780366056573,0.0008985024958402662
Autumn Term,202021,Local Authority,E92000001,England,E12000001,North East,E06000005,Darlington,Total,60100,1610,46,0.026788685524126457,0.0007653910149750416
Autumn Term,202021,Local Authority,E92000001,England,E12000002,North West,E06000006,Halton,Total,30200,1198,66,0.03966887417218543,0.002185430463576159
Autumn Term,202021,Local Authority,E92000001,England,E12000002,North West,E06000007,Warrington,Total,90000,2718,54,0.0302,0.0006
Autumn Term,202021,Local Authority,E92000001,England,E12000002,North West,E06000008,Blackburn with Darwen,Total,30200,1198,53,0.03966887417218543,0.0017549668874172186
Autumn Term,202021,Local Authority,E92000001,England,E12000002,North West,E06000009,Blackpool,Total,30200,1152,45,0.03814569536423841,0.001490066225165563
Autumn Term,202021,Local Authority,E92000001,England,E12000003,Yorkshire and The Humber,E06000010,"Kingston upon Hull, City of",Total,300,297,60,0.99,0.2
Autumn Term,202021,Local Authority,E92000001,England,E12000003,Yorkshire and The Humber,E06000011,East Riding of Yorkshire,Total,30200,1084,65,0.03589403973509934,0.002152317880794702
Autumn Term,202021,Local Authority,E92000001,England,E12000003,Yorkshire and The Humber,E06000012,North East Lincolnshire,Total,60100,2026,72,0.03371048252911814,0.0011980033277870217
Autumn Term,202021,Local Authority,E92000001,England,E12000003,Yorkshire and The Humber,E06000013,North Lincolnshire,Total,60100,1861,50,0.03096505823627288,0.0008319467554076539
Autumn Term,202021,Local Authority,E92000001,England,E12000003,Yorkshire and The Humber,E06000014,York,Total,60100,1719,60,0.02860232945091514,0.0009983361064891847
Autumn Term,202021,Local Authority,E92000001,England,E12000004,East Midlands,E06000015,Derby,Total,60100,2043,64,0.03399334442595674,0.001064891846921797
Autumn Term,202021,Local Authority,E92000001,England,E12000004,East Midlands,E06000016,Leicester,Total,60100,1995,63,0.03319467554076539,0.0010482529118136439
Autumn Term,202021,Local Authority,E92000001,England,E12000004,East Midlands,E06000017,Rutland,Total,90000,2792,66,0.031022222222222222,0.0007333333333333333
Autumn Term,202021,Local Authority,E92000001,England,E12000004,East Midlands,E06000018,Nottingham,Total,60100,2099,47,0.03492512479201331,0.0007820299500831947
Autumn Term,202021,Local Authority,E92000001,England,E12000005,West Midlands,E06000019,"Herefordshire, County of",Total,90000,2811,66,0.03123333333333333,0.0007333333333333333
Autumn Term,202021,Local Authority,E92000001,England,E12000005,West Midlands,E06000020,Telford and Wrekin,Total,90000,2468,56,0.027422222222222223,0.0006222222222222223
Autumn Term,202021,Local Authority,E92000001,England,E12000005,West Midlands,E06000021,Stoke-on-Trent,Total,300,297,68,0.99,0.22666666666666666
Autumn Term,202021,Local Authority,E92000001,England,E12000009,South West,E06000022,Bath and North East Somerset,Total,60100,1766,46,0.029384359400998337,0.0007653910149750416
Autumn Term,202021,Local Authority,E92000001,England,E12000009,South West,E06000023,"Bristol, City of",Total,90000,2826,66,0.0314,0.0007333333333333333
Autumn Term,202021,Local Authority,E92000001,England,E12000009,South West,E06000024,North Somerset,Total,60100,1994,55,0.03317803660565724,0.0009151414309484193
Autumn Term,202021,Local Authority,E92000001,England,E12000009,South West,E06000025,South Gloucestershire,Total,90000,2779,52,0.03087777777777778,0.0005777777777777778
Autumn Term,202021,Local Authority,E92000001,England,E12000009,South West,E06000026,Plymouth,Total,90000,3000,48,0.03333333333333333,0.0005333333333333334
Autumn Term,202021,Local Authority,E92000001,England,E12000009,South West,E06000027,Torbay,Total,60100,1867,82,0.031064891846921797,0.0013643926788685524
Autumn Term,202021,Local Authority,E92000001,England,E12000009,South West,E06000028,Bournemouth,Total,30200,1198,71,0.03966887417218543,0.002350993377483444
Autumn Term,202021,Local Authority,E92000001,England,E12000009,South West,E06000029,Poole,Total,30200,1198,53,0.03966887417218543,0.0017549668874172186
Autumn Term,202021,Local Authority,E92000001,England,E12000009,South West,E06000030,Swindon,Total,60100,1774,72,0.029517470881863562,0.0011980033277870217
Autumn Term,202021,Local Authority,E92000001,England,E12000006,East of England,E06000031,Peterborough,Total,60100,2063,47,0.0343261231281198,0.0007820299500831947
Autumn Term,202021,Local Authority,E92000001,England,E12000006,East of England,E06000032,Luton,Total,30200,956,63,0.03165562913907285,0.002086092715231788
Autumn Term,202021,Local Authority,E92000001,England,E12000006,East of England,E06000033,Southend-on-Sea,Total,90000,2846,66,0.031622222222222225,0.0007333333333333333
Autumn Term,202021,Local Authority,E92000001,England,E12000006,East of England,E06000034,Thurrock,Total,90000,2646,68,0.0294,0.0007555555555555555
Autumn Term,202021,Local Authority,E92000001,England,E12000008,South East,E06000035,Medway,Total,90000,2222,48,0.02468888888888889,0.0005333333333333334
Autumn Term,202021,Local Authority,E92000001,England,E12000008,South East,E06000036,Bracknell Forest,Total,60100,1955,70,0.032529118136439265,0.0011647254575707154
Autumn Term,202021,Local Authority,E92000001,England,E12000008,South East,E06000037,West Berkshire,Total,300,297,58,0.99,0.19333333333333333
Autumn Term,202021,Local Authority,E92000001,England,E12000008,South East,E06000038,Reading,Total,90000,2558,46,0.028422222222222224,0.0005111111111111112
Autumn Term,202021,Local Authority,E92000001,England,E12000008,South East,E06000039,Slough,Total,60100,1843,57,0.030665557404326124,0.0009484193011647255
Autumn Term,202021,Local Authority,E92000001,England,E12000008,South East,E06000040,Windsor and Maidenhead,Total,90000,2761,61,0.03067777777777778,0.0006777777777777778
Autumn Term,202021,Local Authority,E92000001,England,E12000008,South East,E06000041,Wokingham,Total,90000,2707,64,0.030077777777777776,0.0007111111111111111
Autumn Term,202021,Local Authority,E92000001,England,E12000008,South East,E06000042,Milton Keynes,Total,30200,1070,67,0.03543046357615894,0.002218543046357616
Autumn Term,202021,Local Authority,E92000001,England,E12000008,South East,E06000043,Brighton and Hove,Total,30200,1198,53,0.03966887417218543,0.0017549668874172186
Autumn Term,202021,Local Authority,E92000001,England,E12000008,South East,E06000044,Portsmouth,Total,30200,1127,58,0.03731788079470199,0.0019205298013245033
Autumn Term,202021,Local Authority,E92000001,England,E12000008,South East,E06000045,Southampton,Total,30200,1198,46,0.03966887417218543,0.0015231788079470199
Autumn Term,202021,Local Authority,E92000001,England,E12000008,South East,E06000046,Isle of Wight,Total,90000,2959,52,0.03287777777777778,0.0005777777777777778
Autumn Term,202021,Local Authority,E92000001,England,E12000001,North East,E06000047,County Durham,Total,60100,1901,57,0.031630615640599,0.0009484193011647255
Autumn Term,202021,Local Authority,E92000001,England,E12000001,North East,E06000048,Northumberland,Total,60100,1555,55,0.025873544093178037,0.0009151414309484193
Autumn Term,202021,Local Authority,E92000001,England,E12000002,North West,E06000049,Cheshire East,Total,60100,1907,55,0.03173044925124792,0.0009151414309484193
Autumn Term,202021,Local Authority,E92000001,England,E12000002,North West,E06000050,Cheshire West and Chester,Total,90000,2772,62,0.0308,0.0006888888888888888
Autumn Term,202021,Local Authority,E92000001,England,E12000005,West Midlands,E06000051,Shropshire,Total,60100,1817,68,0.030232945091514144,0.0011314475873544093
Autumn Term,202021,Local Authority,E92000001,England,E12000009,South West,E06000052,Cornwall,Total,60100,1851,58,0.03079866888519135,0.0009650582362728785
Autumn Term,202021,Local Authority,E92000001,England,E12000009,South West,E06000053,Isles of Scilly,Total,60100,2018,67,0.03357737104825291,0.0011148086522462563
Autumn Term,202021,Local Authority,E92000001,England,E12000009,South West,E06000054,Wiltshire,Total,60100,2054,63,0.03417637271214642,0.0010482529118136439
Autumn Term,202021,Local Authority,E92000001,England,E12000006,East of England,E06000055,Bedford,Total,60100,2016,76,0.0335440931780366,0.0012645590682196339
Autumn Term,202021,Local Authority,E92000001,England,E12000006,East of England,E06000056,Central Bedfordshire,Total,300,297,50,0.99,0.16666666666666666
Autumn Term,202021,Local Authority,E92000001,England,E12000001,North East,E06000057,Northumberland,Total,90000,2794,52,0.031044444444444444,0.0005777777777777778
Autumn Term,202021,Local Authority,E92000001,England,E12000009,South West,E06000058,"Bournemouth, Christchurch and Poole",Total,90000,2636,65,0.02928888888888889,0.0007222222222222222
Autumn Term,202021,Local Authority,E92000001,England,E12000009,South West,E06000059,Dorset,Total,30200,1198,66,0.03966887417218543,0.002185430463576159
Autumn Term,202021,Local Authority,E92000001,England,E12000008,South East,E06000060,Buckinghamshire,Total,60100,2062,61,0.03430948419301165,0.0010149750415973378
Autumn Term,202021,Local Authority,E92000001,England,E12000004,East Midlands,E06000061,North Northamptonshire,Total,60100,2099,62,0.03492512479201331,0.0010316139767054908
Autumn Term,202021,Local Authority,E92000001,England,E12000004,East Midlands,E06000062,West Northamptonshire,Total,30200,1084,59,0.03589403973509934,0.0019536423841059604
Autumn Term,202021,Local Authority,E92000001,England,E12000002,North West,E06000063,Cumberland,Total,30200,1056,62,0.034966887417218546,0.0020529801324503313
Autumn Term,202021,Local Authority,E92000001,England,E12000002,North West,E06000064,Westmorland and Furness,Total,90000,2640,68,0.029333333333333333,0.0007555555555555555
Autumn Term,202021,Local Authority,E92000001,England,E12000003,Yorkshire and The Humber,E06000065,North Yorkshire,Total,300,297,60,0.99,0.2
Autumn Term,202021,Local Authority,E92000001,England,E12000009,South West,E06000066,Somerset,Total,60100,1917,48,0.031896838602329454,0.0007986688851913477
Autumn Term,202021,Local Authority,E92000001,England,E12000002,North West,E08000001,Bolton,Total,30200,1107,60,0.036655629139072846,0.001986754966887417
Autumn Term,202021,Local Authority,E92000001,England,E12000002,North West,E08000002,Bury,Total,90000,2696,53,0.029955555555555555,0.0005888888888888889
Autumn Term,202021,Local Authority,E92000001,England,E12000002,North West,E08000003,Manchester,Total,30200,1082,58,0.035827814569536424,0.0019205298013245033
Autumn Term,202021,Local Authority,E92000001,England,E12000002,North West,E08000004,Oldham,Total,30200,1081,58,0.03579470198675497,0.0019205298013245033
Autumn Term,202021,Local Authority,E92000001,England,E12000002,North West,E08000005,Rochdale,Total,60100,1836,77,0.030549084858569053,0.001281198003327787
Autumn Term,202021,Local Authority,E92000001,England,E12000002,North West,E08000006,Salford,Total,60100,1997,54,0.0332279534109817,0.0008985024958402662
Autumn Term,202021,Local Authority,E92000001,England,E12000002,North West,E08000007,Stockport,Total,30200,1093,64,0.03619205298013245,0.002119205298013245
Autumn Term,202021,Local Authority,E92000001,England,E12000002,North West,E08000008,Tameside,Total,90000,3000,65,0.03333333333333333,0.0007222222222222222
Autumn Term,202021,Local Authority,E92000001,England,E12000002,North West,E08000009,Trafford,Total,90000,2422,68,0.02691111111111111,0.0007555555555555555
Autumn Term,202021,Local Authority,E92000001,England,E12000002,North West,E08000010,Wigan,Total,30200,903,86,0.02990066225165563,0.0028476821192052982
Autumn Term,202021,Local Authority,E92000001,England,E12000002,North West,E08000011,Knowsley,Total,300,297,58,0.99,0.19333333333333333
Autumn Term,202021,Local Authority,E92000001,England,E12000002,North West,E08000012,Liverpool,Total,30200,1056,66,0.034966887417218546,0.002185430463576159
Autumn Term,202021,Local Authority,E92000001,England,E12000002,North West,E08000013,St. Helens,Total,90000,2622,65,0.029133333333333334,0.0007222222222222222
Autumn Term,202021,Local Authority,E92000001,England,E12000002,North West,E08000014,Sefton,Total,90000,2526,51,0.028066666666666667,0.0005666666666666667
Autumn Term,202021,Local Authority,E92000001,England,E12000002,North West,E08000015,Wirral,Total,60100,1966,52,0.03271214642262895,0.00086522462562396
Autumn Term,202021,Local Authority,E92000001,England,E12000003,Yorkshire and The Humber,E08000016,Barnsley,Total,90000,2777,61,0.030855555555555556,0.0006777777777777778
Autumn Term,202021,Local Authority,E92000001,England,E12000003,Yorkshire and The Humber,E08000017,Doncaster,Total,90000,2896,56,0.03217777777777778,0.0006222222222222223
Autumn Term,202021,Local Authority,E92000001,England,E12000003,Yorkshire and The Humber,E08000018,Rotherham,Total,60100,2099,66,0.03492512479201331,0.0010981697171381032
Autumn Term,202021,Local Authority,E92000001,England,E12000003,Yorkshire and The Humber,E08000019,Sheffield,Total,90000,2525,65,0.028055555555555556,0.0007222222222222222
Autumn Term,202021,Local Authority,E92000001,England,E12000001,North East,E08000020,Gateshead,Total,300,297,66,0.99,0.22
Autumn Term,202021,Local Authority,E92000001,England,E12000001,North East,E08000021,Newcastle upon Tyne,Total,30200,1000,63,0.033112582781456956,0.002086092715231788
Autumn Term,202021,Local Authority,E92000001,England,E12000001,North East,E08000022,North Tyneside,Total,60100,1970,58,0.032778702163061564,0.0009650582362728785
Autumn Term,202021,Local Authority,E92000001,England,E12000001,North East,E08000023,South Tyneside,Total,90000,2618,60,0.02908888888888889,0.0006666666666666666
Autumn Term,202021,Local Authority,E92000001,England,E12000001,North East,E08000024,Sunderland,Total,60100,2011,69,0.03346089850249584,0.0011480865224625623
Autumn Term,202021,Local Authority,E92000001,England,E12000005,West Midlands,E08000025,Birmingham,Total,90000,2837,55,0.03152222222222222,0.0006111111111111111
Autumn Term,202021,Local Authority,E92000001,England,E12000005,West Midlands,E08000026,Coventry,Total,30200,1090,57,0.03609271523178808,0.0018874172185430465
Autumn Term,202021,Local Authority,E92000001,England,E12000005,West Midlands,E08000027,Dudley,Total,30200,1171,51,0.03877483443708609,0.0016887417218543047
Autumn Term,202021,Local Authority,E92000001,England,E12000005,West Midlands,E08000028,Sandwell,Total,60100,1551,49,0.025806988352745423,0.0008153078202995009
Autumn Term,202021,Local Authority,E92000001,England,E12000005,West Midlands,E08000029,Solihull,Total,90000,2676,66,0.029733333333333334,0.0007333333333333333
Autumn Term,202021,Local Authority,E92000001,England,E12000005,West Midlands,E08000030,Walsall,Total,90000,2616,59,0.029066666666666668,0.0006555555555555556
Autumn Term,202021,Local Authority,E92000001,England,E12000005,West Midlands,E08000031,Wolverhampton,Total,90000,2586,75,0.028733333333333333,0.0008333333333333334
Autumn Term,202021,Local Authority,E92000001,England,E12000003,Yorkshire and The Humber,E08000032,Bradford,Total,90000,3000,61,0.03333333333333333,0.0006777777777777778
Autumn Term,202021,Local Authority,E92000001,England,E12000003,Yorkshire and The Humber,E08000033,Calderdale,Total,60100,2039,64,0.03392678868552413,0.001064891846921797
Autumn Term,202021,Local Authority,E92000001,England,E12000003,Yorkshire and The Humber,E08000034,Kirklees,Total,90000,2766,71,0.030733333333333335,0.0007888888888888889
Autumn Term,202021,Local Authority,E92000001,England,E12000003,Yorkshire and The Humber,E08000035,Leeds,Total,60100,1938,46,0.03224625623960067,0.0007653910149750416
Autumn Term,202021,Local Authority,E92000001,England,E12000003,Yorkshire and The Humber,E08000036,Wakefield,Total,90000,2366,55,0.02628888888888889,0.0006111111111111111
Autumn Term,202021,Local Authority,E92000001,England,E12000001,North East,E08000037,Gateshead,Total,90000,2710,60,0.030111111111111113,0.0006666666666666666
Autumn Term,202021,Local Authority,E92000001,England,E12000003,Yorkshire and The Humber,E08000038,Barnsley,Total,60100,1882,67,0.03131447587354409,0.0011148086522462563
Autumn Term,202021,Local Authority,E92000001,England,E12000003,Yorkshire and The Humber,E08000039,Sheffield,Total,30200,1098,54,0.036357615894039734,0.0017880794701986755
Autumn Term,202021,Local Authority,E92000001,England,E12000007,London,E09000001,City of London,Total,60100,1952,59,0.03247920133111481,0.0009816971713810317
Autumn Term,202021,Local Authority,E92000001,England,E12000007,London,E09000002,Barking and Dagenham,Total,30200,1039,71,0.03440397350993377,0.002350993377483444
Autumn Term,202021,Local Authority,E92000001,England,E12000007,London,E09000003,Barnet,Total,60100,1934,65,0.03217970049916805,0.0010815307820299502
Autumn Term,202021,Local Authority,E92000001,England,E12000007,London,E09000004,Bexley,Total,60100,1951,61,0.03246256239600666,0.0010149750415973378
Autumn Term,202021,Local Authority,E92000001,England,E12000007,London,E09000005,Brent,Total,60100,1712,59,0.02848585690515807,0.0009816971713810317
Autumn Term,202021,Local Authority,E92000001,England,E12000007,London,E09000006,Bromley,Total,30200,1002,64,0.03317880794701987,0.002119205298013245
Autumn Term,202021,Local Authority,E92000001,England,E12000007,London,E09000007,Camden,Total,30200,1198,73,0.03966887417218543,0.0024172185430463575
Autumn Term,202021,Local Authority,E92000001,England,E12000007,London,E09000008,Croydon,Total,90000,2799,54,0.0311,0.0006
Autumn Term,202021,Local Authority,E92000001,England,E12000007,London,E09000009,Ealing,Total,90000,2805,60,0.031166666666666665,0.0006666666666666666
Autumn Term,202021,Local Authority,E92000001,England,E12000007,London,E09000010,Enfield,Total,90000,2653,57,0.029477777777777776,0.0006333333333333333
Autumn Term,202021,Local Authority,E92000001,England,E12000007,London,E09000011,Greenwich,Total,60100,1952,61,0.03247920133111481,0.0010149750415973378
Autumn Term,202021,Local Authority,E92000001,England,E12000007,London,E09000012,Hackney,Total,300,297,65,0.99,0.21666666666666667
Autumn Term,202021,Local Authority,E92000001,England,E12000007,London,E09000013,Hammersmith and Fulham,Total,60100,1910,55,0.031780366056572376,0.0009151414309484193
Autumn Term,202021,Local Authority,E92000001,England,E12000007,London,E09000014,Haringey,Total,90000,2601,66,0.0289,0.0007333333333333333
Autumn Term,202021,Local Authority,E92000001,England,E12000007,London,E09000015,Harrow,Total,90000,2864,55,0.031822222222222224,0.0006111111111111111
Autumn Term,202021,Local Authority,E92000001,England,E12000007,London,E09000016,Havering,Total,30200,1198,61,0.03966887417218543,0.002019867549668874
Autumn Term,202021,Local Authority,E92000001,England,E12000007,London,E09000017,Hillingdon,Total,30200,1117,57,0.036986754966887414,0.0018874172185430465
Autumn Term,202021,Local Authority,E92000001,England,E12000007,London,E09000018,Hounslow,Total,90000,2841,53,0.031566666666666666,0.0005888888888888889
Autumn Term,202021,Local Authority,E92000001,England,E12000007,London,E09000019,Islington,Total,300,297,57,0.99,0.19
Autumn Term,202021,Local Authority,E92000001,England,E12000007,London,E09000020,Kensington and Chelsea,Total,60100,2099,67,0.03492512479201331,0.0011148086522462563
Autumn Term,202021,Local Authority,E92000001,England,E12000007,London,E09000021,Kingston upon Thames,Total,60100,1719,70,0.02860232945091514,0.0011647254575707154
Autumn Term,202021,Local Authority,E92000001,England,E12000007,London,E09000022,Lambeth,Total,90000,2704,69,0.030044444444444443,0.0007666666666666667
Autumn Term,202021,Local Authority,E92000001,England,E12000007,London,E09000023,Lewisham,Total,30200,1022,56,0.03384105960264901,0.0018543046357615894
Autumn Term,202021,Local Authority,E92000001,England,E12000007,London,E09000024,Merton,Total,60100,1754,58,0.0291846921797005,0.0009650582362728785
Autumn Term,202021,Local Authority,E92000001,England,E12000007,London,E09000025,Newham,Total,30200,1160,62,0.038410596026490065,0.0020529801324503313
Autumn Term,202021,Local Authority,E92000001,England,E12000007,London,E09000026,Redbridge,Total,30200,1198,46,0.03966887417218543,0.0015231788079470199
Autumn Term,202021,Local Authority,E92000001,England,E12000007,London,E09000027,Richmond upon Thames,Total,90000,2751,62,0.030566666666666666,0.0006888888888888888
Autumn Term,202021,Local Authority,E92000001,England,E12000007,London,E09000028,Southwark,Total,60100,2052,80,0.034143094841930115,0.0013311148086522463
Autumn Term,202021,Local Authority,E92000001,England,E12000007,London,E09000029,Sutton,Total,30200,1009,57,0.03341059602649007,0.0018874172185430465
Autumn Term,202021,Local Authority,E92000001,England,E12000007,London,E09000030,Tower Hamlets,Total,30200,1066,66,0.035298013245033115,0.002185430463576159
Autumn Term,202021,Local Authority,E92000001,England,E12000007,London,E09000031,Waltham Forest,Total,60100,2021,50,0.033627287853577374,0.0008319467554076539
Autumn Term,202021,Local Authority,E92000001,England,E12000007,London,E09000032,Wandsworth,Total,30200,1107,41,0.036655629139072846,0.0013576158940397352
Autumn Term,202021,Local Authority,E92000001,England,E12000007,London,E09000033,Westminster,Total,30200,1198,74,0.03966887417218543,0.002450331125827815
Autumn Term,202021,Local Authority,E92000001,England,E12000006,East of England,E10000001,Bedfordshire,Total,60100,1887,56,0.031397670549084856,0.0009317803660565724
Autumn Term,202021,Local Authority,E92000001,England,E12000008,South East,E10000002,Buckinghamshire,Total,60100,1897,62,0.03156405990016639,0.0010316139767054908
Autumn Term,202021,Local Authority,E92000001,England,E12000006,East of England,E10000003,Cambridgeshire,Total,60100,1938,51,0.03224625623960067,0.000848585690515807
Autumn Term,202021,Local Authority,E92000001,England,E12000002,North West,E10000004,Cheshire,Total,90000,2938,63,0.03264444444444444,0.0007
Autumn Term,202021,Local Authority,E92000001,England,E12000009,South West,E10000005,Cornwall and Isles of Scilly,Total,60100,2050,61,0.03410981697171381,0.0010149750415973378
Autumn Term,202021,Local Authority,E92000001,England,E12000002,North West,E10000006,Cumbria,Total,60100,1939,63,0.03226289517470882,0.0010482529118136439
Autumn Term,202021,Local Authority,E92000001,England,E12000004,East Midlands,E10000007,Derbyshire,Total,60100,1819,56,0.030266222961730448,0.0009317803660565724
Autumn Term,202021,Local Authority,E92000001,England,E12000009,South West,E10000008,Devon,Total,30200,1023,63,0.033874172185430464,0.002086092715231788
Autumn Term,202021,Local Authority,E92000001,England,E12000009,South West,E10000009,Dorset,Total,90000,2758,60,0.030644444444444443,0.0006666666666666666
Autumn Term,202021,Local Authority,E92000001,England,E12000001,North East,E10000010,Durham,Total,90000,2758,64,0.030644444444444443,0.0007111111111111111
Autumn Term,202021,Local Authority,E92000001,England,E12000008,South East,E10000011,East Sussex,Total,30200,1185,58,0.03923841059602649,0.0019205298013245033
Autumn Term,202021,Local Authority,E92000001,England,E12000006,East of England,E10000012,Essex,Total,90000,2739,82,0.030433333333333333,0.0009111111111111111
Autumn Term,202021,Local Authority,E92000001,England,E12000009,South West,E10000013,Gloucestershire,Total,60100,1837,57,0.030565723793677203,0.0009484193011647255
Autumn Term,202021,Local Authority,E92000001,England,E12000008,South East,E10000014,Hampshire,Total,30200,1181,49,0.03910596026490066,0.0016225165562913908
Autumn Term,202021,Local Authority,E92000001,England,E12000006,East of England,E10000015,Hertfordshire,Total,30200,923,61,0.03056291390728477,0.002019867549668874
Autumn Term,202021,Local Authority,E92000001,England,E12000008,South East,E10000016,Kent,Total,30200,1150,52,0.0380794701986755,0.0017218543046357616
Autumn Term,202021,Local Authority,E92000001,England,E12000002,North West,E10000017,Lancashire,Total,90000,2701,54,0.03001111111111111,0.0006
Autumn Term,202021,Local Authority,E92000001,England,E12000004,East Midlands,E10000018,Leicestershire,Total,60100,1951,57,0.03246256239600666,0.0009484193011647255
Autumn Term,202021,Local Authority,E92000001,England,E12000004,East Midlands,E10000019,Lincolnshire,Total,60100,1804,46,0.030016638935108152,0.0007653910149750416
Autumn Term,202021,Local Authority,E92000001,England,E12000006,East of England,E10000020,Norfolk,Total,60100,1932,47,0.032146422628951746,0.0007820299500831947
Autumn Term,202021,Local Authority,E92000001,England,E12000004,East Midlands,E10000021,Northamptonshire,Total,60100,2051,60,0.034126455906821965,0.0009983361064891847
Autumn Term,202021,Local Authority,E92000001,England,E12000001,North East,E10000022,Northumberland,Total,30200,1045,58,0.034602649006622514,0.0019205298013245033
Autumn Term,202021,Local Authority,E92000001,England,E12000003,Yorkshire and The Humber,E10000023,North Yorkshire,Total,60100,1676,58,0.02788685524126456,0.0009650582362728785
Autumn Term,202021,Local Authority,E92000001,England,E12000004,East Midlands,E10000024,Nottinghamshire,Total,30200,1067,59,0.03533112582781457,0.0019536423841059604
Autumn Term,202021,Local Authority,E92000001,England,E12000008,South East,E10000025,Oxfordshire,Total,60100,1600,62,0.026622296173044926,0.0010316139767054908
Autumn Term,202021,Local Authority,E92000001,England,E12000005,West Midlands,E10000026,Shropshire,Total,60100,2099,49,0.03492512479201331,0.0008153078202995009
Autumn Term,202021,Local Authority,E92000001,England,E12000009,South West,E10000027,Somerset,Total,90000,2779,60,0.03087777777777778,0.0006666666666666666
Autumn Term,202021,Local Authority,E92000001,England,E12000005,West Midlands,E10000028,Staffordshire,Total,60100,1919,54,0.031930116472545754,0.0008985024958402662
Autumn Term,202021,Local Authority,E92000001,England,E12000006,East of England,E10000029,Suffolk,Total,60100,1864,50,0.031014975041597337,0.0008319467554076539
Autumn Term,202021,Local Authority,E92000001,England,E12000008,South East,E10000030,Surrey,Total,60100,2079,61,0.03459234608985025,0.0010149750415973378
Autumn Term,202021,Local Authority,E92000001,England,E12000005,West Midlands,E10000031,Warwickshire,Total,30200,1125,57,0.037251655629139076,0.0018874172185430465
Autumn Term,202021,Local Authority,E92000001,England,E12000008,South East,E10000032,West Sussex,Total,60100,1977,71,0.032895174708818635,0.0011813643926788687
Autumn Term,202021,Local Authority,E92000001,England,E12000009,South West,E10000033,Wiltshire,Total,60100,2004,75,0.03334442595673877,0.0012479201331114808
Autumn Term,202021,Local Authority,E92000001,England,E12000005,West Midlands,E10000034,Worcestershire,Total,30200,982,55,0.032516556291390726,0.0018211920529801326
Autumn Term,202122,Local Authority,E92000001,England,E12000001,North East,E06000001,Hartlepool,Total,60100,1980,52,0.03294509151414309,0.00086522462562396
Autumn Term,202122,Local Authority,E92000001,England,E12000001,North East,E06000002,Middlesbrough,Total,30200,1011,67,0.03347682119205298,0.002218543046357616
Autumn Term,202122,Local Authority,E92000001,England,E12000001,North East,E06000003,Redcar and Cleveland,Total,30200,1169,67,0.03870860927152318,0.002218543046357616
Autumn Term,202122,Local Authority,E92000001,England,E12000001,North East,E06000004,Stockton-on-Tees,Total,90000,2756,63,0.03062222222222222,0.0007
Autumn Term,202122,Local Authority,E92000001,England,E12000001,North East,E06000005,Darlington,Total,60100,1902,70,0.031647254575707155,0.0011647254575707154
Autumn Term,202122,Local Authority,E92000001,England,E12000002,North West,E06000006,Halton,Total,300,297,46,0.99,0.15333333333333332
Autumn Term,202122,Local Authority,E92000001,England,E12000002,North West,E06000007,Warrington,Total,60100,2080,63,0.034608985024958405,0.0010482529118136439
Autumn Term,202122,Local Authority,E92000001,England,E12000002,North West,E06000008,Blackburn with Darwen,Total,60100,2055,59,0.03419301164725458,0.0009816971713810317
Autumn Term,202122,Local Authority,E92000001,England,E12000002,North West,E06000009,Blackpool,Total,60100,1950,60,0.0324459234608985,0.0009983361064891847
Autumn Term,202122,Local Authority,E92000001,England,E12000003,Yorkshire and The Humber,E06000010,"Kingston upon Hull, City of",Total,90000,2709,67,0.0301,0.0007444444444444445
Autumn Term,202122,Local Authority,E92000001,England,E12000003,Yorkshire and The Humber,E06000011,East Riding of Yorkshire,Total,30200,1081,53,0.03579470198675497,0.0017549668874172186
Autumn Term,202122,Local Authority,E92000001,England,E12000003,Yorkshire and The Humber,E06000012,North East Lincolnshire,Total,60100,1653,81,0.02750415973377704,0.0013477537437603993
Autumn Term,202122,Local Authority,E92000001,England,E12000003,Yorkshire and The Humber,E06000013,North Lincolnshire,Total,30200,1198,61,0.03966887417218543,0.002019867549668874
Autumn Term,202122,Local Authority,E92000001,England,E12000003,Yorkshire and The Humber,E06000014,York,Total,90000,2409,50,0.026766666666666668,0.0005555555555555556
Autumn Term,202122,Local Authority,E92000001,England,E12000004,East Midlands,E06000015,Derby,Total,90000,2879,65,0.031988888888888886,0.0007222222222222222
Autumn Term,202122,Local Authority,E92000001,England,E12000004,East Midlands,E06000016,Leicester,Total,60100,1937,59,0.03222961730449251,0.0009816971713810317
Autumn Term,202122,Local Authority,E92000001,England,E12000004,East Midlands,E06000017,Rutland,Total,30200,1193,57,0.03950331125827815,0.0018874172185430465
Autumn Term,202122,Local Authority,E92000001,England,E12000004,East Midlands,E06000018,Nottingham,Total,60100,1901,53,0.031630615640599,0.0008818635607321132
Autumn Term,202122,Local Authority,E92000001,England,E12000005,West Midlands,E06000019,"Herefordshire, County of",Total,30200,970,60,0.032119205298013244,0.001986754966887417
Autumn Term,202122,Local Authority,E92000001,England,E12000005,West Midlands,E06000020,Telford and Wrekin,Total,60100,1825,56,0.03036605657237937,0.0009317803660565724
Autumn Term,202122,Local Authority,E92000001,England,E12000005,West Midlands,E06000021,Stoke-on-Trent,Total,30200,1104,50,0.036556291390728475,0.0016556291390728477
Autumn Term,202122,Local Authority,E92000001,England,E12000009,South West,E06000022,Bath and North East Somerset,Total,300,297,48,0.99,0.16
Autumn Term,202122,Local Authority,E92000001,England,E12000009,South West,E06000023,"Bristol, City of",Total,30200,1198,78,0.03966887417218543,0.0025827814569536426
Autumn Term,202122,Local Authority,E92000001,England,E12000009,South West,E06000024,North Somerset,Total,30200,1198,66,0.03966887417218543,0.002185430463576159
Autumn Term,202122,Local Authority,E92000001,England,E12000009,South West,E06000025,South Gloucestershire,Total,60100,1974,65,0.03284525790349418,0.0010815307820299502
Autumn Term,202122,Local Authority,E92000001,England,E12000009,South West,E06000026,Plymouth,Total,90000,2713,49,0.030144444444444446,0.0005444444444444444
Autumn Term,202122,Local Authority,E92000001,England,E12000009,South West,E06000027,Torbay,Total,60100,2031,67,0.0337936772046589,0.0011148086522462563
Autumn Term,202122,Local Authority,E92000001,England,E12000009,South West,E06000028,Bournemouth,Total,60100,2026,72,0.03371048252911814,0.0011980033277870217
Autumn Term,202122,Local Authority,E92000001,England,E12000009,South West,E06000029,Poole,Total,60100,1828,58,0.030415973377703825,0.0009650582362728785
Autumn Term,202122,Local Authority,E92000001,England,E12000009,South West,E06000030,Swindon,Total,30200,955,64,0.03162251655629139,0.002119205298013245
Autumn Term,202122,Local Authority,E92000001,England,E12000006,East of England,E06000031,Peterborough,Total,30200,1121,70,0.03711920529801325,0.002317880794701987
Autumn Term,202122,Local Authority,E92000001,England,E12000006,East of England,E06000032,Luton,Total,60100,2099,60,0.03492512479201331,0.0009983361064891847
Autumn Term,202122,Local Authority,E92000001,England,E12000006,East of England,E06000033,Southend-on-Sea,Total,60100,1969,59,0.032762063227953414,0.0009816971713810317
Autumn Term,202122,Local Authority,E92000001,England,E12000006,East of England,E06000034,Thurrock,Total,60100,1866,58,0.031048252911813644,0.0009650582362728785
Autumn Term,202122,Local Authority,E92000001,England,E12000008,South East,E06000035,Medway,Total,300,297,56,0.99,0.18666666666666668
Autumn Term,202122,Local Authority,E92000001,England,E12000008,South East,E06000036,Bracknell Forest,Total,300,297,56,0.99,0.18666666666666668
Autumn Term,202122,Local Authority,E92000001,England,E12000008,South East,E06000037,West Berkshire,Total,90000,2774,55,0.030822222222222223,0.0006111111111111111
Autumn Term,202122,Local Authority,E92000001,England,E12000008,South East,E06000038,Reading,Total,60100,1974,66,0.03284525790349418,0.0010981697171381032
Autumn Term,202122,Local Authority,E92000001,England,E12000008,South East,E06000039,Slough,Total,60100,1879,65,0.031264559068219636,0.0010815307820299502
Autumn Term,202122,Local Authority,E92000001,England,E12000008,South East,E06000040,Windsor and Maidenhead,Total,30200,1198,49,0.03966887417218543,0.0016225165562913908
Autumn Term,202122,Local Authority,E92000001,England,E12000008,South East,E06000041,Wokingham,Total,90000,2722,52,0.030244444444444445,0.0005777777777777778
Autumn Term,202122,Local Authority,E92000001,England,E12000008,South East,E06000042,Milton Keynes,Total,60100,2094,72,0.03484193011647255,0.0011980033277870217
Autumn Term,202122,Local Authority,E92000001,England,E12000008,South East,E06000043,Brighton and Hove,Total,90000,2594,68,0.02882222222222222,0.0007555555555555555
Autumn Term,202122,Local Authority,E92000001,England,E12000008,South East,E06000044,Portsmouth,Total,30200,1171,55,0.03877483443708609,0.0018211920529801326
Autumn Term,202122,Local Authority,E92000001,England,E12000008,South East,E06000045,Southampton,Total,90000,2733,65,0.030366666666666667,0.0007222222222222222
Autumn Term,202122,Local Authority,E92000001,England,E12000008,South East,E06000046,Isle of Wight,Total,60100,1766,67,0.029384359400998337,0.0011148086522462563
Autumn Term,202122,Local Authority,E92000001,England,E12000001,North East,E06000047,County Durham,Total,60100,1632,64,0.027154742096505823,0.001064891846921797
Autumn Term,202122,Local Authority,E92000001,England,E12000001,North East,E06000048,Northumberland,Total,30200,1198,94,0.03966887417218543,0.003112582781456954
Autumn Term,202122,Local Authority,E92000001,England,E12000002,North West,E06000049,Cheshire East,Total,60100,1856,57,0.030881863560732113,0.0009484193011647255
Autumn Term,202122,Local Authority,E92000001,England,E12000002,North West,E06000050,Cheshire West and Chester,Total,30200,1034,64,0.03423841059602649,0.002119205298013245
Autumn Term,202122,Local Authority,E92000001,England,E12000005,West Midlands,E06000051,Shropshire,Total,60100,1652,58,0.027487520798668886,0.0009650582362728785
Autumn Term,202122,Local Authority,E92000001,England,E12000009,South West,E06000052,Cornwall,Total,30200,1074,59,0.03556291390728477,0.0019536423841059604
Autumn Term,202122,Local Authority,E92000001,England,E12000009,South West,E06000053,Isles of Scilly,Total,90000,2949,62,0.032766666666666666,0.0006888888888888888
Autumn Term,202122,Local Authority,E92000001,England,E12000009,South West,E06000054,Wiltshire,Total,30200,950,68,0.03145695364238411,0.002251655629139073
Autumn Term,202122,Local Authority,E92000001,England,E12000006,East of England,E06000055,Bedford,Total,60100,2025,57,0.03369384359400998,0.0009484193011647255
Autumn Term,202122,Local Authority,E92000001,England,E12000006,East of England,E06000056,Central Bedfordshire,Total,30200,1198,61,0.03966887417218543,0.002019867549668874
Autumn Term,202122,Local Authority,E92000001,England,E12000001,North East,E06000057,Northumberland,Total,60100,1841,61,0.030632279534109817,0.0010149750415973378
Autumn Term,202122,Local Authority,E92000001,England,E12000009,South West,E06000058,"Bournemouth, Christchurch and Poole",Total,30200,1108,49,0.0366887417218543,0.0016225165562913908
Autumn Term,202122,Local Authority,E92000001,England,E12000009,South West,E06000059,Dorset,Total,90000,2800,70,0.03111111111111111,0.0007777777777777777
Autumn Term,202122,Local Authority,E92000001,England,E12000008,South East,E06000060,Buckinghamshire,Total,90000,2903,51,0.03225555555555556,0.0005666666666666667
Autumn Term,202122,Local Authority,E92000001,England,E12000004,East Midlands,E06000061,North Northamptonshire,Total,90000,2857,59,0.03174444444444444,0.0006555555555555556
Autumn Term,202122,Local Authority,E92000001,England,E12000004,East Midlands,E06000062,West Northamptonshire,Total,60100,1869,66,0.031098169717138104,0.0010981697171381032
Autumn Term,202122,Local Authority,E92000001,England,E12000002,North West,E06000063,Cumberland,Total,30200,833,56,0.027582781456953642,0.0018543046357615894
Autumn Term,202122,Local Authority,E92000001,England,E12000002,North West,E06000064,Westmorland and Furness,Total,60100,1717,72,0.028569051580698834,0.0011980033277870217
Autumn Term,202122,Local Authority,E92000001,England,E12000003,Yorkshire and The Humber,E06000065,North Yorkshire,Total,60100,1923,52,0.03199667221297837,0.00086522462562396
Autumn Term,202122,Local Authority,E92000001,England,E12000009,South West,E06000066,Somerset,Total,60100,1953,63,0.03249584026622296,0.0010482529118136439
Autumn Term,202122,Local Authority,E92000001,England,E12000002,North West,E08000001,Bolton,Total,60100,1878,64,0.031247920133111482,0.001064891846921797
Autumn Term,202122,Local Authority,E92000001,England,E12000002,North West,E08000002,Bury,Total,60100,2045,60,0.034026622296173044,0.0009983361064891847
Autumn Term,202122,Local Authority,E92000001,England,E12000002,North West,E08000003,Manchester,Total,30200,1198,64,0.03966887417218543,0.002119205298013245
Autumn Term,202122,Local Authority,E92000001,England,E12000002,North West,E08000004,Oldham,Total,30200,1198,60,0.03966887417218543,0.001986754966887417
Autumn Term,202122,Local Authority,E92000001,England,E12000002,North West,E08000005,Rochdale,Total,90000,2668,70,0.029644444444444445,0.0007777777777777777
Autumn Term,202122,Local Authority,E92000001,England,E12000002,North West,E08000006,Salford,Total,60100,1962,59,0.032645590682196336,0.0009816971713810317
Autumn Term,202122,Local Authority,E92000001,England,E12000002,North West,E08000007,Stockport,Total,30200,1198,58,0.03966887417218543,0.0019205298013245033
Autumn Term,202122,Local Authority,E92000001,England,E12000002,North West,E08000008,Tameside,Total,60100,2051,71,0.034126455906821965,0.0011813643926788687
Autumn Term,202122,Local Authority,E92000001,England,E12000002,North West,E08000009,Trafford,Total,90000,2809,66,0.03121111111111111,0.0007333333333333333
Autumn Term,202122,Local Authority,E92000001,England,E12000002,North West,E08000010,Wigan,Total,60100,2099,57,0.03492512479201331,0.0009484193011647255
Autumn Term,202122,Local Authority,E92000001,England,E12000002,North West,E08000011,Knowsley,Total,30200,809,61,0.026788079470198674,0.002019867549668874
Autumn Term,202122,Local Authority,E92000001,England,E12000002,North West,E08000012,Liverpool,Total,60100,1868,60,0.03108153078202995,0.0009983361064891847
Autumn Term,202122,Local Authority,E92000001,England,E12000002,North West,E08000013,St. Helens,Total,30200,950,69,0.03145695364238411,0.0022847682119205297
Autumn Term,202122,Local Authority,E92000001,England,E12000002,North West,E08000014,Sefton,Total,60100,1889,34,0.03143094841930116,0.0005657237936772047
Autumn Term,202122,Local Authority,E92000001,England,E12000002,North West,E08000015,Wirral,Total,60100,1710,61,0.028452579034941763,0.0010149750415973378
Autumn Term,202122,Local Authority,E92000001,England,E12000003,Yorkshire and The Humber,E08000016,Barnsley,Total,60100,1755,58,0.029201331114808653,0.0009650582362728785
Autumn Term,202122,Local Authority,E92000001,England,E12000003,Yorkshire and The Humber,E08000017,Doncaster,Total,30200,1041,52,0.03447019867549669,0.0017218543046357616
Autumn Term,202122,Local Authority,E92000001,England,E12000003,Yorkshire and The Humber,E08000018,Rotherham,Total,90000,2787,65,0.030966666666666667,0.0007222222222222222
Autumn Term,202122,Local Authority,E92000001,England,E12000003,Yorkshire and The Humber,E08000019,Sheffield,Total,60100,1931,57,0.032129783693843596,0.0009484193011647255
Autumn Term,202122,Local Authority,E92000001,England,E12000001,North East,E08000020,Gateshead,Total,30200,1198,63,0.03966887417218543,0.002086092715231788
Autumn Term,202122,Local Authority,E92000001,England,E12000001,North East,E08000021,Newcastle upon Tyne,Total,60100,1927,54,0.03206322795341098,0.0008985024958402662
Autumn Term,202122,Local Authority,E92000001,England,E12000001,North East,E08000022,North Tyneside,Total,300,297,62,0.99,0.20666666666666667
Autumn Term,202122,Local Authority,E92000001,England,E12000001,North East,E08000023,South Tyneside,Total,90000,2727,56,0.0303,0.0006222222222222223
Autumn Term,202122,Local Authority,E92000001,England,E12000001,North East,E08000024,Sunderland,Total,60100,1837,66,0.030565723793677203,0.0010981697171381032
Autumn Term,202122,Local Authority,E92000001,England,E12000005,West Midlands,E08000025,Birmingham,Total,30200,947,58,0.031357615894039736,0.0019205298013245033
Autumn Term,202122,Local Authority,E92000001,England,E12000005,West Midlands,E08000026,Coventry,Total,60100,1956,63,0.03254575707154742,0.0010482529118136439
Autumn Term,202122,Local Authority,E92000001,England,E12000005,West Midlands,E08000027,Dudley,Total,60100,1980,55,0.03294509151414309,0.0009151414309484193
Autumn Term,202122,Local Authority,E92000001,England,E12000005,West Midlands,E08000028,Sandwell,Total,30200,1198,59,0.03966887417218543,0.0019536423841059604
Autumn Term,202122,Local Authority,E92000001,England,E12000005,West Midlands,E08000029,Solihull,Total,60100,1902,58,0.031647254575707155,0.0009650582362728785
Autumn Term,202122,Local Authority,E92000001,England,E12000005,West Midlands,E08000030,Walsall,Total,90000,2634,68,0.029266666666666667,0.0007555555555555555
Autumn Term,202122,Local Authority,E92000001,England,E12000005,West Midlands,E08000031,Wolverhampton,Total,90000,2809,54,0.03121111111111111,0.0006
Autumn Term,202122,Local Authority,E92000001,England,E12000003,Yorkshire and The Humber,E08000032,Bradford,Total,60100,1877,73,0.03123128119800333,0.0012146422628951747
Autumn Term,202122,Local Authority,E92000001,England,E12000003,Yorkshire and The Humber,E08000033,Calderdale,Total,30200,1198,63,0.03966887417218543,0.002086092715231788
Autumn Term,202122,Local Authority,E92000001,England,E12000003,Yorkshire and The Humber,E08000034,Kirklees,Total,30200,1147,60,0.037980132450331126,0.001986754966887417
Autumn Term,202122,Local Authority,E92000001,England,E12000003,Yorkshire and The Humber,E08000035,Leeds,Total,30200,1198,54,0.03966887417218543,0.0017880794701986755
Autumn Term,202122,Local Authority,E92000001,England,E12000003,Yorkshire and The Humber,E08000036,Wakefield,Total,300,297,64,0.99,0.21333333333333335
Autumn Term,202122,Local Authority,E92000001,England,E12000001,North East,E08000037,Gateshead,Total,60100,1964,66,0.03267886855241264,0.0010981697171381032
Autumn Term,202122,Local Authority,E92000001,England,E12000003,Yorkshire and The Humber,E08000038,Barnsley,Total,60100,2099,64,0.03492512479201331,0.001064891846921797
Autumn Term,202122,Local Authority,E92000001,England,E12000003,Yorkshire and The Humber,E08000039,Sheffield,Total,90000,2777,65,0.030855555555555556,0.0007222222222222222
Autumn Term,202122,Local Authority,E92000001,England,E12000007,London,E09000001,City of London,Total,60100,2024,60,0.03367720465890183,0.0009983361064891847
Autumn Term,202122,Local Authority,E92000001,England,E12000007,London,E09000002,Barking and Dagenham,Total,60100,1939,53,0.03226289517470882,0.0008818635607321132
Autumn Term,202122,Local Authority,E92000001,England,E12000007,London,E09000003,Barnet,Total,30200,1198,64,0.03966887417218543,0.002119205298013245
Autumn Term,202122,Local Authority,E92000001,England,E12000007,London,E09000004,Bexley,Total,90000,2902,55,0.032244444444444444,0.0006111111111111111
Autumn Term,202122,Local Authority,E92000001,England,E12000007,London,E09000005,Brent,Total,60100,2030,61,0.03377703826955075,0.0010149750415973378
Autumn Term,202122,Local Authority,E92000001,England,E12000007,London,E09000006,Bromley,Total,90000,2755,60,0.03061111111111111,0.0006666666666666666
Autumn Term,202122,Local Authority,E92000001,England,E12000007,London,E09000007,Camden,Total,90000,2896,57,0.03217777777777778,0.0006333333333333333
Autumn Term,202122,Local Authority,E92000001,England,E12000007,London,E09000008,Croydon,Total,30200,1093,63,0.03619205298013245,0.002086092715231788
Autumn Term,202122,Local Authority,E92000001,England,E12000007,London,E09000009,Ealing,Total,60100,1955,57,0.032529118136439265,0.0009484193011647255
Autumn Term,202122,Local Authority,E92000001,England,E12000007,London,E09000010,Enfield,Total,60100,1832,51,0.03048252911813644,0.000848585690515807
Autumn Term,202122,Local Authority,E92000001,England,E12000007,London,E09000011,Greenwich,Total,30200,1123,61,0.03718543046357616,0.002019867549668874
Autumn Term,202122,Local Authority,E92000001,England,E12000007,London,E09000012,Hackney,Total,60100,1958,48,0.03257903494176373,0.0007986688851913477
Autumn Term,202122,Local Authority,E92000001,England,E12000007,London,E09000013,Hammersmith and Fulham,Total,60100,1999,66,0.033261231281198005,0.0010981697171381032
Autumn Term,202122,Local Authority,E92000001,England,E12000007,London,E09000014,Haringey,Total,30200,1056,65,0.034966887417218546,0.002152317880794702
Autumn Term,202122,Local Authority,E92000001,England,E12000007,London,E09000015,Harrow,Total,60100,1797,62,0.02990016638935108,0.0010316139767054908
Autumn Term,202122,Local Authority,E92000001,England,E12000007,London,E09000016,Havering,Total,60100,2099,50,0.03492512479201331,0.0008319467554076539
Autumn Term,202122,Local Authority,E92000001,England,E12000007,London,E09000017,Hillingdon,Total,30200,926,68,0.03066225165562914,0.002251655629139073
Autumn Term,202122,Local Authority,E92000001,England,E12000007,London,E09000018,Hounslow,Total,60100,1993,58,0.033161397670549084,0.0009650582362728785
Autumn Term,202122,Local Authority,E92000001,England,E12000007,London,E09000019,Islington,Total,60100,1944,70,0.03234608985024959,0.0011647254575707154
Autumn Term,202122,Local Authority,E92000001,England,E12000007,London,E09000020,Kensington and Chelsea,Total,90000,2705,52,0.030055555555555554,0.0005777777777777778
Autumn Term,202122,Local Authority,E92000001,England,E12000007,London,E09000021,Kingston upon Thames,Total,30200,1198,65,0.03966887417218543,0.002152317880794702
Autumn Term,202122,Local Authority,E92000001,England,E12000007,London,E09000022,Lambeth,Total,90000,2656,51,0.02951111111111111,0.0005666666666666667
Autumn Term,202122,Local Authority,E92000001,England,E12000007,London,E09000023,Lewisham,Total,90000,2839,61,0.031544444444444444,0.0006777777777777778
Autumn Term,202122,Local Authority,E92000001,England,E12000007,London,E09000024,Merton,Total,300,297,71,0.99,0.23666666666666666
Autumn Term,202122,Local Authority,E92000001,England,E12000007,London,E09000025,Newham,Total,90000,2714,64,0.030155555555555557,0.0007111111111111111
Autumn Term,202122,Local Authority,E92000001,England,E12000007,London,E09000026,Redbridge,Total,30200,1106,59,0.03662251655629139,0.0019536423841059604
Autumn Term,202122,Local Authority,E92000001,England,E12000007,London,E09000027,Richmond upon Thames,Total,60100,2099,71,0.03492512479201331,0.0011813643926788687
Autumn Term,202122,Local Authority,E92000001,England,E12000007,London,E09000028,Southwark,Total,90000,2819,53,0.031322222222222224,0.0005888888888888889
Autumn Term,202122,Local Authority,E92000001,England,E12000007,London,E09000029,Sutton,Total,30200,1198,63,0.03966887417218543,0.002086092715231788
Autumn Term,202122,Local Authority,E92000001,England,E12000007,London,E09000030,Tower Hamlets,Total,60100,1845,56,0.030698835274542428,0.0009317803660565724
Autumn Term,202122,Local Authority,E92000001,England,E12000007,London,E09000031,Waltham Forest,Total,30200,1198,61,0.03966887417218543,0.002019867549668874
Autumn Term,202122,Local Authority,E92000001,England,E12000007,London,E09000032,Wandsworth,Total,60100,1700,45,0.028286189683860232,0.0007487520798668885
Autumn Term,202122,Local Authority,E92000001,England,E12000007,London,E09000033,Westminster,Total,30200,1198,52,0.03966887417218543,0.0017218543046357616
Autumn Term,202122,Local Authority,E92000001,England,E12000006,East of England,E10000001,Bedfordshire,Total,60100,1758,59,0.029251247920133113,0.0009816971713810317
Autumn Term,202122,Local Authority,E92000001,England,E12000008,South East,E10000002,Buckinghamshire,Total,60100,2099,54,0.03492512479201331,0.0008985024958402662
Autumn Term,202122,Local Authority,E92000001,England,E12000006,East of England,E10000003,Cambridgeshire,Total,90000,2744,67,0.03048888888888889,0.0007444444444444445
Autumn Term,202122,Local Authority,E92000001,England,E12000002,North West,E10000004,Cheshire,Total,30200,1198,60,0.03966887417218543,0.001986754966887417
Autumn Term,202122,Local Authority,E92000001,England,E12000009,South West,E10000005,Cornwall and Isles of Scilly,Total,30200,1198,61,0.03966887417218543,0.002019867549668874
Autumn Term,202122,Local Authority,E92000001,England,E12000002,North West,E10000006,Cumbria,Total,60100,1800,54,0.029950083194675542,0.0008985024958402662
Autumn Term,202122,Local Authority,E92000001,England,E12000004,East Midlands,E10000007,Derbyshire,Total,90000,2622,73,0.029133333333333334,0.0008111111111111111
Autumn Term,202122,Local Authority,E92000001,England,E12000009,South West,E10000008,Devon,Total,90000,2776,63,0.030844444444444445,0.0007
Autumn Term,202122,Local Authority,E92000001,England,E12000009,South West,E10000009,Dorset,Total,30200,1184,63,0.03920529801324504,0.002086092715231788
Autumn Term,202122,Local Authority,E92000001,England,E12000001,North East,E10000010,Durham,Total,60100,1873,64,0.031164725457570715,0.001064891846921797
Autumn Term,202122,Local Authority,E92000001,England,E12000008,South East,E10000011,East Sussex,Total,30200,1134,67,0.03754966887417219,0.002218543046357616
Autumn Term,202122,Local Authority,E92000001,England,E12000006,East of England,E10000012,Essex,Total,90000,2642,66,0.029355555555555555,0.0007333333333333333
Autumn Term,202122,Local Authority,E92000001,England,E12000009,South West,E10000013,Gloucestershire,Total,60100,1977,54,0.032895174708818635,0.0008985024958402662
Autumn Term,202122,Local Authority,E92000001,England,E12000008,South East,E10000014,Hampshire,Total,30200,1198,64,0.03966887417218543,0.002119205298013245
Autumn Term,202122,Local Authority,E92000001,England,E12000006,East of England,E10000015,Hertfordshire,Total,30200,1147,54,0.037980132450331126,0.0017880794701986755
Autumn Term,202122,Local Authority,E92000001,England,E12000008,South East,E10000016,Kent,Total,90000,2955,62,0.03283333333333333,0.0006888888888888888
Autumn Term,202122,Local Authority,E92000001,England,E12000002,North West,E10000017,Lancashire,Total,90000,2938,55,0.03264444444444444,0.0006111111111111111
Autumn Term,202122,Local Authority,E92000001,England,E12000004,East Midlands,E10000018,Leicestershire,Total,60100,2063,71,0.0343261231281198,0.0011813643926788687
Autumn Term,202122,Local Authority,E92000001,England,E12000004,East Midlands,E10000019,Lincolnshire,Total,60100,1914,60,0.03184692179700499,0.0009983361064891847
Autumn Term,202122,Local Authority,E92000001,England,E12000006,East of England,E10000020,Norfolk,Total,60100,1829,58,0.03043261231281198,0.0009650582362728785
Autumn Term,202122,Local Authority,E92000001,England,E12000004,East Midlands,E10000021,Northamptonshire,Total,60100,2025,69,0.03369384359400998,0.0011480865224625623
Autumn Term,202122,Local Authority,E92000001,England,E12000001,North East,E10000022,Northumberland,Total,60100,1823,62,0.03033277870216306,0.0010316139767054908
Autumn Term,202122,Local Authority,E92000001,England,E12000003,Yorkshire and The Humber,E10000023,North Yorkshire,Total,90000,2744,73,0.03048888888888889,0.0008111111111111111
Autumn Term,202122,Local Authority,E92000001,England,E12000004,East Midlands,E10000024,Nottinghamshire,Total,60100,1946,63,0.03237936772046589,0.0010482529118136439
Autumn Term,202122,Local Authority,E92000001,England,E12000008,South East,E10000025,Oxfordshire,Total,90000,2894,51,0.032155555555555555,0.0005666666666666667
Autumn Term,202122,Local Authority,E92000001,England,E12000005,West Midlands,E10000026,Shropshire,Total,30200,1125,45,0.037251655629139076,0.001490066225165563
Autumn Term,202122,Local Authority,E92000001,England,E12000009,South West,E10000027,Somerset,Total,60100,2045,55,0.034026622296173044,0.0009151414309484193
Autumn Term,202122,Local Authority,E92000001,England,E12000005,West Midlands,E10000028,Staffordshire,Total,30200,1053,51,0.03486754966887417,0.0016887417218543047
Autumn Term,202122,Local Authority,E92000001,England,E12000006,East of England,E10000029,Suffolk,Total,60100,2091,56,0.03479201331114808,0.0009317803660565724
Autumn Term,202122,Local Authority,E92000001,England,E12000008,South East,E10000030,Surrey,Total,90000,2530,60,0.02811111111111111,0.0006666666666666666
Autumn Term,202122,Local Authority,E92000001,England,E12000005,West Midlands,E10000031,Warwickshire,Total,60100,2003,61,0.03332778702163062,0.0010149750415973378
Autumn Term,202122,Local Authority,E92000001,England,E12000008,South East,E10000032,West Sussex,Total,60100,1870,64,0.031114808652246258,0.001064891846921797
Autumn Term,202122,Local Authority,E92000001,England,E12000009,South West,E10000033,Wiltshire,Total,60100,2099,67,0.03492512479201331,0.0011148086522462563
Autumn Term,202122,Local Authority,E92000001,England,E12000005,West Midlands,E10000034,Worcestershire,Total,30200,1198,55,0.03966887417218543,0.0018211920529801326
Autumn Term,202223,Local Authority,E92000001,England,E12000001,North East,E06000001,Hartlepool,Total,30200,1198,56,0.03966887417218543,0.0018543046357615894
Autumn Term,202223,Local Authority,E92000001,England,E12000001,North East,E06000002,Middlesbrough,Total,60100,2036,61,0.033876871880199666,0.0010149750415973378
Autumn Term,202223,Local Authority,E92000001,England,E12000001,North East,E06000003,Redcar and Cleveland,Total,60100,1917,71,0.031896838602329454,0.0011813643926788687
Autumn Term,202223,Local Authority,E92000001,England,E12000001,North East,E06000004,Stockton-on-Tees,Total,300,297,61,0.99,0.20333333333333334
Autumn Term,202223,Local Authority,E92000001,England,E12000001,North East,E06000005,Darlington,Total,60100,1985,62,0.03302828618968386,0.0010316139767054908
Autumn Term,202223,Local Authority,E92000001,England,E12000002,North West,E06000006,Halton,Total,90000,2857,59,0.03174444444444444,0.0006555555555555556
Autumn Term,202223,Local Authority,E92000001,England,E12000002,North West,E06000007,Warrington,Total,60100,1894,55,0.03151414309484193,0.0009151414309484193
Autumn Term,202223,Local Authority,E92000001,England,E12000002,North West,E06000008,Blackburn with Darwen,Total,60100,2054,60,0.03417637271214642,0.0009983361064891847
Autumn Term,202223,Local Authority,E92000001,England,E12000002,North West,E06000009,Blackpool,Total,30200,1064,62,0.0352317880794702,0.0020529801324503313
Autumn Term,202223,Local Authority,E92000001,England,E12000003,Yorkshire and The Humber,E06000010,"Kingston upon Hull, City of",Total,90000,2697,70,0.029966666666666666,0.0007777777777777777
Autumn Term,202223,Local Authority,E92000001,England,E12000003,Yorkshire and The Humber,E06000011,East Riding of Yorkshire,Total,30200,1114,42,0.036887417218543044,0.001390728476821192
Autumn Term,202223,Local Authority,E92000001,England,E12000003,Yorkshire and The Humber,E06000012,North East Lincolnshire,Total,30200,1062,50,0.03516556291390729,0.0016556291390728477
Autumn Term,202223,Local Authority,E92000001,England,E12000003,Yorkshire and The Humber,E06000013,North Lincolnshire,Total,90000,2606,73,0.028955555555555554,0.0008111111111111111
Autumn Term,202223,Local Authority,E92000001,England,E12000003,Yorkshire and The Humber,E06000014,York,Total,90000,2784,60,0.030933333333333334,0.0006666666666666666
Autumn Term,202223,Local Authority,E92000001,England,E12000004,East Midlands,E06000015,Derby,Total,60100,1897,70,0.03156405990016639,0.0011647254575707154
Autumn Term,202223,Local Authority,E92000001,England,E12000004,East Midlands,E06000016,Leicester,Total,30200,1198,62,0.03966887417218543,0.0020529801324503313
Autumn Term,202223,Local Authority,E92000001,England,E12000004,East Midlands,E06000017,Rutland,Total,60100,1753,60,0.029168053244592346,0.0009983361064891847
Autumn Term,202223,Local Authority,E92000001,England,E12000004,East Midlands,E06000018,Nottingham,Total,30200,997,61,0.033013245033112586,0.002019867549668874
Autumn Term,202223,Local Authority,E92000001,England,E12000005,West Midlands,E06000019,"Herefordshire, County of",Total,60100,1766,64,0.029384359400998337,0.001064891846921797
Autumn Term,202223,Local Authority,E92000001,England,E12000005,West Midlands,E06000020,Telford and Wrekin,Total,60100,2095,65,0.0348585690515807,0.0010815307820299502
Autumn Term,202223,Local Authority,E92000001,England,E12000005,West Midlands,E06000021,Stoke-on-Trent,Total,60100,2099,59,0.03492512479201331,0.0009816971713810317
Autumn Term,202223,Local Authority,E92000001,England,E12000009,South West,E06000022,Bath and North East Somerset,Total,30200,1138,50,0.037682119205298015,0.0016556291390728477
Autumn Term,202223,Local Authority,E92000001,England,E12000009,South West,E06000023,"Bristol, City of",Total,60100,1961,53,0.032628951747088186,0.0008818635607321132
Autumn Term,202223,Local Authority,E92000001,England,E12000009,South West,E06000024,North Somerset,Total,90000,2519,60,0.02798888888888889,0.0006666666666666666
Autumn Term,202223,Local Authority,E92000001,England,E12000009,South West,E06000025,South Gloucestershire,Total,60100,1948,51,0.032412645590682194,0.000848585690515807
Autumn Term,202223,Local Authority,E92000001,England,E12000009,South West,E06000026,Plymouth,Total,30200,1073,48,0.03552980132450331,0.0015894039735099338
Autumn Term,202223,Local Authority,E92000001,England,E12000009,South West,E06000027,Torbay,Total,60100,1616,52,0.026888519134775375,0.00086522462562396
Autumn Term,202223,Local Authority,E92000001,England,E12000009,South West,E06000028,Bournemouth,Total,60100,1981,80,0.03296173044925125,0.0013311148086522463
Autumn Term,202223,Local Authority,E92000001,England,E12000009,South West,E06000029,Poole,Total,300,297,64,0.99,0.21333333333333335
Autumn Term,202223,Local Authority,E92000001,England,E12000009,South West,E06000030,Swindon,Total,60100,1923,73,0.03199667221297837,0.0012146422628951747
Autumn Term,202223,Local Authority,E92000001,England,E12000006,East of England,E06000031,Peterborough,Total,90000,2760,59,0.030666666666666665,0.0006555555555555556
Autumn Term,202223,Local Authority,E92000001,England,E12000006,East of England,E06000032,Luton,Total,30200,945,69,0.03129139072847682,0.0022847682119205297
Autumn Term,202223,Local Authority,E92000001,England,E12000006,East of England,E06000033,Southend-on-Sea,Total,30200,1158,51,0.03834437086092715,0.0016887417218543047
Autumn Term,202223,Local Authority,E92000001,England,E12000006,East of England,E06000034,Thurrock,Total,30200,1069,52,0.035397350993377485,0.0017218543046357616
Autumn Term,202223,Local Authority,E92000001,England,E12000008,South East,E06000035,Medway,Total,90000,2792,72,0.031022222222222222,0.0008
Autumn Term,202223,Local Authority,E92000001,England,E12000008,South East,E06000036,Bracknell Forest,Total,90000,3000,66,0.03333333333333333,0.0007333333333333333
Autumn Term,202223,Local Authority,E92000001,England,E12000008,South East,E06000037,West Berkshire,Total,60100,1963,72,0.03266222961730449,0.0011980033277870217
Autumn Term,202223,Local Authority,E92000001,England,E12000008,South East,E06000038,Reading,Total,60100,1988,62,0.03307820299500832,0.0010316139767054908
Autumn Term,202223,Local Authority,E92000001,England,E12000008,South East,E06000039,Slough,Total,60100,1941,53,0.032296173044925124,0.0008818635607321132
Autumn Term,202223,Local Authority,E92000001,England,E12000008,South East,E06000040,Windsor and Maidenhead,Total,90000,2870,56,0.03188888888888889,0.0006222222222222223
Autumn Term,202223,Local Authority,E92000001,England,E12000008,South East,E06000041,Wokingham,Total,60100,1973,59,0.03282861896838602,0.0009816971713810317
Autumn Term,202223,Local Authority,E92000001,England,E12000008,South East,E06000042,Milton Keynes,Total,30200,1107,46,0.036655629139072846,0.0015231788079470199
Autumn Term,202223,Local Authority,E92000001,England,E12000008,South East,E06000043,Brighton and Hove,Total,60100,1898,66,0.03158069883527454,0.0010981697171381032
Autumn Term,202223,Local Authority,E92000001,England,E12000008,South East,E06000044,Portsmouth,Total,90000,2658,51,0.029533333333333335,0.0005666666666666667
Autumn Term,202223,Local Authority,E92000001,England,E12000008,South East,E06000045,Southampton,Total,300,297,45,0.99,0.15
Autumn Term,202223,Local Authority,E92000001,England,E12000008,South East,E06000046,Isle of Wight,Total,60100,2099,70,0.03492512479201331,0.0011647254575707154
Autumn Term,202223,Local Authority,E92000001,England,E12000001,North East,E06000047,County Durham,Total,90000,2665,64,0.029611111111111112,0.0007111111111111111
Autumn Term,202223,Local Authority,E92000001,England,E12000001,North East,E06000048,Northumberland,Total,60100,1885,64,0.03136439267886855,0.001064891846921797
Autumn Term,202223,Local Authority,E92000001,England,E12000002,North West,E06000049,Cheshire East,Total,90000,2542,55,0.028244444444444444,0.0006111111111111111
Autumn Term,202223,Local Authority,E92000001,England,E12000002,North West,E06000050,Cheshire West and Chester,Total,60100,2000,89,0.033277870216306155,0.001480865224625624
Autumn Term,202223,Local Authority,E92000001,England,E12000005,West Midlands,E06000051,Shropshire,Total,60100,1982,81,0.0329783693843594,0.0013477537437603993
Autumn Term,202223,Local Authority,E92000001,England,E12000009,South West,E06000052,Cornwall,Total,30200,1198,58,0.03966887417218543,0.0019205298013245033
Autumn Term,202223,Local Authority,E92000001,England,E12000009,South West,E06000053,Isles of Scilly,Total,30200,965,53,0.03195364238410596,0.0017549668874172186
Autumn Term,202223,Local Authority,E92000001,England,E12000009,South West,E06000054,Wiltshire,Total,30200,1128,64,0.037350993377483446,0.002119205298013245
Autumn Term,202223,Local Authority,E92000001,England,E12000006,East of England,E06000055,Bedford,Total,60100,2027,61,0.03372712146422629,0.0010149750415973378
Autumn Term,202223,Local Authority,E92000001,England,E12000006,East of England,E06000056,Central Bedfordshire,Total,30200,1147,63,0.037980132450331126,0.002086092715231788
Autumn Term,202223,Local Authority,E92000001,England,E12000001,North East,E06000057,Northumberland,Total,30200,1198,65,0.03966887417218543,0.002152317880794702
Autumn Term,202223,Local Authority,E92000001,England,E12000009,South West,E06000058,"Bournemouth, Christchurch and Poole",Total,60100,2099,46,0.03492512479201331,0.0007653910149750416
Autumn Term,202223,Local Authority,E92000001,England,E12000009,South West,E06000059,Dorset,Total,90000,2784,54,0.030933333333333334,0.0006
Autumn Term,202223,Local Authority,E92000001,England,E12000008,South East,E06000060,Buckinghamshire,Total,30200,969,68,0.03208609271523179,0.002251655629139073
Autumn Term,202223,Local Authority,E92000001,England,E12000004,East Midlands,E06000061,North Northamptonshire,Total,60100,2069,64,0.03442595673876872,0.001064891846921797
Autumn Term,202223,Local Authority,E92000001,England,E12000004,East Midlands,E06000062,West Northamptonshire,Total,90000,2844,66,0.0316,0.0007333333333333333
Autumn Term,202223,Local Authority,E92000001,England,E12000002,North West,E06000063,Cumberland,Total,60100,1785,57,0.029700499168053243,0.0009484193011647255
Autumn Term,202223,Local Authority,E92000001,England,E12000002,North West,E06000064,Westmorland and Furness,Total,90000,2789,76,0.03098888888888889,0.0008444444444444444
Autumn Term,202223,Local Authority,E92000001,England,E12000003,Yorkshire and The Humber,E06000065,North Yorkshire,Total,60100,1934,58,0.03217970049916805,0.0009650582362728785
Autumn Term,202223,Local Authority,E92000001,England,E12000009,South West,E06000066,Somerset,Total,90000,2709,58,0.0301,0.0006444444444444444
Autumn Term,202223,Local Authority,E92000001,England,E12000002,North West,E08000001,Bolton,Total,60100,1858,61,0.03091514143094842,0.0010149750415973378
Autumn Term,202223,Local Authority,E92000001,England,E12000002,North West,E08000002,Bury,Total,60100,2099,58,0.03492512479201331,0.0009650582362728785
Autumn Term,202223,Local Authority,E92000001,England,E12000002,North West,E08000003,Manchester,Total,30200,1053,49,0.03486754966887417,0.0016225165562913908
Autumn Term,202223,Local Authority,E92000001,England,E12000002,North West,E08000004,Oldham,Total,90000,2286,61,0.0254,0.0006777777777777778
Autumn Term,202223,Local Authority,E92000001,England,E12000002,North West,E08000005,Rochdale,Total,90000,2725,51,0.03027777777777778,0.0005666666666666667
Autumn Term,202223,Local Authority,E92000001,England,E12000002,North West,E08000006,Salford,Total,90000,2830,56,0.03144444444444444,0.0006222222222222223
Autumn Term,202223,Local Authority,E92000001,England,E12000002,North West,E08000007,Stockport,Total,60100,1649,52,0.027437603993344425,0.00086522462562396
Autumn Term,202223,Local Authority,E92000001,England,E12000002,North West,E08000008,Tameside,Total,60100,2089,59,0.03475873544093178,0.0009816971713810317
Autumn Term,202223,Local Authority,E92000001,England,E12000002,North West,E08000009,Trafford,Total,60100,1889,59,0.03143094841930116,0.0009816971713810317
Autumn Term,202223,Local Authority,E92000001,England,E12000002,North West,E08000010,Wigan,Total,60100,1736,56,0.028885191347753744,0.0009317803660565724
Autumn Term,202223,Local Authority,E92000001,England,E12000002,North West,E08000011,Knowsley,Total,60100,1874,58,0.031181364392678868,0.0009650582362728785
Autumn Term,202223,Local Authority,E92000001,England,E12000002,North West,E08000012,Liverpool,Total,30200,1180,64,0.0390728476821192,0.002119205298013245
Autumn Term,202223,Local Authority,E92000001,England,E12000002,North West,E08000013,St. Helens,Total,60100,2044,56,0.034009983361064894,0.0009317803660565724
Autumn Term,202223,Local Authority,E92000001,England,E12000002,North West,E08000014,Sefton,Total,60100,2099,74,0.03492512479201331,0.0012312811980033278
Autumn Term,202223,Local Authority,E92000001,England,E12000002,North West,E08000015,Wirral,Total,30200,1047,56,0.03466887417218543,0.0018543046357615894
Autumn Term,202223,Local Authority,E92000001,England,E12000003,Yorkshire and The Humber,E08000016,Barnsley,Total,90000,2641,62,0.029344444444444444,0.0006888888888888888
Autumn Term,202223,Local Authority,E92000001,England,E12000003,Yorkshire and The Humber,E08000017,Doncaster,Total,30200,1013,59,0.033543046357615895,0.0019536423841059604
Autumn Term,202223,Local Authority,E92000001,England,E12000003,Yorkshire and The Humber,E08000018,Rotherham,Total,60100,1852,56,0.030815307820299502,0.0009317803660565724
Autumn Term,202223,Local Authority,E92000001,England,E12000003,Yorkshire and The Humber,E08000019,Sheffield,Total,60100,2099,65,0.03492512479201331,0.0010815307820299502
Autumn Term,202223,Local Authority,E92000001,England,E12000001,North East,E08000020,Gateshead,Total,60100,2067,72,0.03439267886855241,0.0011980033277870217
Autumn Term,202223,Local Authority,E92000001,England,E12000001,North East,E08000021,Newcastle upon Tyne,Total,30200,1162,75,0.03847682119205298,0.0024834437086092716
Autumn Term,202223,Local Authority,E92000001,England,E12000001,North East,E08000022,North Tyneside,Total,60100,1982,65,0.0329783693843594,0.0010815307820299502
Autumn Term,202223,Local Authority,E92000001,England,E12000001,North East,E08000023,South Tyneside,Total,60100,2048,64,0.0340765391014975,0.001064891846921797
Autumn Term,202223,Local Authority,E92000001,England,E12000001,North East,E08000024,Sunderland,Total,30200,1085,68,0.035927152317880795,0.002251655629139073
Autumn Term,202223,Local Authority,E92000001,England,E12000005,West Midlands,E08000025,Birmingham,Total,60100,2032,59,0.03381031613976705,0.0009816971713810317
Autumn Term,202223,Local Authority,E92000001,England,E12000005,West Midlands,E08000026,Coventry,Total,300,297,61,0.99,0.20333333333333334
Autumn Term,202223,Local Authority,E92000001,England,E12000005,West Midlands,E08000027,Dudley,Total,30200,1088,61,0.036026490066225166,0.002019867549668874
Autumn Term,202223,Local Authority,E92000001,England,E12000005,West Midlands,E08000028,Sandwell,Total,30200,1007,79,0.033344370860927154,0.0026158940397350994
Autumn Term,202223,Local Authority,E92000001,England,E12000005,West Midlands,E08000029,Solihull,Total,60100,2060,69,0.03427620632279534,0.0011480865224625623
Autumn Term,202223,Local Authority,E92000001,England,E12000005,West Midlands,E08000030,Walsall,Total,30200,1124,61,0.03721854304635762,0.002019867549668874
Autumn Term,202223,Local Authority,E92000001,England,E12000005,West Midlands,E08000031,Wolverhampton,Total,60100,2027,45,0.03372712146422629,0.0007487520798668885
Autumn Term,202223,Local Authority,E92000001,England,E12000003,Yorkshire and The Humber,E08000032,Bradford,Total,90000,2723,54,0.030255555555555556,0.0006
Autumn Term,202223,Local Authority,E92000001,England,E12000003,Yorkshire and The Humber,E08000033,Calderdale,Total,60100,2087,64,0.034725457570715476,0.001064891846921797
Autumn Term,202223,Local Authority,E92000001,England,E12000003,Yorkshire and The Humber,E08000034,Kirklees,Total,30200,1198,54,0.03966887417218543,0.0017880794701986755
Autumn Term,202223,Local Authority,E92000001,England,E12000003,Yorkshire and The Humber,E08000035,Leeds,Total,90000,2566,63,0.028511111111111112,0.0007
Autumn Term,202223,Local Authority,E92000001,England,E12000003,Yorkshire and The Humber,E08000036,Wakefield,Total,60100,1863,40,0.030998336106489183,0.0006655574043261231
Autumn Term,202223,Local Authority,E92000001,England,E12000001,North East,E08000037,Gateshead,Total,300,297,54,0.99,0.18
Autumn Term,202223,Local Authority,E92000001,England,E12000003,Yorkshire and The Humber,E08000038,Barnsley,Total,90000,2662,52,0.02957777777777778,0.0005777777777777778
Autumn Term,202223,Local Authority,E92000001,England,E12000003,Yorkshire and The Humber,E08000039,Sheffield,Total,30200,1120,50,0.03708609271523179,0.0016556291390728477
Autumn Term,202223,Local Authority,E92000001,England,E12000007,London,E09000001,City of London,Total,60100,1785,60,0.029700499168053243,0.0009983361064891847
Autumn Term,202223,Local Authority,E92000001,England,E12000007,London,E09000002,Barking and Dagenham,Total,300,297,61,0.99,0.20333333333333334
Autumn Term,202223,Local Authority,E92000001,England,E12000007,London,E09000003,Barnet,Total,60100,1854,59,0.030848585690515806,0.0009816971713810317
Autumn Term,202223,Local Authority,E92000001,England,E12000007,London,E09000004,Bexley,Total,60100,2099,61,0.03492512479201331,0.0010149750415973378
Autumn Term,202223,Local Authority,E92000001,England,E12000007,London,E09000005,Brent,Total,60100,2000,66,0.033277870216306155,0.0010981697171381032
Autumn Term,202223,Local Authority,E92000001,England,E12000007,London,E09000006,Bromley,Total,30200,951,49,0.031490066225165564,0.0016225165562913908
Autumn Term,202223,Local Authority,E92000001,England,E12000007,London,E09000007,Camden,Total,30200,1056,46,0.034966887417218546,0.0015231788079470199
Autumn Term,202223,Local Authority,E92000001,England,E12000007,London,E09000008,Croydon,Total,300,297,62,0.99,0.20666666666666667
Autumn Term,202223,Local Authority,E92000001,England,E12000007,London,E09000009,Ealing,Total,90000,2635,59,0.029277777777777778,0.0006555555555555556
Autumn Term,202223,Local Authority,E92000001,England,E12000007,London,E09000010,Enfield,Total,60100,1983,60,0.032995008319467556,0.0009983361064891847
Autumn Term,202223,Local Authority,E92000001,England,E12000007,London,E09000011,Greenwich,Total,60100,1882,52,0.03131447587354409,0.00086522462562396
Autumn Term,202223,Local Authority,E92000001,England,E12000007,London,E09000012,Hackney,Total,60100,1832,64,0.03048252911813644,0.001064891846921797
Autumn Term,202223,Local Authority,E92000001,England,E12000007,London,E09000013,Hammersmith and Fulham,Total,300,297,67,0.99,0.22333333333333333
Autumn Term,202223,Local Authority,E92000001,England,E12000007,London,E09000014,Haringey,Total,60100,1850,51,0.030782029950083195,0.000848585690515807
Autumn Term,202223,Local Authority,E92000001,England,E12000007,London,E09000015,Harrow,Total,90000,2488,55,0.027644444444444444,0.0006111111111111111
Autumn Term,202223,Local Authority,E92000001,England,E12000007,London,E09000016,Havering,Total,60100,2089,59,0.03475873544093178,0.0009816971713810317
Autumn Term,202223,Local Authority,E92000001,England,E12000007,London,E09000017,Hillingdon,Total,60100,1855,56,0.03086522462562396,0.0009317803660565724
Autumn Term,202223,Local Authority,E92000001,England,E12000007,London,E09000018,Hounslow,Total,30200,1033,72,0.03420529801324503,0.0023841059602649007
Autumn Term,202223,Local Authority,E92000001,England,E12000007,London,E09000019,Islington,Total,30200,1029,65,0.034072847682119205,0.002152317880794702
Autumn Term,202223,Local Authority,E92000001,England,E12000007,London,E09000020,Kensington and Chelsea,Total,90000,2652,61,0.029466666666666665,0.0006777777777777778
Autumn Term,202223,Local Authority,E92000001,England,E12000007,London,E09000021,Kingston upon Thames,Total,60100,1959,60,0.03259567387687188,0.0009983361064891847
Autumn Term,202223,Local Authority,E92000001,England,E12000007,London,E09000022,Lambeth,Total,30200,1072,66,0.035496688741721856,0.002185430463576159
Autumn Term,202223,Local Authority,E92000001,England,E12000007,London,E09000023,Lewisham,Total,60100,2099,65,0.03492512479201331,0.0010815307820299502
Autumn Term,202223,Local Authority,E92000001,England,E12000007,London,E09000024,Merton,Total,30200,1103,69,0.03652317880794702,0.0022847682119205297
Autumn Term,202223,Local Authority,E92000001,England,E12000007,London,E09000025,Newham,Total,60100,1904,64,0.03168053244592346,0.001064891846921797
Autumn Term,202223,Local Authority,E92000001,England,E12000007,London,E09000026,Redbridge,Total,90000,2883,61,0.03203333333333333,0.0006777777777777778
Autumn Term,202223,Local Authority,E92000001,England,E12000007,London,E09000027,Richmond upon Thames,Total,60100,2090,45,0.03477537437603993,0.0007487520798668885
Autumn Term,202223,Local Authority,E92000001,England,E12000007,London,E09000028,Southwark,Total,60100,1698,58,0.028252911813643925,0.0009650582362728785
Autumn Term,202223,Local Authority,E92000001,England,E12000007,London,E09000029,Sutton,Total,60100,1937,60,0.03222961730449251,0.0009983361064891847
Autumn Term,202223,Local Authority,E92000001,England,E12000007,London,E09000030,Tower Hamlets,Total,30200,1130,58,0.03741721854304636,0.0019205298013245033
Autumn Term,202223,Local Authority,E92000001,England,E12000007,London,E09000031,Waltham Forest,Total,30200,1198,73,0.03966887417218543,0.0024172185430463575
Autumn Term,202223,Local Authority,E92000001,England,E12000007,London,E09000032,Wandsworth,Total,60100,2076,51,0.03454242928452579,0.000848585690515807
Autumn Term,202223,Local Authority,E92000001,England,E12000007,London,E09000033,Westminster,Total,60100,1889,60,0.03143094841930116,0.0009983361064891847
Autumn Term,202223,Local Authority,E92000001,England,E12000006,East of England,E10000001,Bedfordshire,Total,60100,1893,76,0.03149750415973378,0.0012645590682196339
Autumn Term,202223,Local Authority,E92000001,England,E12000008,South East,E10000002,Buckinghamshire,Total,30200,1198,54,0.03966887417218543,0.0017880794701986755
Autumn Term,202223,Local Authority,E92000001,England,E12000006,East of England,E10000003,Cambridgeshire,Total,60100,2099,60,0.03492512479201331,0.0009983361064891847
Autumn Term,202223,Local Authority,E92000001,England,E12000002,North West,E10000004,Cheshire,Total,60100,1832,62,0.03048252911813644,0.0010316139767054908
Autumn Term,202223,Local Authority,E92000001,England,E12000009,South West,E10000005,Cornwall and Isles of Scilly,Total,60100,1896,61,0.031547420965058234,0.0010149750415973378
Autumn Term,202223,Local Authority,E92000001,England,E12000002,North West,E10000006,Cumbria,Total,30200,1123,68,0.03718543046357616,0.002251655629139073
Autumn Term,202223,Local Authority,E92000001,England,E12000004,East Midlands,E10000007,Derbyshire,Total,60100,2099,65,0.03492512479201331,0.0010815307820299502
Autumn Term,202223,Local Authority,E92000001,England,E12000009,South West,E10000008,Devon,Total,60100,1876,67,0.031214642262895175,0.0011148086522462563
Autumn Term,202223,Local Authority,E92000001,England,E12000009,South West,E10000009,Dorset,Total,90000,2485,64,0.02761111111111111,0.0007111111111111111
Autumn Term,202223,Local Authority,E92000001,England,E12000001,North East,E10000010,Durham,Total,300,297,74,0.99,0.24666666666666667
Autumn Term,202223,Local Authority,E92000001,England,E12000008,South East,E10000011,East Sussex,Total,60100,2010,58,0.03344425956738769,0.0009650582362728785
Autumn Term,202223,Local Authority,E92000001,England,E12000006,East of England,E10000012,Essex,Total,60100,2078,61,0.0345757071547421,0.0010149750415973378
Autumn Term,202223,Local Authority,E92000001,England,E12000009,South West,E10000013,Gloucestershire,Total,90000,2604,68,0.028933333333333332,0.0007555555555555555
Autumn Term,202223,Local Authority,E92000001,England,E12000008,South East,E10000014,Hampshire,Total,60100,1759,57,0.029267886855241263,0.0009484193011647255
Autumn Term,202223,Local Authority,E92000001,England,E12000006,East of England,E10000015,Hertfordshire,Total,60100,1934,56,0.03217970049916805,0.0009317803660565724
Autumn Term,202223,Local Authority,E92000001,England,E12000008,South East,E10000016,Kent,Total,60100,1935,61,0.03219633943427621,0.0010149750415973378
Autumn Term,202223,Local Authority,E92000001,England,E12000002,North West,E10000017,Lancashire,Total,60100,1936,63,0.03221297836938436,0.0010482529118136439
Autumn Term,202223,Local Authority,E92000001,England,E12000004,East Midlands,E10000018,Leicestershire,Total,30200,1066,60,0.035298013245033115,0.001986754966887417
Autumn Term,202223,Local Authority,E92000001,England,E12000004,East Midlands,E10000019,Lincolnshire,Total,60100,1960,49,0.032612312811980036,0.0008153078202995009
Autumn Term,202223,Local Authority,E92000001,England,E12000006,East of England,E10000020,Norfolk,Total,60100,1734,72,0.028851913477537437,0.0011980033277870217
Autumn Term,202223,Local Authority,E92000001,England,E12000004,East Midlands,E10000021,Northamptonshire,Total,30200,1047,63,0.03466887417218543,0.002086092715231788
Autumn Term,202223,Local Authority,E92000001,England,E12000001,North East,E10000022,Northumberland,Total,60100,1774,66,0.029517470881863562,0.0010981697171381032
Autumn Term,202223,Local Authority,E92000001,England,E12000003,Yorkshire and The Humber,E10000023,North Yorkshire,Total,30200,1158,58,0.03834437086092715,0.0019205298013245033
Autumn Term,202223,Local Authority,E92000001,England,E12000004,East Midlands,E10000024,Nottinghamshire,Total,60100,2009,57,0.03342762063227953,0.0009484193011647255
Autumn Term,202223,Local Authority,E92000001,England,E12000008,South East,E10000025,Oxfordshire,Total,30200,1050,71,0.0347682119205298,0.002350993377483444
Autumn Term,202223,Local Authority,E92000001,England,E12000005,West Midlands,E10000026,Shropshire,Total,300,297,52,0.99,0.17333333333333334
Autumn Term,202223,Local Authority,E92000001,England,E12000009,South West,E10000027,Somerset,Total,90000,2873,56,0.03192222222222222,0.0006222222222222223
Autumn Term,202223,Local Authority,E92000001,England,E12000005,West Midlands,E10000028,Staffordshire,Total,60100,1894,61,0.03151414309484193,0.0010149750415973378
Autumn Term,202223,Local Authority,E92000001,England,E12000006,East of England,E10000029,Suffolk,Total,90000,2922,58,0.032466666666666665,0.0006444444444444444
Autumn Term,202223,Local Authority,E92000001,England,E12000008,South East,E10000030,Surrey,Total,60100,2044,53,0.034009983361064894,0.0008818635607321132
Autumn Term,202223,Local Authority,E92000001,England,E12000005,West Midlands,E10000031,Warwickshire,Total,30200,1198,68,0.03966887417218543,0.002251655629139073
Autumn Term,202223,Local Authority,E92000001,England,E12000008,South East,E10000032,West Sussex,Total,60100,2070,61,0.03444259567387687,0.0010149750415973378
Autumn Term,202223,Local Authority,E92000001,England,E12000009,South West,E10000033,Wiltshire,Total,300,297,60,0.99,0.2
Autumn Term,202223,Local Authority,E92000001,England,E12000005,West Midlands,E10000034,Worcestershire,Total,60100,1806,65,0.03004991680532446,0.0010815307820299502
Autumn Term,202324,Local Authority,E92000001,England,E12000001,North East,E06000001,Hartlepool,Total,60100,2096,66,0.034875207986688854,0.0010981697171381032
Autumn Term,202324,Local Authority,E92000001,England,E12000001,North East,E06000002,Middlesbrough,Total,60100,1810,64,0.030116472545757073,0.001064891846921797
Autumn Term,202324,Local Authority,E92000001,England,E12000001,North East,E06000003,Redcar and Cleveland,Total,60100,1893,71,0.03149750415973378,0.0011813643926788687
Autumn Term,202324,Local Authority,E92000001,England,E12000001,North East,E06000004,Stockton-on-Tees,Total,30200,1198,60,0.03966887417218543,0.001986754966887417
Autumn Term,202324,Local Authority,E92000001,England,E12000001,North East,E06000005,Darlington,Total,30200,1141,62,0.037781456953642385,0.0020529801324503313
Autumn Term,202324,Local Authority,E92000001,England,E12000002,North West,E06000006,Halton,Total,60100,2099,56,0.03492512479201331,0.0009317803660565724
Autumn Term,202324,Local Authority,E92000001,England,E12000002,North West,E06000007,Warrington,Total,60100,2067,55,0.03439267886855241,0.0009151414309484193
Autumn Term,202324,Local Authority,E92000001,England,E12000002,North West,E06000008,Blackburn with Darwen,Total,60100,1885,60,0.03136439267886855,0.0009983361064891847
Autumn Term,202324,Local Authority,E92000001,England,E12000002,North West,E06000009,Blackpool,Total,60100,2099,58,0.03492512479201331,0.0009650582362728785
Autumn Term,202324,Local Authority,E92000001,England,E12000003,Yorkshire and The Humber,E06000010,"Kingston upon Hull, City of",Total,60100,1818,65,0.030249584026622298,0.0010815307820299502
Autumn Term,202324,Local Authority,E92000001,England,E12000003,Yorkshire and The Humber,E06000011,East Riding of Yorkshire,Total,60100,1871,59,0.031131447587354408,0.0009816971713810317
Autumn Term,202324,Local Authority,E92000001,England,E12000003,Yorkshire and The Humber,E06000012,North East Lincolnshire,Total,60100,1985,60,0.03302828618968386,0.0009983361064891847
Autumn Term,202324,Local Authority,E92000001,England,E12000003,Yorkshire and The Humber,E06000013,North Lincolnshire,Total,30200,1198,60,0.03966887417218543,0.001986754966887417
Autumn Term,202324,Local Authority,E92000001,England,E12000003,Yorkshire and The Humber,E06000014,York,Total,300,297,58,0.99,0.19333333333333333
Autumn Term,202324,Local Authority,E92000001,England,E12000004,East Midlands,E06000015,Derby,Total,90000,2738,62,0.030422222222222222,0.0006888888888888888
Autumn Term,202324,Local Authority,E92000001,England,E12000004,East Midlands,E06000016,Leicester,Total,60100,2099,63,0.03492512479201331,0.0010482529118136439
Autumn Term,202324,Local Authority,E92000001,England,E12000004,East Midlands,E06000017,Rutland,Total,300,297,66,0.99,0.22
Autumn Term,202324,Local Authority,E92000001,England,E12000004,East Midlands,E06000018,Nottingham,Total,90000,2854,60,0.031711111111111114,0.0006666666666666666
Autumn Term,202324,Local Authority,E92000001,England,E12000005,West Midlands,E06000019,"Herefordshire, County of",Total,90000,2794,64,0.031044444444444444,0.0007111111111111111
Autumn Term,202324,Local Authority,E92000001,England,E12000005,West Midlands,E06000020,Telford and Wrekin,Total,60100,1871,69,0.031131447587354408,0.0011480865224625623
Autumn Term,202324,Local Authority,E92000001,England,E12000005,West Midlands,E06000021,Stoke-on-Trent,Total,60100,2025,64,0.03369384359400998,0.001064891846921797
Autumn Term,202324,Local Authority,E92000001,England,E12000009,South West,E06000022,Bath and North East Somerset,Total,60100,1839,77,0.03059900166389351,0.001281198003327787
Autumn Term,202324,Local Authority,E92000001,England,E12000009,South West,E06000023,"Bristol, City of",Total,30200,1198,47,0.03966887417218543,0.001556291390728477
Autumn Term,202324,Local Authority,E92000001,England,E12000009,South West,E06000024,North Somerset,Total,300,297,56,0.99,0.18666666666666668
Autumn Term,202324,Local Authority,E92000001,England,E12000009,South West,E06000025,South Gloucestershire,Total,300,297,44,0.99,0.14666666666666667
Autumn Term,202324,Local Authority,E92000001,England,E12000009,South West,E06000026,Plymouth,Total,30200,1198,71,0.03966887417218543,0.002350993377483444
Autumn Term,202324,Local Authority,E92000001,England,E12000009,South West,E06000027,Torbay,Total,30200,1198,57,0.03966887417218543,0.0018874172185430465
Autumn Term,202324,Local Authority,E92000001,England,E12000009,South West,E06000028,Bournemouth,Total,30200,1026,63,0.033973509933774834,0.002086092715231788
Autumn Term,202324,Local Authority,E92000001,England,E12000009,South West,E06000029,Poole,Total,30200,1198,62,0.03966887417218543,0.0020529801324503313
Autumn Term,202324,Local Authority,E92000001,England,E12000009,South West,E06000030,Swindon,Total,60100,2099,61,0.03492512479201331,0.0010149750415973378
Autumn Term,202324,Local Authority,E92000001,England,E12000006,East of England,E06000031,Peterborough,Total,60100,2049,59,0.03409317803660566,0.0009816971713810317
Autumn Term,202324,Local Authority,E92000001,England,E12000006,East of England,E06000032,Luton,Total,60100,2099,62,0.03492512479201331,0.0010316139767054908
Autumn Term,202324,Local Authority,E92000001,England,E12000006,East of England,E06000033,Southend-on-Sea,Total,60100,1899,59,0.0315973377703827,0.0009816971713810317
Autumn Term,202324,Local Authority,E92000001,England,E12000006,East of England,E06000034,Thurrock,Total,30200,1198,61,0.03966887417218543,0.002019867549668874
Autumn Term,202324,Local Authority,E92000001,England,E12000008,South East,E06000035,Medway,Total,60100,1950,71,0.0324459234608985,0.0011813643926788687
Autumn Term,202324,Local Authority,E92000001,England,E12000008,South East,E06000036,Bracknell Forest,Total,30200,1079,58,0.035728476821192054,0.0019205298013245033
Autumn Term,202324,Local Authority,E92000001,England,E12000008,South East,E06000037,West Berkshire,Total,30200,1198,60,0.03966887417218543,0.001986754966887417
Autumn Term,202324,Local Authority,E92000001,England,E12000008,South East,E06000038,Reading,Total,60100,1905,61,0.03169717138103161,0.0010149750415973378
Autumn Term,202324,Local Authority,E92000001,England,E12000008,South East,E06000039,Slough,Total,60100,2063,59,0.0343261231281198,0.0009816971713810317
Autumn Term,202324,Local Authority,E92000001,England,E12000008,South East,E06000040,Windsor and Maidenhead,Total,30200,1096,69,0.03629139072847682,0.0022847682119205297
Autumn Term,202324,Local Authority,E92000001,England,E12000008,South East,E06000041,Wokingham,Total,300,297,67,0.99,0.22333333333333333
Autumn Term,202324,Local Authority,E92000001,England,E12000008,South East,E06000042,Milton Keynes,Total,60100,1729,69,0.028768718801996673,0.0011480865224625623
Autumn Term,202324,Local Authority,E92000001,England,E12000008,South East,E06000043,Brighton and Hove,Total,90000,2817,44,0.0313,0.0004888888888888889
Autumn Term,202324,Local Authority,E92000001,England,E12000008,South East,E06000044,Portsmouth,Total,60100,2099,50,0.03492512479201331,0.0008319467554076539
Autumn Term,202324,Local Authority,E92000001,England,E12000008,South East,E06000045,Southampton,Total,30200,1121,56,0.03711920529801325,0.0018543046357615894
Autumn Term,202324,Local Authority,E92000001,England,E12000008,South East,E06000046,Isle of Wight,Total,30200,1047,69,0.03466887417218543,0.0022847682119205297
Autumn Term,202324,Local Authority,E92000001,England,E12000001,North East,E06000047,County Durham,Total,30200,1172,61,0.03880794701986755,0.002019867549668874
Autumn Term,202324,Local Authority,E92000001,England,E12000001,North East,E06000048,Northumberland,Total,60100,1929,47,0.03209650582362729,0.0007820299500831947
Autumn Term,202324,Local Authority,E92000001,England,E12000002,North West,E06000049,Cheshire East,Total,30200,1002,53,0.03317880794701987,0.0017549668874172186
Autumn Term,202324,Local Authority,E92000001,England,E12000002,North West,E06000050,Cheshire West and Chester,Total,60100,2099,76,0.03492512479201331,0.0012645590682196339
Autumn Term,202324,Local Authority,E92000001,England,E12000005,West Midlands,E06000051,Shropshire,Total,30200,1198,66,0.03966887417218543,0.002185430463576159
Autumn Term,202324,Local Authority,E92000001,England,E12000009,South West,E06000052,Cornwall,Total,300,297,52,0.99,0.17333333333333334
Autumn Term,202324,Local Authority,E92000001,England,E12000009,South West,E06000053,Isles of Scilly,Total,60100,1944,66,0.03234608985024959,0.0010981697171381032
Autumn Term,202324,Local Authority,E92000001,England,E12000009,South West,E06000054,Wiltshire,Total,60100,1919,66,0.031930116472545754,0.0010981697171381032
Autumn Term,202324,Local Authority,E92000001,England,E12000006,East of England,E06000055,Bedford,Total,60100,1809,68,0.03009983361064892,0.0011314475873544093
Autumn Term,202324,Local Authority,E92000001,England,E12000006,East of England,E06000056,Central Bedfordshire,Total,60100,1967,62,0.03272878535773711,0.0010316139767054908
Autumn Term,202324,Local Authority,E92000001,England,E12000001,North East,E06000057,Northumberland,Total,60100,1838,75,0.030582362728785357,0.0012479201331114808
Autumn Term,202324,Local Authority,E92000001,England,E12000009,South West,E06000058,"Bournemouth, Christchurch and Poole",Total,60100,1963,58,0.03266222961730449,0.0009650582362728785
Autumn Term,202324,Local Authority,E92000001,England,E12000009,South West,E06000059,Dorset,Total,90000,2535,59,0.028166666666666666,0.0006555555555555556
Autumn Term,202324,Local Authority,E92000001,England,E12000008,South East,E06000060,Buckinghamshire,Total,300,297,49,0.99,0.16333333333333333
Autumn Term,202324,Local Authority,E92000001,England,E12000004,East Midlands,E06000061,North Northamptonshire,Total,60100,1977,47,0.032895174708818635,0.0007820299500831947
Autumn Term,202324,Local Authority,E92000001,England,E12000004,East Midlands,E06000062,West Northamptonshire,Total,60100,2070,58,0.03444259567387687,0.0009650582362728785
Autumn Term,202324,Local Authority,E92000001,England,E12000002,North West,E06000063,Cumberland,Total,30200,1198,70,0.03966887417218543,0.002317880794701987
Autumn Term,202324,Local Authority,E92000001,England,E12000002,North West,E06000064,Westmorland and Furness,Total,60100,1967,69,0.03272878535773711,0.0011480865224625623
Autumn Term,202324,Local Authority,E92000001,England,E12000003,Yorkshire and The Humber,E06000065,North Yorkshire,Total,60100,2099,47,0.03492512479201331,0.0007820299500831947
Autumn Term,202324,Local Authority,E92000001,England,E12000009,South West,E06000066,Somerset,Total,300,297,76,0.99,0.25333333333333335
Autumn Term,202324,Local Authority,E92000001,England,E12000002,North West,E08000001,Bolton,Total,60100,1964,66,0.03267886855241264,0.0010981697171381032
Autumn Term,202324,Local Authority,E92000001,England,E12000002,North West,E08000002,Bury,Total,60100,2031,67,0.0337936772046589,0.0011148086522462563
Autumn Term,202324,Local Authority,E92000001,England,E12000002,North West,E08000003,Manchester,Total,60100,1950,63,0.0324459234608985,0.0010482529118136439
Autumn Term,202324,Local Authority,E92000001,England,E12000002,North West,E08000004,Oldham,Total,90000,2531,52,0.028122222222222222,0.0005777777777777778
Autumn Term,202324,Local Authority,E92000001,England,E12000002,North West,E08000005,Rochdale,Total,90000,2866,59,0.031844444444444446,0.0006555555555555556
Autumn Term,202324,Local Authority,E92000001,England,E12000002,North West,E08000006,Salford,Total,60100,1924,65,0.032013311148086525,0.0010815307820299502
Autumn Term,202324,Local Authority,E92000001,England,E12000002,North West,E08000007,Stockport,Total,60100,1894,56,0.03151414309484193,0.0009317803660565724
Autumn Term,202324,Local Authority,E92000001,England,E12000002,North West,E08000008,Tameside,Total,30200,1090,64,0.03609271523178808,0.002119205298013245
Autumn Term,202324,Local Authority,E92000001,England,E12000002,North West,E08000009,Trafford,Total,30200,1198,70,0.03966887417218543,0.002317880794701987
Autumn Term,202324,Local Authority,E92000001,England,E12000002,North West,E08000010,Wigan,Total,60100,2029,72,0.033760399334442595,0.0011980033277870217
Autumn Term,202324,Local Authority,E92000001,England,E12000002,North West,E08000011,Knowsley,Total,300,297,59,0.99,0.19666666666666666
Autumn Term,202324,Local Authority,E92000001,England,E12000002,North West,E08000012,Liverpool,Total,30200,1114,71,0.036887417218543044,0.002350993377483444
Autumn Term,202324,Local Authority,E92000001,England,E12000002,North West,E08000013,St. Helens,Total,60100,1837,55,0.030565723793677203,0.0009151414309484193
Autumn Term,202324,Local Authority,E92000001,England,E12000002,North West,E08000014,Sefton,Total,30200,1187,62,0.03930463576158941,0.0020529801324503313
Autumn Term,202324,Local Authority,E92000001,England,E12000002,North West,E08000015,Wirral,Total,60100,2084,43,0.03467554076539101,0.0007154742096505824
Autumn Term,202324,Local Authority,E92000001,England,E12000003,Yorkshire and The Humber,E08000016,Barnsley,Total,60100,1905,69,0.03169717138103161,0.0011480865224625623
Autumn Term,202324,Local Authority,E92000001,England,E12000003,Yorkshire and The Humber,E08000017,Doncaster,Total,60100,1979,54,0.03292845257903494,0.0008985024958402662
Autumn Term,202324,Local Authority,E92000001,England,E12000003,Yorkshire and The Humber,E08000018,Rotherham,Total,60100,1780,49,0.02961730449251248,0.0008153078202995009
Autumn Term,202324,Local Authority,E92000001,England,E12000003,Yorkshire and The Humber,E08000019,Sheffield,Total,60100,1992,72,0.033144758735440934,0.0011980033277870217
Autumn Term,202324,Local Authority,E92000001,England,E12000001,North East,E08000020,Gateshead,Total,60100,1662,60,0.027653910149750417,0.0009983361064891847
Autumn Term,202324,Local Authority,E92000001,England,E12000001,North East,E08000021,Newcastle upon Tyne,Total,60100,1867,58,0.031064891846921797,0.0009650582362728785
Autumn Term,202324,Local Authority,E92000001,England,E12000001,North East,E08000022,North Tyneside,Total,30200,1071,47,0.0354635761589404,0.001556291390728477
Autumn Term,202324,Local Authority,E92000001,England,E12000001,North East,E08000023,South Tyneside,Total,300,297,57,0.99,0.19
Autumn Term,202324,Local Authority,E92000001,England,E12000001,North East,E08000024,Sunderland,Total,60100,2099,50,0.03492512479201331,0.0008319467554076539
Autumn Term,202324,Local Authority,E92000001,England,E12000005,West Midlands,E08000025,Birmingham,Total,90000,2269,64,0.02521111111111111,0.0007111111111111111
Autumn Term,202324,Local Authority,E92000001,England,E12000005,West Midlands,E08000026,Coventry,Total,30200,1075,62,0.03559602649006623,0.0020529801324503313
Autumn Term,202324,Local Authority,E92000001,England,E12000005,West Midlands,E08000027,Dudley,Total,60100,2099,64,0.03492512479201331,0.001064891846921797
Autumn Term,202324,Local Authority,E92000001,England,E12000005,West Midlands,E08000028,Sandwell,Total,60100,1880,63,0.031281198003327786,0.0010482529118136439
Autumn Term,202324,Local Authority,E92000001,England,E12000005,West Midlands,E08000029,Solihull,Total,90000,2639,57,0.029322222222222222,0.0006333333333333333
Autumn Term,202324,Local Authority,E92000001,England,E12000005,West Midlands,E08000030,Walsall,Total,30200,1198,51,0.03966887417218543,0.0016887417218543047
Autumn Term,202324,Local Authority,E92000001,England,E12000005,West Midlands,E08000031,Wolverhampton,Total,30200,1097,58,0.03632450331125828,0.0019205298013245033
Autumn Term,202324,Local Authority,E92000001,England,E12000003,Yorkshire and The Humber,E08000032,Bradford,Total,60100,1959,65,0.03259567387687188,0.0010815307820299502
Autumn Term,202324,Local Authority,E92000001,England,E12000003,Yorkshire and The Humber,E08000033,Calderdale,Total,30200,1198,57,0.03966887417218543,0.0018874172185430465
Autumn Term,202324,Local Authority,E92000001,England,E12000003,Yorkshire and The Humber,E08000034,Kirklees,Total,30200,1198,52,0.03966887417218543,0.0017218543046357616
Autumn Term,202324,Local Authority,E92000001,England,E12000003,Yorkshire and The Humber,E08000035,Leeds,Total,60100,1711,63,0.028469217970049917,0.0010482529118136439
Autumn Term,202324,Local Authority,E92000001,England,E12000003,Yorkshire and The Humber,E08000036,Wakefield,Total,60100,1915,57,0.03186356073211315,0.0009484193011647255
Autumn Term,202324,Local Authority,E92000001,England,E12000001,North East,E08000037,Gateshead,Total,60100,2099,52,0.03492512479201331,0.00086522462562396
Autumn Term,202324,Local Authority,E92000001,England,E12000003,Yorkshire and The Humber,E08000038,Barnsley,Total,60100,1931,53,0.032129783693843596,0.0008818635607321132
Autumn Term,202324,Local Authority,E92000001,England,E12000003,Yorkshire and The Humber,E08000039,Sheffield,Total,90000,2753,58,0.030588888888888888,0.0006444444444444444
Autumn Term,202324,Local Authority,E92000001,England,E12000007,London,E09000001,City of London,Total,30200,1198,73,0.03966887417218543,0.0024172185430463575
Autumn Term,202324,Local Authority,E92000001,England,E12000007,London,E09000002,Barking and Dagenham,Total,60100,1836,64,0.030549084858569053,0.001064891846921797
Autumn Term,202324,Local Authority,E92000001,England,E12000007,London,E09000003,Barnet,Total,60100,2099,52,0.03492512479201331,0.00086522462562396
Autumn Term,202324,Local Authority,E92000001,England,E12000007,London,E09000004,Bexley,Total,90000,2940,63,0.03266666666666666,0.0007
Autumn Term,202324,Local Authority,E92000001,England,E12000007,London,E09000005,Brent,Total,90000,2820,54,0.03133333333333333,0.0006
Autumn Term,202324,Local Authority,E92000001,England,E12000007,London,E09000006,Bromley,Total,60100,1783,66,0.02966722129783694,0.0010981697171381032
Autumn Term,202324,Local Authority,E92000001,England,E12000007,London,E09000007,Camden,Total,60100,1775,58,0.029534109816971715,0.0009650582362728785
Autumn Term,202324,Local Authority,E92000001,England,E12000007,London,E09000008,Croydon,Total,60100,1866,63,0.031048252911813644,0.0010482529118136439
Autumn Term,202324,Local Authority,E92000001,England,E12000007,London,E09000009,Ealing,Total,30200,1067,63,0.03533112582781457,0.002086092715231788
Autumn Term,202324,Local Authority,E92000001,England,E12000007,London,E09000010,Enfield,Total,90000,2860,67,0.03177777777777778,0.0007444444444444445
Autumn Term,202324,Local Authority,E92000001,England,E12000007,London,E09000011,Greenwich,Total,30200,987,67,0.03268211920529801,0.002218543046357616
Autumn Term,202324,Local Authority,E92000001,England,E12000007,London,E09000012,Hackney,Total,90000,2742,55,0.030466666666666666,0.0006111111111111111
Autumn Term,202324,Local Authority,E92000001,England,E12000007,London,E09000013,Hammersmith and Fulham,Total,60100,2066,64,0.034376039933444257,0.001064891846921797
Autumn Term,202324,Local Authority,E92000001,England,E12000007,London,E09000014,Haringey,Total,30200,980,60,0.03245033112582781,0.001986754966887417
Autumn Term,202324,Local Authority,E92000001,England,E12000007,London,E09000015,Harrow,Total,60100,2099,56,0.03492512479201331,0.0009317803660565724
Autumn Term,202324,Local Authority,E92000001,England,E12000007,London,E09000016,Havering,Total,90000,2817,62,0.0313,0.0006888888888888888
Autumn Term,202324,Local Authority,E92000001,England,E12000007,London,E09000017,Hillingdon,Total,60100,1825,45,0.03036605657237937,0.0007487520798668885
Autumn Term,202324,Local Authority,E92000001,England,E12000007,London,E09000018,Hounslow,Total,90000,2555,65,0.02838888888888889,0.0007222222222222222
Autumn Term,202324,Local Authority,E92000001,England,E12000007,London,E09000019,Islington,Total,30200,1058,56,0.03503311258278146,0.0018543046357615894
Autumn Term,202324,Local Authority,E92000001,England,E12000007,London,E09000020,Kensington and Chelsea,Total,60100,2004,61,0.03334442595673877,0.0010149750415973378
Autumn Term,202324,Local Authority,E92000001,England,E12000007,London,E09000021,Kingston upon Thames,Total,60100,1833,57,0.030499168053244593,0.0009484193011647255
Autumn Term,202324,Local Authority,E92000001,England,E12000007,London,E09000022,Lambeth,Total,60100,1944,46,0.03234608985024959,0.0007653910149750416
Autumn Term,202324,Local Authority,E92000001,England,E12000007,London,E09000023,Lewisham,Total,30200,1142,51,0.03781456953642384,0.0016887417218543047
Autumn Term,202324,Local Authority,E92000001,England,E12000007,London,E09000024,Merton,Total,60100,2017,58,0.03356073211314476,0.0009650582362728785
Autumn Term,202324,Local Authority,E92000001,England,E12000007,London,E09000025,Newham,Total,30200,1096,55,0.03629139072847682,0.0018211920529801326
Autumn Term,202324,Local Authority,E92000001,England,E12000007,London,E09000026,Redbridge,Total,30200,1138,60,0.037682119205298015,0.001986754966887417
Autumn Term,202324,Local Authority,E92000001,England,E12000007,London,E09000027,Richmond upon Thames,Total,60100,2053,51,0.03415973377703827,0.000848585690515807
Autumn Term,202324,Local Authority,E92000001,England,E12000007,London,E09000028,Southwark,Total,90000,2793,63,0.031033333333333333,0.0007
Autumn Term,202324,Local Authority,E92000001,England,E12000007,London,E09000029,Sutton,Total,300,297,61,0.99,0.20333333333333334
Autumn Term,202324,Local Authority,E92000001,England,E12000007,London,E09000030,Tower Hamlets,Total,60100,2041,64,0.03396006655574043,0.001064891846921797
Autumn Term,202324,Local Authority,E92000001,England,E12000007,London,E09000031,Waltham Forest,Total,90000,2657,51,0.02952222222222222,0.0005666666666666667
Autumn Term,202324,Local Authority,E92000001,England,E12000007,London,E09000032,Wandsworth,Total,30200,997,61,0.033013245033112586,0.002019867549668874
Autumn Term,202324,Local Authority,E92000001,England,E12000007,London,E09000033,Westminster,Total,90000,2756,63,0.03062222222222222,0.0007
Autumn Term,202324,Local Authority,E92000001,England,E12000006,East of England,E10000001,Bedfordshire,Total,30200,1049,57,0.03473509933774834,0.0018874172185430465
Autumn Term,202324,Local Authority,E92000001,England,E12000008,South East,E10000002,Buckinghamshire,Total,60100,1913,66,0.03183028286189684,0.0010981697171381032
Autumn Term,202324,Local Authority,E92000001,England,E12000006,East of England,E10000003,Cambridgeshire,Total,30200,1198,50,0.03966887417218543,0.0016556291390728477
Autumn Term,202324,Local Authority,E92000001,England,E12000002,North West,E10000004,Cheshire,Total,30200,934,59,0.030927152317880794,0.0019536423841059604
Autumn Term,202324,Local Authority,E92000001,England,E12000009,South West,E10000005,Cornwall and Isles of Scilly,Total,60100,1780,62,0.02961730449251248,0.0010316139767054908
Autumn Term,202324,Local Authority,E92000001,England,E12000002,North West,E10000006,Cumbria,Total,90000,2742,68,0.030466666666666666,0.0007555555555555555
Autumn Term,202324,Local Authority,E92000001,England,E12000004,East Midlands,E10000007,Derbyshire,Total,60100,2013,50,0.033494176372712146,0.0008319467554076539
Autumn Term,202324,Local Authority,E92000001,England,E12000009,South West,E10000008,Devon,Total,90000,2725,56,0.03027777777777778,0.0006222222222222223
Autumn Term,202324,Local Authority,E92000001,England,E12000009,South West,E10000009,Dorset,Total,90000,2901,51,0.032233333333333336,0.0005666666666666667
Autumn Term,202324,Local Authority,E92000001,England,E12000001,North East,E10000010,Durham,Total,30200,1198,56,0.03966887417218543,0.0018543046357615894
Autumn Term,202324,Local Authority,E92000001,England,E12000008,South East,E10000011,East Sussex,Total,60100,1818,71,0.030249584026622298,0.0011813643926788687
Autumn Term,202324,Local Authority,E92000001,England,E12000006,East of England,E10000012,Essex,Total,300,297,55,0.99,0.18333333333333332
Autumn Term,202324,Local Authority,E92000001,England,E12000009,South West,E10000013,Gloucestershire,Total,60100,2099,63,0.03492512479201331,0.0010482529118136439
Autumn Term,202324,Local Authority,E92000001,England,E12000008,South East,E10000014,Hampshire,Total,30200,1198,54,0.03966887417218543,0.0017880794701986755
Autumn Term,202324,Local Authority,E92000001,England,E12000006,East of England,E10000015,Hertfordshire,Total,30200,1198,52,0.03966887417218543,0.0017218543046357616
Autumn Term,202324,Local Authority,E92000001,England,E12000008,South East,E10000016,Kent,Total,30200,943,62,0.031225165562913906,0.0020529801324503313
Autumn Term,202324,Local Authority,E92000001,England,E12000002,North West,E10000017,Lancashire,Total,30200,1198,68,0.03966887417218543,0.002251655629139073
Autumn Term,202324,Local Authority,E92000001,England,E12000004,East Midlands,E10000018,Leicestershire,Total,300,297,61,0.99,0.20333333333333334
Autumn Term,202324,Local Authority,E92000001,England,E12000004,East Midlands,E10000019,Lincolnshire,Total,30200,1198,76,0.03966887417218543,0.0025165562913907285
Autumn Term,202324,Local Authority,E92000001,England,E12000006,East of England,E10000020,Norfolk,Total,30200,1071,65,0.0354635761589404,0.002152317880794702
Autumn Term,202324,Local Authority,E92000001,England,E12000004,East Midlands,E10000021,Northamptonshire,Total,60100,1824,54,0.030349417637271215,0.0008985024958402662
Autumn Term,202324,Local Authority,E92000001,England,E12000001,North East,E10000022,Northumberland,Total,30200,1198,54,0.03966887417218543,0.0017880794701986755
Autumn Term,202324,Local Authority,E92000001,England,E12000003,Yorkshire and The Humber,E10000023,North Yorkshire,Total,60100,1676,75,0.02788685524126456,0.0012479201331114808
Autumn Term,202324,Local Authority,E92000001,England,E12000004,East Midlands,E10000024,Nottinghamshire,Total,30200,1198,68,0.03966887417218543,0.002251655629139073
Autumn Term,202324,Local Authority,E92000001,England,E12000008,South East,E10000025,Oxfordshire,Total,60100,1646,64,0.027387687188019965,0.001064891846921797
Autumn Term,202324,Local Authority,E92000001,England,E12000005,West Midlands,E10000026,Shropshire,Total,60100,2062,50,0.03430948419301165,0.0008319467554076539
Autumn Term,202324,Local Authority,E92000001,England,E12000009,South West,E10000027,Somerset,Total,60100,1810,56,0.030116472545757073,0.0009317803660565724
Autumn Term,202324,Local Authority,E92000001,England,E12000005,West Midlands,E10000028,Staffordshire,Total,30200,1109,58,0.03672185430463576,0.0019205298013245033
Autumn Term,202324,Local Authority,E92000001,England,E12000006,East of England,E10000029,Suffolk,Total,60100,1879,71,0.031264559068219636,0.0011813643926788687
Autumn Term,202324,Local Authority,E92000001,England,E12000008,South East,E10000030,Surrey,Total,30200,1121,56,0.03711920529801325,0.0018543046357615894
Autumn Term,202324,Local Authority,E92000001,England,E12000005,West Midlands,E10000031,Warwickshire,Total,60100,2000,59,0.033277870216306155,0.0009816971713810317
Autumn Term,202324,Local Authority,E92000001,England,E12000008,South East,E10000032,West Sussex,Total,60100,1798,52,0.029916805324459235,0.00086522462562396
Autumn Term,202324,Local Authority,E92000001,England,E12000009,South West,E10000033,Wiltshire,Total,30200,1065,51,0.03526490066225166,0.0016887417218543047
Autumn Term,202324,Local Authority,E92000001,England,E12000005,West Midlands,E10000034,Worcestershire,Total,30200,1198,81,0.03966887417218543,0.002682119205298013
Autumn Term,202425,Local Authority,E92000001,England,E12000001,North East,E06000001,Hartlepool,Total,90000,2781,54,0.0309,0.0006
Autumn Term,202425,Local Authority,E92000001,England,E12000001,North East,E06000002,Middlesbrough,Total,90000,2828,58,0.03142222222222222,0.0006444444444444444
Autumn Term,202425,Local Authority,E92000001,England,E12000001,North East,E06000003,Redcar and Cleveland,Total,30200,1198,57,0.03966887417218543,0.0018874172185430465
Autumn Term,202425,Local Authority,E92000001,England,E12000001,North East,E06000004,Stockton-on-Tees,Total,30200,1198,54,0.03966887417218543,0.0017880794701986755
Autumn Term,202425,Local Authority,E92000001,England,E12000001,North East,E06000005,Darlington,Total,60100,1868,56,0.03108153078202995,0.0009317803660565724
Autumn Term,202425,Local Authority,E92000001,England,E12000002,North West,E06000006,Halton,Total,300,297,54,0.99,0.18
Autumn Term,202425,Local Authority,E92000001,England,E12000002,North West,E06000007,Warrington,Total,30200,1146,68,0.03794701986754967,0.002251655629139073
Autumn Term,202425,Local Authority,E92000001,England,E12000002,North West,E06000008,Blackburn with Darwen,Total,30200,1198,68,0.03966887417218543,0.002251655629139073
Autumn Term,202425,Local Authority,E92000001,England,E12000002,North West,E06000009,Blackpool,Total,90000,2424,69,0.026933333333333333,0.0007666666666666667
Autumn Term,202425,Local Authority,E92000001,England,E12000003,Yorkshire and The Humber,E06000010,"Kingston upon Hull, City of",Total,60100,1823,47,0.03033277870216306,0.0007820299500831947
Autumn Term,202425,Local Authority,E92000001,England,E12000003,Yorkshire and The Humber,E06000011,East Riding of Yorkshire,Total,60100,1767,59,0.029400998336106487,0.0009816971713810317
Autumn Term,202425,Local Authority,E92000001,England,E12000003,Yorkshire and The Humber,E06000012,North East Lincolnshire,Total,90000,2782,46,0.03091111111111111,0.0005111111111111112
Autumn Term,202425,Local Authority,E92000001,England,E12000003,Yorkshire and The Humber,E06000013,North Lincolnshire,Total,90000,2411,62,0.02678888888888889,0.0006888888888888888
Autumn Term,202425,Local Authority,E92000001,England,E12000003,Yorkshire and The Humber,E06000014,York,Total,30200,1198,59,0.03966887417218543,0.0019536423841059604
Autumn Term,202425,Local Authority,E92000001,England,E12000004,East Midlands,E06000015,Derby,Total,300,297,57,0.99,0.19
Autumn Term,202425,Local Authority,E92000001,England,E12000004,East Midlands,E06000016,Leicester,Total,30200,1148,65,0.03801324503311258,0.002152317880794702
Autumn Term,202425,Local Authority,E92000001,England,E12000004,East Midlands,E06000017,Rutland,Total,60100,2043,71,0.03399334442595674,0.0011813643926788687
Autumn Term,202425,Local Authority,E92000001,England,E12000004,East Midlands,E06000018,Nottingham,Total,60100,2032,58,0.03381031613976705,0.0009650582362728785
Autumn Term,202425,Local Authority,E92000001,England,E12000005,West Midlands,E06000019,"Herefordshire, County of",Total,30200,1039,62,0.03440397350993377,0.0020529801324503313
Autumn Term,202425,Local Authority,E92000001,England,E12000005,West Midlands,E06000020,Telford and Wrekin,Total,30200,1198,73,0.03966887417218543,0.0024172185430463575
Autumn Term,202425,Local Authority,E92000001,England,E12000005,West Midlands,E06000021,Stoke-on-Trent,Total,30200,1198,53,0.03966887417218543,0.0017549668874172186
Autumn Term,202425,Local Authority,E92000001,England,E12000009,South West,E06000022,Bath and North East Somerset,Total,30200,1072,49,0.035496688741721856,0.0016225165562913908
Autumn Term,202425,Local Authority,E92000001,England,E12000009,South West,E06000023,"Bristol, City of",Total,90000,2748,64,0.030533333333333332,0.0007111111111111111
Autumn Term,202425,Local Authority,E92000001,England,E12000009,South West,E06000024,North Somerset,Total,30200,1028,72,0.03403973509933775,0.0023841059602649007
Autumn Term,202425,Local Authority,E92000001,England,E12000009,South West,E06000025,South Gloucestershire,Total,60100,2099,64,0.03492512479201331,0.001064891846921797
Autumn Term,202425,Local Authority,E92000001,England,E12000009,South West,E06000026,Plymouth,Total,30200,1163,56,0.038509933774834436,0.0018543046357615894
Autumn Term,202425,Local Authority,E92000001,England,E12000009,South West,E06000027,Torbay,Total,300,297,55,0.99,0.18333333333333332
Autumn Term,202425,Local Authority,E92000001,England,E12000009,South West,E06000028,Bournemouth,Total,90000,2969,57,0.03298888888888889,0.0006333333333333333
Autumn Term,202425,Local Authority,E92000001,England,E12000009,South West,E06000029,Poole,Total,90000,2457,52,0.0273,0.0005777777777777778
Autumn Term,202425,Local Authority,E92000001,England,E12000009,South West,E06000030,Swindon,Total,90000,2803,62,0.031144444444444443,0.0006888888888888888
Autumn Term,202425,Local Authority,E92000001,England,E12000006,East of England,E06000031,Peterborough,Total,60100,1880,65,0.031281198003327786,0.0010815307820299502
Autumn Term,202425,Local Authority,E92000001,England,E12000006,East of England,E06000032,Luton,Total,90000,2656,70,0.02951111111111111,0.0007777777777777777
Autumn Term,202425,Local Authority,E92000001,England,E12000006,East of England,E06000033,Southend-on-Sea,Total,30200,1167,60,0.03864238410596026,0.001986754966887417
Autumn Term,202425,Local Authority,E92000001,England,E12000006,East of England,E06000034,Thurrock,Total,60100,2064,51,0.034342762063227956,0.000848585690515807
Autumn Term,202425,Local Authority,E92000001,England,E12000008,South East,E06000035,Medway,Total,300,297,56,0.99,0.18666666666666668
Autumn Term,202425,Local Authority,E92000001,England,E12000008,South East,E06000036,Bracknell Forest,Total,60100,1919,57,0.031930116472545754,0.0009484193011647255
Autumn Term,202425,Local Authority,E92000001,England,E12000008,South East,E06000037,West Berkshire,Total,90000,2688,72,0.029866666666666666,0.0008
Autumn Term,202425,Local Authority,E92000001,England,E12000008,South East,E06000038,Reading,Total,90000,2699,64,0.029988888888888888,0.0007111111111111111
Autumn Term,202425,Local Authority,E92000001,England,E12000008,South East,E06000039,Slough,Total,60100,1620,61,0.02695507487520799,0.0010149750415973378
Autumn Term,202425,Local Authority,E92000001,England,E12000008,South East,E06000040,Windsor and Maidenhead,Total,30200,1174,53,0.03887417218543046,0.0017549668874172186
Autumn Term,202425,Local Authority,E92000001,England,E12000008,South East,E06000041,Wokingham,Total,60100,1703,56,0.028336106489184693,0.0009317803660565724
Autumn Term,202425,Local Authority,E92000001,England,E12000008,South East,E06000042,Milton Keynes,Total,30200,1047,69,0.03466887417218543,0.0022847682119205297
Autumn Term,202425,Local Authority,E92000001,England,E12000008,South East,E06000043,Brighton and Hove,Total,90000,2668,69,0.029644444444444445,0.0007666666666666667
Autumn Term,202425,Local Authority,E92000001,England,E12000008,South East,E06000044,Portsmouth,Total,30200,1198,59,0.03966887417218543,0.0019536423841059604
Autumn Term,202425,Local Authority,E92000001,England,E12000008,South East,E06000045,Southampton,Total,60100,1741,57,0.028968386023294507,0.0009484193011647255
Autumn Term,202425,Local Authority,E92000001,England,E12000008,South East,E06000046,Isle of Wight,Total,30200,1130,58,0.03741721854304636,0.0019205298013245033
Autumn Term,202425,Local Authority,E92000001,England,E12000001,North East,E06000047,County Durham,Total,90000,2737,70,0.03041111111111111,0.0007777777777777777
Autumn Term,202425,Local Authority,E92000001,England,E12000001,North East,E06000048,Northumberland,Total,90000,2748,76,0.030533333333333332,0.0008444444444444444
Autumn Term,202425,Local Authority,E92000001,England,E12000002,North West,E06000049,Cheshire East,Total,60100,1909,59,0.031763727121464226,0.0009816971713810317
Autumn Term,202425,Local Authority,E92000001,England,E12000002,North West,E06000050,Cheshire West and Chester,Total,30200,977,57,0.03235099337748344,0.0018874172185430465
Autumn Term,202425,Local Authority,E92000001,England,E12000005,West Midlands,E06000051,Shropshire,Total,60100,1799,52,0.02993344425956739,0.00086522462562396
Autumn Term,202425,Local Authority,E92000001,England,E12000009,South West,E06000052,Cornwall,Total,90000,2948,73,0.03275555555555556,0.0008111111111111111
Autumn Term,202425,Local Authority,E92000001,England,E12000009,South West,E06000053,Isles of Scilly,Total,60100,2091,59,0.03479201331114808,0.0009816971713810317
Autumn Term,202425,Local Authority,E92000001,England,E12000009,South West,E06000054,Wiltshire,Total,60100,1649,55,0.027437603993344425,0.0009151414309484193
Autumn Term,202425,Local Authority,E92000001,England,E12000006,East of England,E06000055,Bedford,Total,60100,1631,50,0.02713810316139767,0.0008319467554076539
Autumn Term,202425,Local Authority,E92000001,England,E12000006,East of England,E06000056,Central Bedfordshire,Total,60100,1966,47,0.03271214642262895,0.0007820299500831947
Autumn Term,202425,Local Authority,E92000001,England,E12000001,North East,E06000057,Northumberland,Total,300,297,81,0.99,0.27
Autumn Term,202425,Local Authority,E92000001,England,E12000009,South West,E06000058,"Bournemouth, Christchurch and Poole",Total,60100,1635,52,0.027204658901830284,0.00086522462562396
Autumn Term,202425,Local Authority,E92000001,England,E12000009,South West,E06000059,Dorset,Total,30200,1191,68,0.039437086092715234,0.002251655629139073
Autumn Term,202425,Local Authority,E92000001,England,E12000008,South East,E06000060,Buckinghamshire,Total,90000,2625,75,0.029166666666666667,0.0008333333333333334
Autumn Term,202425,Local Authority,E92000001,England,E12000004,East Midlands,E06000061,North Northamptonshire,Total,60100,1621,65,0.02697171381031614,0.0010815307820299502
Autumn Term,202425,Local Authority,E92000001,England,E12000004,East Midlands,E06000062,West Northamptonshire,Total,60100,2069,64,0.03442595673876872,0.001064891846921797
Autumn Term,202425,Local Authority,E92000001,England,E12000002,North West,E06000063,Cumberland,Total,60100,2099,68,0.03492512479201331,0.0011314475873544093
Autumn Term,202425,Local Authority,E92000001,England,E12000002,North West,E06000064,Westmorland and Furness,Total,90000,2725,68,0.03027777777777778,0.0007555555555555555
Autumn Term,202425,Local Authority,E92000001,England,E12000003,Yorkshire and The Humber,E06000065,North Yorkshire,Total,60100,1890,56,0.03144758735440932,0.0009317803660565724
Autumn Term,202425,Local Authority,E92000001,England,E12000009,South West,E06000066,Somerset,Total,30200,1198,52,0.03966887417218543,0.0017218543046357616
Autumn Term,202425,Local Authority,E92000001,England,E12000002,North West,E08000001,Bolton,Total,60100,2043,60,0.03399334442595674,0.0009983361064891847
Autumn Term,202425,Local Authority,E92000001,England,E12000002,North West,E08000002,Bury,Total,60100,1662,66,0.027653910149750417,0.0010981697171381032
Autumn Term,202425,Local Authority,E92000001,England,E12000002,North West,E08000003,Manchester,Total,30200,918,54,0.030397350993377485,0.0017880794701986755
Autumn Term,202425,Local Authority,E92000001,England,E12000002,North West,E08000004,Oldham,Total,60100,1857,74,0.030898502495840266,0.0012312811980033278
Autumn Term,202425,Local Authority,E92000001,England,E12000002,North West,E08000005,Rochdale,Total,60100,1642,61,0.027321131447587355,0.0010149750415973378
Autumn Term,202425,Local Authority,E92000001,England,E12000002,North West,E08000006,Salford,Total,60100,1826,53,0.030382695507487522,0.0008818635607321132
Autumn Term,202425,Local Authority,E92000001,England,E12000002,North West,E08000007,Stockport,Total,30200,1198,42,0.03966887417218543,0.001390728476821192
Autumn Term,202425,Local Authority,E92000001,England,E12000002,North West,E08000008,Tameside,Total,30200,972,74,0.03218543046357616,0.002450331125827815
Autumn Term,202425,Local Authority,E92000001,England,E12000002,North West,E08000009,Trafford,Total,60100,2099,52,0.03492512479201331,0.00086522462562396
Autumn Term,202425,Local Authority,E92000001,England,E12000002,North West,E08000010,Wigan,Total,60100,1742,66,0.02898502495840266,0.0010981697171381032
Autumn Term,202425,Local Authority,E92000001,England,E12000002,North West,E08000011,Knowsley,Total,30200,1110,62,0.036754966887417216,0.0020529801324503313
Autumn Term,202425,Local Authority,E92000001,England,E12000002,North West,E08000012,Liverpool,Total,60100,2011,65,0.03346089850249584,0.0010815307820299502
Autumn Term,202425,Local Authority,E92000001,England,E12000002,North West,E08000013,St. Helens,Total,60100,2099,61,0.03492512479201331,0.0010149750415973378
Autumn Term,202425,Local Authority,E92000001,England,E12000002,North West,E08000014,Sefton,Total,60100,1973,55,0.03282861896838602,0.0009151414309484193
Autumn Term,202425,Local Authority,E92000001,England,E12000002,North West,E08000015,Wirral,Total,60100,1927,52,0.03206322795341098,0.00086522462562396
Autumn Term,202425,Local Authority,E92000001,England,E12000003,Yorkshire and The Humber,E08000016,Barnsley,Total,30200,1198,71,0.03966887417218543,0.002350993377483444
Autumn Term,202425,Local Authority,E92000001,England,E12000003,Yorkshire and The Humber,E08000017,Doncaster,Total,60100,1888,64,0.03141430948419301,0.001064891846921797
Autumn Term,202425,Local Authority,E92000001,England,E12000003,Yorkshire and The Humber,E08000018,Rotherham,Total,60100,2099,53,0.03492512479201331,0.0008818635607321132
Autumn Term,202425,Local Authority,E92000001,England,E12000003,Yorkshire and The Humber,E08000019,Sheffield,Total,30200,921,54,0.030496688741721855,0.0017880794701986755
Autumn Term,202425,Local Authority,E92000001,England,E12000001,North East,E08000020,Gateshead,Total,60100,1887,56,0.031397670549084856,0.0009317803660565724
Autumn Term,202425,Local Authority,E92000001,England,E12000001,North East,E08000021,Newcastle upon Tyne,Total,60100,1900,77,0.03161397670549085,0.001281198003327787
Autumn Term,202425,Local Authority,E92000001,England,E12000001,North East,E08000022,North Tyneside,Total,30200,1177,71,0.03897350993377483,0.002350993377483444
Autumn Term,202425,Local Authority,E92000001,England,E12000001,North East,E08000023,South Tyneside,Total,60100,1903,66,0.031663893510815305,0.0010981697171381032
Autumn Term,202425,Local Authority,E92000001,England,E12000001,North East,E08000024,Sunderland,Total,60100,1639,55,0.027271214642262894,0.0009151414309484193
Autumn Term,202425,Local Authority,E92000001,England,E12000005,West Midlands,E08000025,Birmingham,Total,30200,1087,66,0.03599337748344371,0.002185430463576159
Autumn Term,202425,Local Authority,E92000001,England,E12000005,West Midlands,E08000026,Coventry,Total,30200,966,48,0.03198675496688742,0.0015894039735099338
Autumn Term,202425,Local Authority,E92000001,England,E12000005,West Midlands,E08000027,Dudley,Total,30200,1197,62,0.039635761589403976,0.0020529801324503313
Autumn Term,202425,Local Authority,E92000001,England,E12000005,West Midlands,E08000028,Sandwell,Total,300,297,51,0.99,0.17
Autumn Term,202425,Local Authority,E92000001,England,E12000005,West Midlands,E08000029,Solihull,Total,60100,1798,66,0.029916805324459235,0.0010981697171381032
Autumn Term,202425,Local Authority,E92000001,England,E12000005,West Midlands,E08000030,Walsall,Total,30200,1198,65,0.03966887417218543,0.002152317880794702
Autumn Term,202425,Local Authority,E92000001,England,E12000005,West Midlands,E08000031,Wolverhampton,Total,60100,1898,54,0.03158069883527454,0.0008985024958402662
Autumn Term,202425,Local Authority,E92000001,England,E12000003,Yorkshire and The Humber,E08000032,Bradford,Total,300,297,50,0.99,0.16666666666666666
Autumn Term,202425,Local Authority,E92000001,England,E12000003,Yorkshire and The Humber,E08000033,Calderdale,Total,30200,1094,57,0.03622516556291391,0.0018874172185430465
Autumn Term,202425,Local Authority,E92000001,England,E12000003,Yorkshire and The Humber,E08000034,Kirklees,Total,90000,2603,57,0.02892222222222222,0.0006333333333333333
Autumn Term,202425,Local Authority,E92000001,England,E12000003,Yorkshire and The Humber,E08000035,Leeds,Total,60100,1928,55,0.03207986688851913,0.0009151414309484193
Autumn Term,202425,Local Authority,E92000001,England,E12000003,Yorkshire and The Humber,E08000036,Wakefield,Total,60100,2058,48,0.034242928452579036,0.0007986688851913477
Autumn Term,202425,Local Authority,E92000001,England,E12000001,North East,E08000037,Gateshead,Total,90000,2690,64,0.02988888888888889,0.0007111111111111111
Autumn Term,202425,Local Authority,E92000001,England,E12000003,Yorkshire and The Humber,E08000038,Barnsley,Total,60100,1803,56,0.03,0.0009317803660565724
Autumn Term,202425,Local Authority,E92000001,England,E12000003,Yorkshire and The Humber,E08000039,Sheffield,Total,30200,1120,45,0.03708609271523179,0.001490066225165563
Autumn Term,202425,Local Authority,E92000001,England,E12000007,London,E09000001,City of London,Total,60100,2099,54,0.03492512479201331,0.0008985024958402662
Autumn Term,202425,Local Authority,E92000001,England,E12000007,London,E09000002,Barking and Dagenham,Total,90000,2948,58,0.03275555555555556,0.0006444444444444444
Autumn Term,202425,Local Authority,E92000001,England,E12000007,London,E09000003,Barnet,Total,60100,1881,63,0.03129783693843594,0.0010482529118136439
Autumn Term,202425,Local Authority,E92000001,England,E12000007,London,E09000004,Bexley,Total,30200,1157,53,0.038311258278145695,0.0017549668874172186
Autumn Term,202425,Local Authority,E92000001,England,E12000007,London,E09000005,Brent,Total,90000,2278,58,0.02531111111111111,0.0006444444444444444
Autumn Term,202425,Local Authority,E92000001,England,E12000007,London,E09000006,Bromley,Total,60100,1966,60,0.03271214642262895,0.0009983361064891847
Autumn Term,202425,Local Authority,E92000001,England,E12000007,London,E09000007,Camden,Total,90000,2842,69,0.03157777777777778,0.0007666666666666667
Autumn Term,202425,Local Authority,E92000001,England,E12000007,London,E09000008,Croydon,Total,60100,1711,55,0.028469217970049917,0.0009151414309484193
Autumn Term,202425,Local Authority,E92000001,England,E12000007,London,E09000009,Ealing,Total,90000,2910,59,0.03233333333333333,0.0006555555555555556
Autumn Term,202425,Local Authority,E92000001,England,E12000007,London,E09000010,Enfield,Total,90000,2912,60,0.032355555555555554,0.0006666666666666666
Autumn Term,202425,Local Authority,E92000001,England,E12000007,London,E09000011,Greenwich,Total,90000,2821,52,0.031344444444444446,0.0005777777777777778
Autumn Term,202425,Local Authority,E92000001,England,E12000007,London,E09000012,Hackney,Total,30200,974,47,0.03225165562913907,0.001556291390728477
Autumn Term,202425,Local Authority,E92000001,England,E12000007,London,E09000013,Hammersmith and Fulham,Total,30200,1142,59,0.03781456953642384,0.0019536423841059604
Autumn Term,202425,Local Authority,E92000001,England,E12000007,London,E09000014,Haringey,Total,300,297,50,0.99,0.16666666666666666
Autumn Term,202425,Local Authority,E92000001,England,E12000007,London,E09000015,Harrow,Total,90000,2666,57,0.029622222222222223,0.0006333333333333333
Autumn Term,202425,Local Authority,E92000001,England,E12000007,London,E09000016,Havering,Total,30200,774,62,0.02562913907284768,0.0020529801324503313
Autumn Term,202425,Local Authority,E92000001,England,E12000007,London,E09000017,Hillingdon,Total,30200,1198,61,0.03966887417218543,0.002019867549668874
Autumn Term,202425,Local Authority,E92000001,England,E12000007,London,E09000018,Hounslow,Total,90000,2971,61,0.03301111111111111,0.0006777777777777778
Autumn Term,202425,Local Authority,E92000001,England,E12000007,London,E09000019,Islington,Total,30200,908,61,0.030066225165562913,0.002019867549668874
Autumn Term,202425,Local Authority,E92000001,England,E12000007,London,E09000020,Kensington and Chelsea,Total,60100,1772,58,0.029484193011647255,0.0009650582362728785
Autumn Term,202425,Local Authority,E92000001,England,E12000007,London,E09000021,Kingston upon Thames,Total,300,297,60,0.99,0.2
Autumn Term,202425,Local Authority,E92000001,England,E12000007,London,E09000022,Lambeth,Total,300,297,58,0.99,0.19333333333333333
Autumn Term,202425,Local Authority,E92000001,England,E12000007,London,E09000023,Lewisham,Total,90000,2472,49,0.027466666666666667,0.0005444444444444444
Autumn Term,202425,Local Authority,E92000001,England,E12000007,London,E09000024,Merton,Total,90000,2743,66,0.030477777777777777,0.0007333333333333333
Autumn Term,202425,Local Authority,E92000001,England,E12000007,London,E09000025,Newham,Total,60100,2099,53,0.03492512479201331,0.0008818635607321132
Autumn Term,202425,Local Authority,E92000001,England,E12000007,London,E09000026,Redbridge,Total,60100,1973,63,0.03282861896838602,0.0010482529118136439
Autumn Term,202425,Local Authority,E92000001,England,E12000007,London,E09000027,Richmond upon Thames,Total,300,297,65,0.99,0.21666666666666667
Autumn Term,202425,Local Authority,E92000001,England,E12000007,London,E09000028,Southwark,Total,60100,1882,57,0.03131447587354409,0.0009484193011647255
Autumn Term,202425,Local Authority,E92000001,England,E12000007,London,E09000029,Sutton,Total,30200,1198,62,0.03966887417218543,0.0020529801324503313
Autumn Term,202425,Local Authority,E92000001,England,E12000007,London,E09000030,Tower Hamlets,Total,30200,1167,69,0.03864238410596026,0.0022847682119205297
Autumn Term,202425,Local Authority,E92000001,England,E12000007,London,E09000031,Waltham Forest,Total,60100,1943,81,0.03232945091514143,0.0013477537437603993
Autumn Term,202425,Local Authority,E92000001,England,E12000007,London,E09000032,Wandsworth,Total,90000,2915,57,0.03238888888888889,0.0006333333333333333
Autumn Term,202425,Local Authority,E92000001,England,E12000007,London,E09000033,Westminster,Total,90000,2554,62,0.028377777777777776,0.0006888888888888888
Autumn Term,202425,Local Authority,E92000001,England,E12000006,East of England,E10000001,Bedfordshire,Total,60100,1904,61,0.03168053244592346,0.0010149750415973378
Autumn Term,202425,Local Authority,E92000001,England,E12000008,South East,E10000002,Buckinghamshire,Total,60100,1820,68,0.0302828618968386,0.0011314475873544093
Autumn Term,202425,Local Authority,E92000001,England,E12000006,East of England,E10000003,Cambridgeshire,Total,30200,889,53,0.029437086092715233,0.0017549668874172186
Autumn Term,202425,Local Authority,E92000001,England,E12000002,North West,E10000004,Cheshire,Total,90000,2516,59,0.027955555555555556,0.0006555555555555556
Autumn Term,202425,Local Authority,E92000001,England,E12000009,South West,E10000005,Cornwall and Isles of Scilly,Total,30200,965,63,0.03195364238410596,0.002086092715231788
Autumn Term,202425,Local Authority,E92000001,England,E12000002,North West,E10000006,Cumbria,Total,90000,2748,53,0.030533333333333332,0.0005888888888888889
Autumn Term,202425,Local Authority,E92000001,England,E12000004,East Midlands,E10000007,Derbyshire,Total,30200,1032,64,0.034172185430463575,0.002119205298013245
Autumn Term,202425,Local Authority,E92000001,England,E12000009,South West,E10000008,Devon,Total,60100,1865,59,0.03103161397670549,0.0009816971713810317
Autumn Term,202425,Local Authority,E92000001,England,E12000009,South West,E10000009,Dorset,Total,60100,1763,53,0.029334442595673877,0.0008818635607321132
Autumn Term,202425,Local Authority,E92000001,England,E12000001,North East,E10000010,Durham,Total,60100,2077,63,0.03455906821963394,0.0010482529118136439
Autumn Term,202425,Local Authority,E92000001,England,E12000008,South East,E10000011,East Sussex,Total,60100,2077,69,0.03455906821963394,0.0011480865224625623
Autumn Term,202425,Local Authority,E92000001,England,E12000006,East of England,E10000012,Essex,Total,30200,1037,51,0.03433774834437086,0.0016887417218543047
Autumn Term,202425,Local Authority,E92000001,England,E12000009,South West,E10000013,Gloucestershire,Total,90000,2915,60,0.03238888888888889,0.0006666666666666666
Autumn Term,202425,Local Authority,E92000001,England,E12000008,South East,E10000014,Hampshire,Total,60100,2091,76,0.03479201331114808,0.0012645590682196339
Autumn Term,202425,Local Authority,E92000001,England,E12000006,East of England,E10000015,Hertfordshire,Total,60100,1631,58,0.02713810316139767,0.0009650582362728785
Autumn Term,202425,Local Authority,E92000001,England,E12000008,South East,E10000016,Kent,Total,30200,1198,52,0.03966887417218543,0.0017218543046357616
Autumn Term,202425,Local Authority,E92000001,England,E12000002,North West,E10000017,Lancashire,Total,90000,2963,53,0.03292222222222222,0.0005888888888888889
Autumn Term,202425,Local Authority,E92000001,England,E12000004,East Midlands,E10000018,Leicestershire,Total,30200,1198,56,0.03966887417218543,0.0018543046357615894
Autumn Term,202425,Local Authority,E92000001,England,E12000004,East Midlands,E10000019,Lincolnshire,Total,60100,1974,56,0.03284525790349418,0.0009317803660565724
Autumn Term,202425,Local Authority,E92000001,England,E12000006,East of England,E10000020,Norfolk,Total,90000,2817,55,0.0313,0.0006111111111111111
Autumn Term,202425,Local Authority,E92000001,England,E12000004,East Midlands,E10000021,Northamptonshire,Total,60100,1849,59,0.03076539101497504,0.0009816971713810317
Autumn Term,202425,Local Authority,E92000001,England,E12000001,North East,E10000022,Northumberland,Total,60100,1966,68,0.03271214642262895,0.0011314475873544093
Autumn Term,202425,Local Authority,E92000001,England,E12000003,Yorkshire and The Humber,E10000023,North Yorkshire,Total,60100,1907,57,0.03173044925124792,0.0009484193011647255
Autumn Term,202425,Local Authority,E92000001,England,E12000004,East Midlands,E10000024,Nottinghamshire,Total,90000,3000,67,0.03333333333333333,0.0007444444444444445
Autumn Term,202425,Local Authority,E92000001,England,E12000008,South East,E10000025,Oxfordshire,Total,60100,2027,65,0.03372712146422629,0.0010815307820299502
Autumn Term,202425,Local Authority,E92000001,England,E12000005,West Midlands,E10000026,Shropshire,Total,60100,1891,63,0.03146422628951747,0.0010482529118136439
Autumn Term,202425,Local Authority,E92000001,England,E12000009,South West,E10000027,Somerset,Total,30200,915,68,0.030298013245033114,0.002251655629139073
Autumn Term,202425,Local Authority,E92000001,England,E12000005,West Midlands,E10000028,Staffordshire,Total,30200,1003,42,0.03321192052980133,0.001390728476821192
Autumn Term,202425,Local Authority,E92000001,England,E12000006,East of England,E10000029,Suffolk,Total,90000,2784,55,0.030933333333333334,0.0006111111111111111
Autumn Term,202425,Local Authority,E92000001,England,E12000008,South East,E10000030,Surrey,Total,60100,1861,63,0.03096505823627288,0.0010482529118136439
Autumn Term,202425,Local Authority,E92000001,England,E12000005,West Midlands,E10000031,Warwickshire,Total,30200,1177,63,0.03897350993377483,0.002086092715231788
Autumn Term,202425,Local Authority,E92000001,England,E12000008,South East,E10000032,West Sussex,Total,60100,1859,61,0.030931780366056573,0.0010149750415973378
Autumn Term,202425,Local Authority,E92000001,England,E12000009,South West,E10000033,Wiltshire,Total,30200,1080,56,0.03576158940397351,0.0018543046357615894
Autumn Term,202425,Local Authority,E92000001,England,E12000005,West Midlands,E10000034,Worcestershire,Total,60100,1854,54,0.030848585690515806,0.0008985024958402662
Autumn Term,201819,Regional,E92000001,England,E12000001,North East,,,Primary,330500,10993,331,0.033261724659606653,0.0010015128593040847
Autumn Term,201819,Regional,E92000001,England,E12000002,North West,,,Primary,391300,13246,476,0.03385126501405571,0.001216457960644007
Autumn Term,201819,Regional,E92000001,England,E12000003,Yorkshire and The Humber,,,Primary,360600,11604,346,0.03217970049916805,0.0009595119245701608
Autumn Term,201819,Regional,E92000001,England,E12000004,East Midlands,,,Primary,240300,7543,228,0.031389929255097794,0.0009488139825218477
Autumn Term,201819,Regional,E92000001,England,E12000005,West Midlands,,,Primary,300500,9243,293,0.03075873544093178,0.0009750415973377703
Autumn Term,201819,Regional,E92000001,England,E12000006,East of England,,,Primary,240400,7286,237,0.030307820299500833,0.0009858569051580698
Autumn Term,201819,Regional,E92000001,England,E12000007,London,,,Primary,750800,23532,660,0.03134256792754395,0.0008790623335109217
Autumn Term,201819,Regional,E92000001,England,E12000008,South East,,,Primary,360800,11605,403,0.032164634146341464,0.0011169623059866963
Autumn Term,201819,Regional,E92000001,England,E12000009,South West,,,Primary,390800,12661,431,0.03239764585465711,0.0011028659160696008
Autumn Term,201819,Regional,E92000001,England,E12000001,North East,,,Secondary,240800,8488,300,0.035249169435215943,0.0012458471760797341
Autumn Term,201819,Regional,E92000001,England,E12000002,North West,,,Secondary,421200,13901,528,0.03300332383665717,0.0012535612535612536
Autumn Term,201819,Regional,E92000001,England,E12000003,Yorkshire and The Humber,,,Secondary,241000,8457,396,0.035091286307053944,0.0016431535269709543
Autumn Term,201819,Regional,E92000001,England,E12000004,East Midlands,,,Secondary,210400,6635,212,0.031535171102661595,0.0010076045627376426
Autumn Term,201819,Regional,E92000001,England,E12000005,West Midlands,,,Secondary,240700,7802,272,0.032413793103448274,0.0011300373909430828
Autumn Term,201819,Regional,E92000001,England,E12000006,East of England,,,Secondary,150700,5615,270,0.037259455872594556,0.0017916390179163902
Autumn Term,201819,Regional,E92000001,England,E12000007,London,,,Secondary,631200,20871,638,0.03306558935361217,0.0010107731305449936
Autumn Term,201819,Regional,E92000001,England,E12000008,South East,,,Secondary,271100,9280,409,0.034230911102914055,0.0015086683880486905
Autumn Term,201819,Regional,E92000001,England,E12000009,South West,,,Secondary,450600,14010,410,0.031091877496671104,0.0009098979138925877
Autumn Term,201819,Regional,E92000001,England,E12000001,North East,,,Special,390300,12135,284,0.031091468101460414,0.0007276454009736101
Autumn Term,201819,Regional,E92000001,England,E12000002,North West,,,Special,361400,12131,495,0.0335666851134477,0.0013696734919756502
Autumn Term,201819,Regional,E92000001,England,E12000003,Yorkshire and The Humber,,,Special,360600,12021,380,0.03333610648918469,0.0010537992235163617
Autumn Term,201819,Regional,E92000001,England,E12000004,East Midlands,,,Special,210400,6463,207,0.03071768060836502,0.0009838403041825094
Autumn Term,201819,Regional,E92000001,England,E12000005,West Midlands,,,Special,210800,6786,300,0.03219165085388994,0.0014231499051233396
Autumn Term,201819,Regional,E92000001,England,E12000006,East of England,,,Special,150700,5463,246,0.036250829462508294,0.001632382216323822
Autumn Term,201819,Regional,E92000001,England,E12000007,London,,,Special,631200,20326,693,0.032202154626109,0.0010979087452471484
Autumn Term,201819,Regional,E92000001,England,E12000008,South East,,,Special,390700,12659,380,0.03240081904274379,0.0009726132582544151
Autumn Term,201819,Regional,E92000001,England,E12000009,South West,,,Special,331000,11427,424,0.0345226586102719,0.0012809667673716013
Autumn Term,201920,Regional,E92000001,England,E12000001,North East,,,Primary,270700,8887,330,0.03282970077576653,0.0012190616919098634
Autumn Term,201920,Regional,E92000001,England,E12000002,North West,,,Primary,481000,15883,513,0.033020790020790024,0.0010665280665280664
Autumn Term,201920,Regional,E92000001,England,E12000003,Yorkshire and The Humber,,,Primary,450300,13611,343,0.03022651565622918,0.000761714412613813
Autumn Term,201920,Regional,E92000001,England,E12000004,East Midlands,,,Primary,240300,7353,232,0.030599250936329588,0.0009654598418643363
Autumn Term,201920,Regional,E92000001,England,E12000005,West Midlands,,,Primary,240700,8330,327,0.03460739509763191,0.0013585375986705443
Autumn Term,201920,Regional,E92000001,England,E12000006,East of England,,,Primary,270300,8654,254,0.03201627820939697,0.0009396966333703292
Autumn Term,201920,Regional,E92000001,England,E12000007,London,,,Primary,750800,24008,674,0.03197655833777304,0.0008977091102823655
Autumn Term,201920,Regional,E92000001,England,E12000008,South East,,,Primary,390700,12841,400,0.03286664960327617,0.0010238034297414896
Autumn Term,201920,Regional,E92000001,England,E12000009,South West,,,Primary,301100,10401,416,0.03454334108269678,0.001381600797077383
Autumn Term,201920,Regional,E92000001,England,E12000001,North East,,,Secondary,210900,7335,302,0.03477951635846373,0.0014319582740635372
Autumn Term,201920,Regional,E92000001,England,E12000002,North West,,,Secondary,421200,14417,451,0.034228395061728395,0.0010707502374169041
Autumn Term,201920,Regional,E92000001,England,E12000003,Yorkshire and The Humber,,,Secondary,360600,11694,359,0.03242928452579035,0.0009955629506378258
Autumn Term,201920,Regional,E92000001,England,E12000004,East Midlands,,,Secondary,150600,5028,226,0.03338645418326693,0.00150066401062417
Autumn Term,201920,Regional,E92000001,England,E12000005,West Midlands,,,Secondary,210800,7472,287,0.03544592030360531,0.0013614800759013282
Autumn Term,201920,Regional,E92000001,England,E12000006,East of England,,,Secondary,180600,5867,232,0.032486157253599116,0.0012846068660022148
Autumn Term,201920,Regional,E92000001,England,E12000007,London,,,Secondary,541500,18290,674,0.03377654662973222,0.0012446906740535548
Autumn Term,201920,Regional,E92000001,England,E12000008,South East,,,Secondary,330900,11060,395,0.033423995164702326,0.001193714113025083
Autumn Term,201920,Regional,E92000001,England,E12000009,South West,,,Secondary,271200,9422,451,0.03474188790560472,0.0016629793510324483
Autumn Term,201920,Regional,E92000001,England,E12000001,North East,,,Special,330500,10502,310,0.03177609682299546,0.0009379727685325265
Autumn Term,201920,Regional,E92000001,England,E12000002,North West,,,Special,481000,16379,507,0.034051975051975054,0.001054054054054054
Autumn Term,201920,Regional,E92000001,England,E12000003,Yorkshire and The Humber,,,Special,151300,5809,364,0.03839391936549901,0.0024058162590879046
Autumn Term,201920,Regional,E92000001,England,E12000004,East Midlands,,,Special,120700,3733,202,0.030927920463960232,0.0016735708367854184
Autumn Term,201920,Regional,E92000001,England,E12000005,West Midlands,,,Special,300500,9599,327,0.03194342762063228,0.0010881863560732114
Autumn Term,201920,Regional,E92000001,England,E12000006,East of England,,,Special,180600,6045,229,0.033471760797342195,0.0012679955703211517
Autumn Term,201920,Regional,E92000001,England,E12000007,London,,,Special,571400,18256,660,0.03194959747987399,0.0011550577528876443
Autumn Term,201920,Regional,E92000001,England,E12000008,South East,,,Special,420600,13256,397,0.031516880646695195,0.000943889681407513
Autumn Term,201920,Regional,E92000001,England,E12000009,South West,,,Special,360900,11457,434,0.03174563591022444,0.0012025491825990579
Autumn Term,202021,Regional,E92000001,England,E12000001,North East,,,Primary,270700,8939,318,0.03302179534540081,0.0011747321758404138
Autumn Term,202021,Regional,E92000001,England,E12000002,North West,,,Primary,481000,15499,553,0.03222245322245322,0.0011496881496881497
Autumn Term,202021,Regional,E92000001,England,E12000003,Yorkshire and The Humber,,,Primary,390500,12338,359,0.03159539052496799,0.0009193341869398208
Autumn Term,202021,Regional,E92000001,England,E12000004,East Midlands,,,Primary,240300,7822,206,0.03255097794423637,0.0008572617561381607
Autumn Term,202021,Regional,E92000001,England,E12000005,West Midlands,,,Primary,270600,8628,287,0.03188470066518847,0.0010606060606060607
Autumn Term,202021,Regional,E92000001,England,E12000006,East of England,,,Primary,270300,8674,244,0.03209027007029227,0.0009027007029226785
Autumn Term,202021,Regional,E92000001,England,E12000007,London,,,Primary,601300,19733,688,0.03281722933643772,0.0011441875935473142
Autumn Term,202021,Regional,E92000001,England,E12000008,South East,,,Primary,420600,13346,388,0.03173086067522587,0.000922491678554446
Autumn Term,202021,Regional,E92000001,England,E12000009,South West,,,Primary,331000,11093,445,0.03351359516616314,0.0013444108761329306
Autumn Term,202021,Regional,E92000001,England,E12000001,North East,,,Secondary,300600,9186,306,0.030558882235528943,0.0010179640718562875
Autumn Term,202021,Regional,E92000001,England,E12000002,North West,,,Secondary,510900,16409,548,0.032117831278136624,0.001072616950479546
Autumn Term,202021,Regional,E92000001,England,E12000003,Yorkshire and The Humber,,,Secondary,330700,10339,361,0.03126398548533414,0.0010916238282431207
Autumn Term,202021,Regional,E92000001,England,E12000004,East Midlands,,,Secondary,300100,9190,215,0.030623125624791737,0.0007164278573808731
Autumn Term,202021,Regional,E92000001,England,E12000005,West Midlands,,,Secondary,300500,9348,293,0.031108153078202996,0.0009750415973377703
Autumn Term,202021,Regional,E92000001,England,E12000006,East of England,,,Secondary,210500,6561,235,0.031168646080760094,0.0011163895486935866
Autumn Term,202021,Regional,E92000001,England,E12000007,London,,,Secondary,571400,18749,653,0.03281239061953098,0.001142807140357018
Autumn Term,202021,Regional,E92000001,England,E12000008,South East,,,Secondary,271100,9236,370,0.03406860936923645,0.0013648100331980818
Autumn Term,202021,Regional,E92000001,England,E12000009,South West,,,Secondary,510400,16179,440,0.031698667711598745,0.0008620689655172414
Autumn Term,202021,Regional,E92000001,England,E12000001,North East,,,Special,390300,11964,320,0.03065334358186011,0.0008198821419420958
Autumn Term,202021,Regional,E92000001,England,E12000002,North West,,,Special,510900,15995,479,0.03130749657467215,0.0009375611665688002
Autumn Term,202021,Regional,E92000001,England,E12000003,Yorkshire and The Humber,,,Special,360600,11669,371,0.03235995562950638,0.001028840820854132
Autumn Term,202021,Regional,E92000001,England,E12000004,East Midlands,,,Special,90800,3792,218,0.04176211453744493,0.0024008810572687224
Autumn Term,202021,Regional,E92000001,England,E12000005,West Midlands,,,Special,330400,10069,305,0.030475181598062954,0.0009231234866828087
Autumn Term,202021,Regional,E92000001,England,E12000006,East of England,,,Special,210500,6872,238,0.03264608076009501,0.0011306413301662708
Autumn Term,202021,Regional,E92000001,England,E12000007,London,,,Special,571400,18500,670,0.03237661883094155,0.0011725586279313965
Autumn Term,202021,Regional,E92000001,England,E12000008,South East,,,Special,390700,12444,398,0.03185052469925774,0.0010186844125927822
Autumn Term,202021,Regional,E92000001,England,E12000009,South West,,,Special,480500,15255,403,0.03174817898022893,0.0008387096774193549
Autumn Term,202122,Regional,E92000001,England,E12000001,North East,,,Primary,300600,9792,348,0.0325748502994012,0.001157684630738523
Autumn Term,202122,Regional,E92000001,England,E12000002,North West,,,Primary,451100,14251,512,0.031591664819330526,0.0011350033252050544
Autumn Term,202122,Regional,E92000001,England,E12000003,Yorkshire and The Humber,,,Primary,330700,10863,340,0.03284850317508316,0.0010281221651043241
Autumn Term,202122,Regional,E92000001,England,E12000004,East Midlands,,,Primary,240300,7907,228,0.03290470245526425,0.0009488139825218477
Autumn Term,202122,Regional,E92000001,England,E12000005,West Midlands,,,Primary,270600,8778,285,0.032439024390243903,0.0010532150776053216
Autumn Term,202122,Regional,E92000001,England,E12000006,East of England,,,Primary,240400,7722,253,0.03212146422628952,0.0010524126455906822
Autumn Term,202122,Regional,E92000001,England,E12000007,London,,,Primary,541500,18517,646,0.03419575253924284,0.001192982456140351
Autumn Term,202122,Regional,E92000001,England,E12000008,South East,,,Primary,420600,14118,386,0.03356633380884451,0.00091773656680932
Autumn Term,202122,Regional,E92000001,England,E12000009,South West,,,Primary,360900,12013,440,0.03328622887226378,0.0012191742865059574
Autumn Term,202122,Regional,E92000001,England,E12000001,North East,,,Secondary,240800,7391,335,0.030693521594684386,0.0013911960132890365
Autumn Term,202122,Regional,E92000001,England,E12000002,North West,,,Secondary,510900,17057,512,0.03338618124877667,0.0010021530632217655
Autumn Term,202122,Regional,E92000001,England,E12000003,Yorkshire and The Humber,,,Secondary,270900,9036,393,0.03335548172757475,0.0014507198228128461
Autumn Term,202122,Regional,E92000001,England,E12000004,East Midlands,,,Secondary,270200,8345,239,0.030884529977794225,0.0008845299777942264
Autumn Term,202122,Regional,E92000001,England,E12000005,West Midlands,,,Secondary,180900,6076,284,0.03358761746821448,0.0015699281370923162
Autumn Term,202122,Regional,E92000001,England,E12000006,East of England,,,Secondary,270300,8612,233,0.03186089530151683,0.0008620051794302626
Autumn Term,202122,Regional,E92000001,England,E12000007,London,,,Secondary,661100,21309,649,0.032232642565421264,0.0009816971713810317
Autumn Term,202122,Regional,E92000001,England,E12000008,South East,,,Secondary,390700,12037,395,0.030808804709495777,0.001011005886869721
Autumn Term,202122,Regional,E92000001,England,E12000009,South West,,,Secondary,360900,12427,425,0.03443336104183985,0.0011776115267387087
Autumn Term,202122,Regional,E92000001,England,E12000001,North East,,,Special,300600,9952,348,0.03310711909514305,0.001157684630738523
Autumn Term,202122,Regional,E92000001,England,E12000002,North West,,,Special,391300,12782,536,0.032665474060822895,0.0013697929976999744
Autumn Term,202122,Regional,E92000001,England,E12000003,Yorkshire and The Humber,,,Special,390500,11925,379,0.03053777208706786,0.000970550576184379
Autumn Term,202122,Regional,E92000001,England,E12000004,East Midlands,,,Special,210400,6954,228,0.033051330798479085,0.0010836501901140684
Autumn Term,202122,Regional,E92000001,England,E12000005,West Midlands,,,Special,300500,9502,282,0.03162063227953411,0.0009384359400998336
Autumn Term,202122,Regional,E92000001,England,E12000006,East of England,,,Special,180600,6155,239,0.034080841638981174,0.0013233665559246955
Autumn Term,202122,Regional,E92000001,England,E12000007,London,,,Special,661100,21265,658,0.03216608682498866,0.0009953108455604295
Autumn Term,202122,Regional,E92000001,England,E12000008,South East,,,Special,390700,12927,418,0.03308676734067059,0.0010698745840798567
Autumn Term,202122,Regional,E92000001,England,E12000009,South West,,,Special,360900,11893,436,0.032953726794125796,0.0012080908839013577
Autumn Term,202223,Regional,E92000001,England,E12000001,North East,,,Primary,181000,6581,362,0.036359116022099444,0.002
Autumn Term,202223,Regional,E92000001,England,E12000002,North West,,,Primary,481000,15541,538,0.03230977130977131,0.0011185031185031184
Autumn Term,202223,Regional,E92000001,England,E12000003,Yorkshire and The Humber,,,Primary,390500,11886,329,0.030437900128040974,0.0008425096030729833
Autumn Term,202223,Regional,E92000001,England,E12000004,East Midlands,,,Primary,180500,6037,230,0.03344598337950139,0.0012742382271468144
Autumn Term,202223,Regional,E92000001,England,E12000005,West Midlands,,,Primary,240700,7885,321,0.032758620689655175,0.001333610303282094
Autumn Term,202223,Regional,E92000001,England,E12000006,East of England,,,Primary,210500,7180,252,0.034109263657957245,0.0011971496437054633
Autumn Term,202223,Regional,E92000001,England,E12000007,London,,,Primary,571400,18654,679,0.03264613230661533,0.0011883094154707735
Autumn Term,202223,Regional,E92000001,England,E12000008,South East,,,Primary,390700,12646,423,0.03236754543127719,0.0010826721269516252
Autumn Term,202223,Regional,E92000001,England,E12000009,South West,,,Primary,420700,13455,392,0.03198241026859995,0.0009317803660565724
Autumn Term,202223,Regional,E92000001,England,E12000001,North East,,,Secondary,240800,7770,314,0.03226744186046512,0.0013039867109634552
Autumn Term,202223,Regional,E92000001,England,E12000002,North West,,,Secondary,540800,16482,513,0.03047707100591716,0.0009485946745562131
Autumn Term,202223,Regional,E92000001,England,E12000003,Yorkshire and The Humber,,,Secondary,330700,10911,342,0.03299364983368612,0.0010341699425461142
Autumn Term,202223,Regional,E92000001,England,E12000004,East Midlands,,,Secondary,150600,5024,213,0.03335989375830013,0.0014143426294820718
Autumn Term,202223,Regional,E92000001,England,E12000005,West Midlands,,,Secondary,240700,8377,316,0.0348026589115081,0.001312837557125052
Autumn Term,202223,Regional,E92000001,England,E12000006,East of England,,,Secondary,240400,7676,231,0.031930116472545754,0.0009608985024958403
Autumn Term,202223,Regional,E92000001,England,E12000007,London,,,Secondary,511600,17070,629,0.03336591086786552,0.0012294761532447224
Autumn Term,202223,Regional,E92000001,England,E12000008,South East,,,Secondary,390700,12918,407,0.03306373176350141,0.0010417199897619657
Autumn Term,202223,Regional,E92000001,England,E12000009,South West,,,Secondary,360900,11905,403,0.032986977001939595,0.001116652812413411
Autumn Term,202223,Regional,E92000001,England,E12000001,North East,,,Special,270700,9542,366,0.03524935352789065,0.001352050240118212
Autumn Term,202223,Regional,E92000001,England,E12000002,North West,,,Special,570700,18311,525,0.03208515857718591,0.0009199229016996671
Autumn Term,202223,Regional,E92000001,England,E12000003,Yorkshire and The Humber,,,Special,390500,12382,359,0.03170806658130602,0.0009193341869398208
Autumn Term,202223,Regional,E92000001,England,E12000004,East Midlands,,,Special,240300,7878,234,0.03278401997503121,0.0009737827715355805
Autumn Term,202223,Regional,E92000001,England,E12000005,West Midlands,,,Special,180900,6510,313,0.035986733001658375,0.001730237700386954
Autumn Term,202223,Regional,E92000001,England,E12000006,East of England,,,Special,210500,6910,255,0.032826603325415676,0.0012114014251781472
Autumn Term,202223,Regional,E92000001,England,E12000007,London,,,Special,601300,19278,667,0.032060535506402796,0.0011092632629303176
Autumn Term,202223,Regional,E92000001,England,E12000008,South East,,,Special,360800,12057,371,0.03341740576496674,0.001028270509977827
Autumn Term,202223,Regional,E92000001,England,E12000009,South West,,,Special,390800,12010,445,0.030731832139201637,0.001138689866939611
Autumn Term,202324,Regional,E92000001,England,E12000001,North East,,,Primary,240800,8228,297,0.03416943521594684,0.001233388704318937
Autumn Term,202324,Regional,E92000001,England,E12000002,North West,,,Primary,540800,17504,548,0.03236686390532544,0.0010133136094674555
Autumn Term,202324,Regional,E92000001,England,E12000003,Yorkshire and The Humber,,,Primary,300800,9939,372,0.03304188829787234,0.0012367021276595744
Autumn Term,202324,Regional,E92000001,England,E12000004,East Midlands,,,Primary,150600,5125,241,0.03403054448871182,0.001600265604249668
Autumn Term,202324,Regional,E92000001,England,E12000005,West Midlands,,,Primary,270600,9132,317,0.03374722838137472,0.0011714708056171472
Autumn Term,202324,Regional,E92000001,England,E12000006,East of England,,,Primary,180600,6257,245,0.03464562569213732,0.0013565891472868217
Autumn Term,202324,Regional,E92000001,England,E12000007,London,,,Primary,661100,20706,668,0.0313205263954016,0.001010437150204205
Autumn Term,202324,Regional,E92000001,England,E12000008,South East,,,Primary,241200,8582,391,0.0355804311774461,0.00162106135986733
Autumn Term,202324,Regional,E92000001,England,E12000009,South West,,,Primary,390800,12880,423,0.032958034800409416,0.0010823950870010235
Autumn Term,202324,Regional,E92000001,England,E12000001,North East,,,Secondary,210900,7426,320,0.03521100047415837,0.0015173067804646753
Autumn Term,202324,Regional,E92000001,England,E12000002,North West,,,Secondary,361400,12496,513,0.03457664637520753,0.0014194798007747648
Autumn Term,202324,Regional,E92000001,England,E12000003,Yorkshire and The Humber,,,Secondary,300800,9816,340,0.03263297872340425,0.0011303191489361701
Autumn Term,202324,Regional,E92000001,England,E12000004,East Midlands,,,Secondary,180500,6489,215,0.03595013850415513,0.0011911357340720222
Autumn Term,202324,Regional,E92000001,England,E12000005,West Midlands,,,Secondary,300500,9579,286,0.031876871880199664,0.0009517470881863561
Autumn Term,202324,Regional,E92000001,England,E12000006,East of England,,,Secondary,150700,5399,224,0.03582614465826145,0.0014863968148639683
Autumn Term,202324,Regional,E92000001,England,E12000007,London,,,Secondary,631200,20788,661,0.0329340937896071,0.001047211660329531
Autumn Term,202324,Regional,E92000001,England,E12000008,South East,,,Secondary,360800,11652,408,0.03229490022172949,0.001130820399113082
Autumn Term,202324,Regional,E92000001,England,E12000009,South West,,,Secondary,301100,9992,407,0.033184988375954835,0.0013517103952175357
Autumn Term,202324,Regional,E92000001,England,E12000001,North East,,,Special,270700,8914,323,0.03292944218692279,0.0011932028075360176
Autumn Term,202324,Regional,E92000001,England,E12000002,North West,,,Special,451100,15286,555,0.033886056306805586,0.0012303258700953226
Autumn Term,202324,Regional,E92000001,England,E12000003,Yorkshire and The Humber,,,Special,360600,11510,361,0.03191902384914032,0.0010011092623405436
Autumn Term,202324,Regional,E92000001,England,E12000004,East Midlands,,,Special,210400,6951,209,0.03303707224334601,0.0009933460076045628
Autumn Term,202324,Regional,E92000001,England,E12000005,West Midlands,,,Special,240700,7803,327,0.032417947652679684,0.0013585375986705443
Autumn Term,202324,Regional,E92000001,England,E12000006,East of England,,,Special,180600,6057,252,0.033538205980066446,0.0013953488372093023
Autumn Term,202324,Regional,E92000001,England,E12000007,London,,,Special,631200,20647,626,0.03271070975918885,0.0009917617237008873
Autumn Term,202324,Regional,E92000001,England,E12000008,South East,,,Special,271100,8901,408,0.03283290298782737,0.0015049797122832903
Autumn Term,202324,Regional,E92000001,England,E12000009,South West,,,Special,241300,8813,424,0.03652300041442188,0.0017571487774554497
Autumn Term,202425,Regional,E92000001,England,E12000001,North East,,,Primary,300600,9862,337,0.03280771789753826,0.0011210911510312709
Autumn Term,202425,Regional,E92000001,England,E12000002,North West,,,Primary,481000,15323,529,0.03185654885654886,0.0010997920997920998
Autumn Term,202425,Regional,E92000001,England,E12000003,Yorkshire and The Humber,,,Primary,390500,12137,338,0.03108066581306018,0.0008655569782330346
Autumn Term,202425,Regional,E92000001,England,E12000004,East Midlands,,,Primary,150600,5274,225,0.0350199203187251,0.00149402390438247
Autumn Term,202425,Regional,E92000001,England,E12000005,West Midlands,,,Primary,151000,5438,257,0.03601324503311258,0.0017019867549668874
Autumn Term,202425,Regional,E92000001,England,E12000006,East of England,,,Primary,240400,7285,230,0.030303660565723794,0.000956738768718802
Autumn Term,202425,Regional,E92000001,England,E12000007,London,,,Primary,571400,18133,663,0.03173433671683584,0.00116030801540077
Autumn Term,202425,Regional,E92000001,England,E12000008,South East,,,Primary,420600,13831,398,0.03288397527341892,0.0009462672372800761
Autumn Term,202425,Regional,E92000001,England,E12000009,South West,,,Primary,360900,11511,395,0.03189526184538653,0.0010944860072042116
Autumn Term,202425,Regional,E92000001,England,E12000001,North East,,,Secondary,300600,9901,323,0.03293745841650033,0.001074517631403859
Autumn Term,202425,Regional,E92000001,England,E12000002,North West,,,Secondary,421200,14052,516,0.03336182336182336,0.001225071225071225
Autumn Term,202425,Regional,E92000001,England,E12000003,Yorkshire and The Humber,,,Secondary,211100,7259,324,0.03438654666035054,0.0015348176219801043
Autumn Term,202425,Regional,E92000001,England,E12000004,East Midlands,,,Secondary,210400,6906,231,0.03282319391634981,0.0010979087452471484
Autumn Term,202425,Regional,E92000001,England,E12000005,West Midlands,,,Secondary,210800,7161,320,0.03397058823529412,0.0015180265654648956
Autumn Term,202425,Regional,E92000001,England,E12000006,East of England,,,Secondary,240400,7770,224,0.03232113144758735,0.0009317803660565724
Autumn Term,202425,Regional,E92000001,England,E12000007,London,,,Secondary,571400,18893,635,0.03306440322016101,0.001111305565278264
Autumn Term,202425,Regional,E92000001,England,E12000008,South East,,,Secondary,360800,11039,412,0.03059589800443459,0.0011419068736141908
Autumn Term,202425,Regional,E92000001,England,E12000009,South West,,,Secondary,360900,12040,430,0.033361041839844834,0.0011914657799944584
Autumn Term,202425,Regional,E92000001,England,E12000001,North East,,,Special,360400,11131,366,0.030885127635960043,0.0010155382907880133
Autumn Term,202425,Regional,E92000001,England,E12000002,North West,,,Special,540800,16706,528,0.030891272189349114,0.0009763313609467456
Autumn Term,202425,Regional,E92000001,England,E12000003,Yorkshire and The Humber,,,Special,360600,11391,334,0.03158901830282862,0.0009262340543538547
Autumn Term,202425,Regional,E92000001,England,E12000004,East Midlands,,,Special,180500,6083,226,0.033700831024930746,0.0012520775623268698
Autumn Term,202425,Regional,E92000001,England,E12000005,West Midlands,,,Special,210800,7001,297,0.03321157495256167,0.0014089184060721062
Autumn Term,202425,Regional,E92000001,England,E12000006,East of England,,,Special,240400,7371,222,0.030661397670549085,0.0009234608985024958
Autumn Term,202425,Regional,E92000001,England,E12000007,London,,,Special,720900,23038,661,0.03195727562768761,0.000916909418782078
Autumn Term,202425,Regional,E92000001,England,E12000008,South East,,,Special,330900,10572,450,0.03194922937443336,0.0013599274705349048
Autumn Term,202425,Regional,E92000001,England,E12000009,South West,,,Special,420700,13300,424,0.03161397670549085,0.0010078440694081293
Autumn Term,201819,Regional,E92000001,England,E12000001,North East,,,Total,961600,31616,915,0.032878535773710485,0.0009515391014975041
Autumn Term,201819,Regional,E92000001,England,E12000002,North West,,,Total,1173900,39278,1499,0.033459408808246015,0.0012769401141494165
Autumn Term,201819,Regional,E92000001,England,E12000003,Yorkshire and The Humber,,,Total,962200,32082,1122,0.03334234046975681,0.0011660777385159012
Autumn Term,201819,Regional,E92000001,England,E12000004,East Midlands,,,Total,661100,20641,647,0.03122220541521706,0.0009786719104522765
Autumn Term,201819,Regional,E92000001,England,E12000005,West Midlands,,,Total,752000,23831,865,0.03169015957446809,0.0011502659574468086
Autumn Term,201819,Regional,E92000001,England,E12000006,East of England,,,Total,541800,18364,753,0.033894425987449246,0.001389811738648948
Autumn Term,201819,Regional,E92000001,England,E12000007,London,,,Total,2013200,64729,1991,0.03215229485396384,0.0009889727796542817
Autumn Term,201819,Regional,E92000001,England,E12000008,South East,,,Total,1022600,33544,1192,0.03280265988656366,0.0011656561705456678
Autumn Term,201819,Regional,E92000001,England,E12000009,South West,,,Total,1172400,38098,1265,0.03249573524394404,0.0010789832821562608
Autumn Term,201920,Regional,E92000001,England,E12000001,North East,,,Total,812100,26724,942,0.03290727742888807,0.0011599556704839306
Autumn Term,201920,Regional,E92000001,England,E12000002,North West,,,Total,1383200,46679,1471,0.03374710815500289,0.001063475997686524
Autumn Term,201920,Regional,E92000001,England,E12000003,Yorkshire and The Humber,,,Total,962200,31114,1066,0.032336312616919556,0.0011078777800873
Autumn Term,201920,Regional,E92000001,England,E12000004,East Midlands,,,Total,511600,16114,660,0.031497263487099296,0.0012900703674745895
Autumn Term,201920,Regional,E92000001,England,E12000005,West Midlands,,,Total,752000,25401,941,0.033777925531914894,0.0012513297872340425
Autumn Term,201920,Regional,E92000001,England,E12000006,East of England,,,Total,631500,20566,715,0.032566904196357875,0.0011322248614410134
Autumn Term,201920,Regional,E92000001,England,E12000007,London,,,Total,1863700,60554,2008,0.032491280785534156,0.001077426624456726
Autumn Term,201920,Regional,E92000001,England,E12000008,South East,,,Total,1142200,37157,1192,0.032531080371213446,0.001043600070040273
Autumn Term,201920,Regional,E92000001,England,E12000009,South West,,,Total,933200,31280,1301,0.03351907415345049,0.001394127732533219
Autumn Term,202021,Regional,E92000001,England,E12000001,North East,,,Total,961600,30089,944,0.031290557404326125,0.0009816971713810317
Autumn Term,202021,Regional,E92000001,England,E12000002,North West,,,Total,1502800,47903,1580,0.03187583178067607,0.0010513707745541656
Autumn Term,202021,Regional,E92000001,England,E12000003,Yorkshire and The Humber,,,Total,1081800,34346,1091,0.03174893695692364,0.0010085043446108337
Autumn Term,202021,Regional,E92000001,England,E12000004,East Midlands,,,Total,631200,20804,639,0.03295944233206591,0.0010123574144486691
Autumn Term,202021,Regional,E92000001,England,E12000005,West Midlands,,,Total,901500,28045,885,0.03110926234054354,0.0009816971713810317
Autumn Term,202021,Regional,E92000001,England,E12000006,East of England,,,Total,691300,22107,717,0.03197888037031679,0.001037176334442355
Autumn Term,202021,Regional,E92000001,England,E12000007,London,,,Total,1744100,56982,2011,0.032671291783728,0.0011530302161573305
Autumn Term,202021,Regional,E92000001,England,E12000008,South East,,,Total,1082400,35026,1156,0.032359571322985954,0.0010679970436067998
Autumn Term,202021,Regional,E92000001,England,E12000009,South West,,,Total,1321900,42527,1288,0.0321711173311143,0.0009743550949391028
Autumn Term,202122,Regional,E92000001,England,E12000001,North East,,,Total,842000,27135,1031,0.03222684085510689,0.0012244655581947744
Autumn Term,202122,Regional,E92000001,England,E12000002,North West,,,Total,1353300,44090,1560,0.032579620187689354,0.0011527377521613833
Autumn Term,202122,Regional,E92000001,England,E12000003,Yorkshire and The Humber,,,Total,992100,31824,1112,0.03207741155125492,0.0011208547525451064
Autumn Term,202122,Regional,E92000001,England,E12000004,East Midlands,,,Total,720900,23206,695,0.03219031765848245,0.0009640726869191288
Autumn Term,202122,Regional,E92000001,England,E12000005,West Midlands,,,Total,752000,24356,851,0.032388297872340426,0.0011316489361702128
Autumn Term,202122,Regional,E92000001,England,E12000006,East of England,,,Total,691300,22489,725,0.032531462462028066,0.001048748734268769
Autumn Term,202122,Regional,E92000001,England,E12000007,London,,,Total,1863700,61091,1953,0.03277941728819016,0.0010479154370338574
Autumn Term,202122,Regional,E92000001,England,E12000008,South East,,,Total,1202000,39082,1199,0.03251414309484193,0.000997504159733777
Autumn Term,202122,Regional,E92000001,England,E12000009,South West,,,Total,1082700,36333,1301,0.03355777223607648,0.0012016255657153413
Autumn Term,202223,Regional,E92000001,England,E12000001,North East,,,Total,692500,23893,1042,0.03450252707581227,0.0015046931407942238
Autumn Term,202223,Regional,E92000001,England,E12000002,North West,,,Total,1592500,50334,1576,0.03160690737833595,0.0009896389324960753
Autumn Term,202223,Regional,E92000001,England,E12000003,Yorkshire and The Humber,,,Total,1111700,35179,1030,0.031644328505891876,0.0009265089502563641
Autumn Term,202223,Regional,E92000001,England,E12000004,East Midlands,,,Total,571400,18939,677,0.033144907245362266,0.0011848092404620231
Autumn Term,202223,Regional,E92000001,England,E12000005,West Midlands,,,Total,662300,22772,950,0.034383210025668125,0.0014343952891438924
Autumn Term,202223,Regional,E92000001,England,E12000006,East of England,,,Total,661400,21766,738,0.03290898094950106,0.0011158149380102811
Autumn Term,202223,Regional,E92000001,England,E12000007,London,,,Total,1684300,55002,1975,0.03265570266579588,0.0011725939559460903
Autumn Term,202223,Regional,E92000001,England,E12000008,South East,,,Total,1142200,37621,1201,0.032937313955524426,0.001051479600770443
Autumn Term,202223,Regional,E92000001,England,E12000009,South West,,,Total,1172400,37370,1240,0.0318747867621972,0.0010576595018764927
Autumn Term,202324,Regional,E92000001,England,E12000001,North East,,,Total,722400,24568,940,0.03400885935769657,0.001301218161683278
Autumn Term,202324,Regional,E92000001,England,E12000002,North West,,,Total,1353300,45286,1616,0.03346338579767975,0.001194118081726151
Autumn Term,202324,Regional,E92000001,England,E12000003,Yorkshire and The Humber,,,Total,962200,31265,1073,0.03249324464768239,0.001115152774890875
Autumn Term,202324,Regional,E92000001,England,E12000004,East Midlands,,,Total,541500,18565,665,0.034284395198522624,0.0012280701754385965
Autumn Term,202324,Regional,E92000001,England,E12000005,West Midlands,,,Total,811800,26514,930,0.032660753880266076,0.0011456023651145602
Autumn Term,202324,Regional,E92000001,England,E12000006,East of England,,,Total,511900,17713,721,0.03460246141824575,0.0014084782184020316
Autumn Term,202324,Regional,E92000001,England,E12000007,London,,,Total,1923500,62141,1955,0.03230621263322069,0.0010163763971926176
Autumn Term,202324,Regional,E92000001,England,E12000008,South East,,,Total,873100,29135,1207,0.033369602565570956,0.0013824304203413126
Autumn Term,202324,Regional,E92000001,England,E12000009,South West,,,Total,933200,31685,1254,0.033953064723531934,0.0013437633947706816
Autumn Term,202425,Regional,E92000001,England,E12000001,North East,,,Total,961600,30894,1026,0.032127703826955074,0.001066971713810316
Autumn Term,202425,Regional,E92000001,England,E12000002,North West,,,Total,1443000,46081,1573,0.031934164934164934,0.00109009009009009
Autumn Term,202425,Regional,E92000001,England,E12000003,Yorkshire and The Humber,,,Total,962200,30787,996,0.031996466431095404,0.0010351278320515486
Autumn Term,202425,Regional,E92000001,England,E12000004,East Midlands,,,Total,541500,18263,682,0.03372668513388735,0.0012594644506001846
Autumn Term,202425,Regional,E92000001,England,E12000005,West Midlands,,,Total,572600,19600,874,0.034229828850855744,0.0015263709395738735
Autumn Term,202425,Regional,E92000001,England,E12000006,East of England,,,Total,721200,22426,676,0.031095396561286744,0.00093732667775929
Autumn Term,202425,Regional,E92000001,England,E12000007,London,,,Total,1863700,60064,1959,0.032228362933948596,0.0010511348392981703
Autumn Term,202425,Regional,E92000001,England,E12000008,South East,,,Total,1112300,35442,1260,0.03186370583475681,0.001132787916928886
Autumn Term,202425,Regional,E92000001,England,E12000009,South West,,,Total,1142500,36851,1249,0.03225470459518599,0.0010932166301969365
Autumn Term,201819,National,E92000001,England,,,,,Primary,3366000,107713,3405,0.03200029708853238,0.0010115864527629234
Autumn Term,201819,National,E92000001,England,,,,,Secondary,2857700,95059,3435,0.033264163488119815,0.0012020156069566434
Autumn Term,201819,National,E92000001,England,,,,,Special,3037100,99411,3409,0.03273221164927068,0.0011224523394027196
Autumn Term,201920,National,E92000001,England,,,,,Primary,3395900,109968,3489,0.03238257899231426,0.0010274154127035543
Autumn Term,201920,National,E92000001,England,,,,,Secondary,2678300,90585,3377,0.03382182727849756,0.001260874435276108
Autumn Term,201920,National,E92000001,England,,,,,Special,2917500,95036,3430,0.03257446443873179,0.0011756640959725794
Autumn Term,202021,National,E92000001,England,,,,,Primary,3276300,106072,3488,0.03237554558495864,0.001064615572444526
Autumn Term,202021,National,E92000001,England,,,,,Secondary,3306200,105197,3421,0.03181809932853427,0.0010347226423083904
Autumn Term,202021,National,E92000001,England,,,,,Special,3336100,106560,3402,0.03194148856449147,0.001019753604508258
Autumn Term,202122,National,E92000001,England,,,,,Primary,3156700,103961,3438,0.03293344315265942,0.001089112047391263
Autumn Term,202122,National,E92000001,England,,,,,Secondary,3156700,102290,3465,0.03240409288180695,0.0010976652833655399
Autumn Term,202122,National,E92000001,England,,,,,Special,3186600,103355,3524,0.03243425594677713,0.0011058808761689575
Autumn Term,202223,National,E92000001,England,,,,,Primary,3067000,99865,3526,0.03256113465927617,0.0011496576459080535
Autumn Term,202223,National,E92000001,England,,,,,Secondary,3007200,98133,3368,0.03263268156424581,0.001119978717744081
Autumn Term,202223,National,E92000001,England,,,,,Special,3216500,104878,3535,0.03260624902844707,0.0010990206746463547
Autumn Term,202324,National,E92000001,England,,,,,Primary,2977300,98353,3502,0.03303429281563833,0.0011762335001511436
Autumn Term,202324,National,E92000001,England,,,,,Secondary,2797900,93637,3374,0.03346688587869474,0.001205904428321241
Autumn Term,202324,National,E92000001,England,,,,,Special,2857700,94882,3485,0.033202225566014626,0.0012195121951219512
Autumn Term,202425,National,E92000001,England,,,,,Primary,3067000,98794,3372,0.03221193348549071,0.0010994457124225627
Autumn Term,202425,National,E92000001,England,,,,,Secondary,2887600,95021,3415,0.032906566006372075,0.0011826430253497715
Autumn Term,202425,National,E92000001,England,,,,,Special,3366000,106593,3508,0.031667557932263814,0.0010421865715983362
Autumn Term,201819,National,E92000001,England,,,,,Total,9260800,302183,10249,0.03263033431237042,0.0011067078438147893
Autumn Term,201920,National,E92000001,England,,,,,Total,8991700,295589,10296,0.03287353893034688,0.0011450559960852786
Autumn Term,202021,National,E92000001,England,,,,,Total,9918600,317829,10311,0.0320437360111306,0.0010395620349646119
Autumn Term,202122,National,E92000001,England,,,,,Total,9500000,309606,10427,0.03259010526315789,0.001097578947368421
Autumn Term,202223,National,E92000001,England,,,,,Total,9290700,302876,10429,0.03259991173969669,0.0011225203698321978
Autumn Term,202324,National,E92000001,England,,,,,Total,8632900,286872,10361,0.033230084907736684,0.001200176070613583
Autumn Term,202425,National,E92000001,England,,,,,Total,9320600,300408,10295,0.03223054309808381,0.001104542626011201
